,Accident_Index_x,Location_Easting_OSGR,Location_Northing_OSGR,Longitude,Latitude,Police_Force,Accident_Severity,Number_of_Vehicles,Number_of_Casualties,Date,Day_of_Week,Time,Local_Authority_(District),Local_Authority_(Highway),1st_Road_Class,1st_Road_Number,Road_Type,Speed_limit,Junction_Detail,Junction_Control,2nd_Road_Class,2nd_Road_Number,Pedestrian_Crossing-Human_Control,Pedestrian_Crossing-Physical_Facilities,Light_Conditions,Weather_Conditions,Road_Surface_Conditions,Special_Conditions_at_Site,Carriageway_Hazards,Urban_or_Rural_Area,Did_Police_Officer_Attend_Scene_of_Accident,LSOA_of_Accident_Location,Accident_Index_y,Vehicle_Reference,Casualty_Reference,Casualty_Class,Sex_of_Casualty,Age_of_Casualty,Age_Band_of_Casualty,Casualty_Severity,Pedestrian_Location,Pedestrian_Movement,Car_Passenger,Bus_or_Coach_Passenger,Pedestrian_Road_Maintenance_Worker,Casualty_Type,Casualty_Home_Area_Type,city
1654492,201501PY20880,546850.0,167550.0,0.109092,51.387999,1,3,2,1,2015-12-20,1,12:33,19,E09000006,3,224,6,30,6,2,5,0,0,5,1,1,1,0,0,1,1,E01000722,201201MM70199,2,2,1,1,33,6,3,0,0,0,0,0,9,1,London
1654493,201501PY20882,538900.0,165140.0,-0.006028,51.368342,1,2,2,1,2015-12-26,7,10:30,19,E09000006,5,0,1,30,2,4,3,2022,0,0,1,1,1,0,0,2,1,E01000840,201201MM70201,2,1,1,1,39,7,3,0,0,0,0,0,4,1,London
1654503,201501PY20895,546100.0,167780.0,0.098416,51.390259,1,3,3,2,2015-12-24,5,06:10,19,E09000006,5,0,6,30,0,-1,-1,0,0,0,1,1,1,0,0,1,1,E01000733,201201MM70212,1,1,1,1,17,4,3,0,0,0,0,0,2,1,London
1654505,201501PY20899,538020.0,166010.0,-0.018324,51.376375,1,3,1,1,2015-12-29,3,14:05,19,E09000006,3,232,6,30,3,4,6,0,0,0,1,1,1,0,0,1,1,E01000835,201201MM70215,1,1,1,1,51,8,3,0,0,0,0,0,9,3,London
1654507,201501PY20901,539820.0,169980.0,0.009084,51.411609,1,3,2,1,2015-12-28,2,15:30,19,E09000006,3,21,6,30,3,4,6,0,0,0,1,1,1,0,0,1,1,E01000674,201201MM70218,1,1,3,2,16,4,3,5,1,0,0,2,0,1,London
1654508,201501PY20902,547090.0,164930.0,0.111455,51.364395,1,3,2,1,2015-12-30,4,18:20,19,E09000006,3,224,6,30,3,4,6,0,0,0,1,1,1,0,0,1,1,E01000786,201201MM70219,1,1,2,2,58,9,3,0,0,0,2,0,11,1,London
1654509,201501PY20904,540610.0,169450.0,0.020226,51.406652,1,3,1,1,2015-12-27,1,13:43,19,E09000006,3,222,6,30,3,4,6,0,0,0,1,1,1,0,0,1,1,E01000825,201201MM70220,2,1,1,1,25,5,2,0,0,0,0,0,3,1,London
1654510,201501PY20906,544020.0,170660.0,0.06971,51.416669,1,3,2,1,2015-12-23,4,17:10,19,E09000006,4,263,1,30,2,4,6,0,0,0,1,1,1,0,0,1,1,E01000696,201201MM70222,1,1,1,1,24,5,3,0,0,0,0,0,1,1,London
1654516,201501PY29032,538170.0,171370.0,-0.014084,51.424504,1,3,2,1,2015-12-29,3,15:21,7,E09000023,3,2015,6,30,6,4,6,0,0,0,1,1,1,0,0,1,1,E01003241,201201MM70228,2,1,1,2,33,6,3,0,0,0,0,0,1,-1,London
1654518,201501PY29054,540270.0,169410.0,0.015325,51.406376,1,3,1,1,2015-12-22,3,13:58,19,E09000006,3,2212,2,30,3,4,3,2212,0,1,1,1,1,0,0,1,1,E01000676,201201MM70230,1,1,1,1,48,8,3,0,0,0,0,0,9,1,London
1654944,201501QA10525,516950.0,193600.0,-0.311765,51.629069,1,3,2,1,2015-12-21,2,22:00,29,E09000015,5,0,6,30,8,4,6,0,0,0,4,1,2,0,0,2,1,E01002114,201201MM70679,1,1,3,1,24,5,3,1,1,0,0,2,0,-1,London
1654961,201501QA19003,517510.0,192590.0,-0.304016,51.619875,1,3,1,1,2015-12-21,2,18:58,29,E09000015,6,0,6,30,9,4,3,410,0,0,4,2,2,0,0,1,1,E01002112,201201MM70698,1,1,1,1,31,6,3,0,0,0,0,0,9,1,London
1654962,201501QA19004,513780.0,188590.0,-0.359167,51.58469,1,3,2,2,2015-12-26,7,11:46,29,E09000015,3,404,6,30,8,4,6,0,0,0,1,1,1,0,0,1,1,E01002161,201201MM70698,2,2,1,1,55,8,3,0,0,0,0,0,9,1,London
1654965,201501QA19009,517940.0,192700.0,-0.297771,51.620774,1,3,4,1,2015-12-21,2,07:50,29,E09000015,3,410,6,30,5,4,6,0,0,0,1,1,1,0,0,1,1,E01002112,201201MM70701,1,1,1,1,31,6,3,0,0,0,0,0,3,1,London
1654969,201501QA19020,514830.0,192630.0,-0.342697,51.620787,1,3,2,2,2015-12-22,3,09:05,29,E09000015,3,409,6,30,6,2,5,0,0,0,1,1,1,0,0,1,1,E01002144,201201MM70705,1,1,1,1,23,5,2,0,0,0,0,0,1,1,London
1654970,201501QA19022,515290.0,188650.0,-0.337362,51.584923,1,3,3,3,2015-12-23,4,19:45,29,E09000015,5,0,6,30,0,-1,-1,0,0,0,4,1,1,0,0,1,1,E01002128,201201MM70706,2,1,1,1,59,9,3,0,0,0,0,0,5,2,London
1654972,201501QA19025,512960.0,187220.0,-0.371437,51.572542,1,3,2,1,2015-12-22,3,01:00,29,E09000015,3,4090,6,30,6,4,6,0,0,1,4,1,1,0,0,1,1,E01002204,201201MM70708,2,1,1,1,46,8,3,0,0,0,0,0,1,-1,London
1654976,201501QA19044,512800.0,191180.0,-0.372473,51.608165,1,3,1,1,2015-12-21,2,07:00,29,E09000015,3,410,2,30,0,-1,-1,0,0,0,4,1,2,0,0,1,1,E01002150,201201MM70712,2,1,2,2,22,5,3,0,0,1,0,0,9,1,London
1654979,201501QA19063,517940.0,185050.0,-0.300339,51.55202,1,3,2,1,2015-12-21,2,15:20,28,E09000005,3,404,6,30,3,4,6,0,0,0,1,1,1,0,0,1,1,E01000634,201201MM70716,1,1,1,1,56,9,3,0,0,0,0,0,19,1,London
1655781,201501QK50949,519620.0,189900.0,-0.27447,51.595255,1,3,1,1,2015-12-25,6,11:20,28,E09000005,5,0,1,30,1,4,6,0,0,0,1,1,1,0,0,1,1,E01000593,201201PL60452,1,1,2,2,61,9,3,0,0,0,4,0,11,1,London
1655782,201501QK50950,518070.0,185050.0,-0.298465,51.551993,1,3,2,1,2015-12-29,3,00:21,28,E09000005,3,404,6,30,0,-1,-1,0,0,0,4,2,2,0,0,1,1,E01000633,201201PL60453,1,1,1,2,45,7,3,0,0,0,0,0,9,1,London
1655786,201501QK50954,516070.0,187900.0,-0.326357,51.578022,1,3,2,1,2015-12-20,1,16:30,28,E09000005,3,404,1,30,1,4,3,404,0,0,4,1,1,0,0,1,2,E01000568,201201PL60457,1,1,1,1,72,10,3,0,0,0,0,0,9,1,London
1655792,201501QK50960,518150.0,183300.0,-0.297898,51.536249,1,3,2,1,2015-12-28,2,19:47,28,E09000005,3,4005,6,30,3,4,6,0,0,0,4,1,1,0,0,1,2,E01000472,201201PL60462,1,1,1,2,24,5,3,0,0,0,0,0,9,1,London
1655798,201501QK50967,518890.0,185380.0,-0.286532,51.554787,1,2,1,2,2015-12-30,4,00:24,28,E09000005,4,4565,6,30,6,2,4,4557,0,5,4,2,2,0,0,1,1,E01000616,201201PL60469,1,1,1,2,30,6,3,0,0,0,0,0,9,1,London
1655799,201501QK50968,520370.0,186540.0,-0.264798,51.564899,1,3,2,1,2015-12-23,4,17:54,28,E09000005,6,0,6,30,8,4,6,0,0,0,7,9,1,0,0,1,1,E01000483,201201PL60470,1,1,1,2,40,7,3,0,0,0,0,0,8,1,London
1655807,201501QK50976,517960.0,183680.0,-0.300509,51.539703,1,3,1,1,2015-12-29,3,08:49,28,E09000005,3,4005,3,30,3,2,3,4089,0,5,1,1,2,0,0,1,1,E01000472,201201PL60477,1,1,2,1,56,9,3,0,0,0,3,0,11,-1,London
1655812,201501QK50983,519930.0,182880.0,-0.272389,51.532099,1,3,2,1,2015-12-23,4,17:30,28,E09000005,5,0,6,30,3,4,6,0,0,0,4,1,1,0,0,1,1,E01000600,201201PL60480,1,3,2,1,19,4,3,0,0,2,0,0,9,1,London
1655813,201501QK50984,519010.0,186220.0,-0.284518,51.562311,1,2,1,1,2015-12-24,5,14:43,28,E09000005,6,0,6,30,3,4,6,0,0,0,1,1,1,0,0,1,1,E01000578,201201PL60480,1,4,2,1,21,5,3,0,0,1,0,0,9,-1,London
1655814,201501QK50985,519170.0,188680.0,-0.281377,51.584386,1,3,1,1,2015-12-28,2,11:30,28,E09000005,3,4140,6,30,1,4,3,4140,0,1,1,1,1,0,0,1,1,E01000543,201201PL60480,1,5,2,1,18,4,3,0,0,2,0,0,9,1,London
1655819,201501QK50992,516830.0,185400.0,-0.316225,51.555397,1,3,2,2,2015-12-30,4,23:00,28,E09000005,3,404,6,30,3,4,6,0,0,0,4,1,1,0,0,1,2,E01000608,201201PL60485,2,1,1,1,30,6,3,0,0,0,0,0,9,1,London
1655820,201501QK50993,517020.0,185080.0,-0.313592,51.552481,1,3,2,1,2015-12-27,1,18:00,28,E09000005,3,404,1,30,1,4,3,4005,0,0,1,1,1,0,0,1,2,E01000608,201201PL60486,2,2,1,1,36,7,3,0,0,0,0,0,9,1,London
1655822,201501QK50996,520030.0,190590.0,-0.268318,51.601369,1,2,1,1,2015-12-22,3,10:45,30,E09000003,3,5,6,30,3,4,6,0,0,0,1,1,1,0,0,1,1,E01000129,201201PL60486,3,3,2,2,35,6,3,0,0,2,0,0,9,1,London
1655823,201501QK50997,518330.0,184100.0,-0.295036,51.543401,1,2,1,1,2015-12-25,6,23:00,28,E09000005,6,0,6,30,3,4,6,0,0,0,4,1,2,0,0,1,1,E01000473,201201PL60487,2,1,1,2,26,6,3,0,0,0,0,0,9,1,London
1655824,201501QK59001,520560.0,186470.0,-0.262082,51.564229,1,3,2,1,2015-12-22,3,07:20,28,E09000005,3,4088,6,30,3,2,6,0,0,5,4,1,2,0,0,1,1,E01000625,201201PL60487,2,2,2,1,28,6,3,0,0,1,0,0,9,1,London
1655826,201501QK59010,522760.0,185520.0,-0.230691,51.555217,1,3,1,1,2015-12-26,7,00:10,28,E09000005,5,0,1,30,2,4,5,0,0,0,4,1,1,0,0,1,1,E01000555,201201PL60489,2,1,2,2,7,2,3,0,0,0,4,0,11,1,London
1655830,201501QK59019,522930.0,184620.0,-0.228554,51.547092,1,3,2,1,2015-12-21,2,13:53,28,E09000005,3,407,6,30,0,-1,-1,0,0,5,1,1,1,0,0,1,1,E01000642,201201PL60493,1,1,2,1,71,10,3,0,0,0,4,0,11,1,London
1655835,201501QK59030,521170.0,183880.0,-0.254178,51.540822,1,3,2,1,2015-12-24,5,08:29,28,E09000005,3,404,6,30,3,4,6,0,0,0,1,1,1,0,0,1,1,E01000521,201201PL60497,1,1,1,1,26,6,3,0,0,0,0,0,1,1,London
1656436,201501RG40745,546180.0,177670.0,0.103644,51.479105,1,3,1,1,2015-12-21,2,17:30,6,E09000011,3,209,6,30,6,2,5,0,0,5,1,1,1,0,0,1,1,E01001669,201201PY20225,2,1,1,2,47,8,3,0,0,0,0,0,9,1,London
1656437,201501RG40746,540100.0,176880.0,0.015836,51.473544,1,3,2,2,2015-12-22,3,11:07,6,E09000011,4,212,6,30,6,2,3,2,0,5,1,1,1,0,0,1,1,E01003200,201201PY20226,1,1,1,2,-1,-1,3,0,0,0,0,0,1,-1,London
1656438,201501RG40747,537630.0,176820.0,-0.019728,51.47361,1,3,2,2,2015-12-22,3,18:19,6,E09000011,3,2,6,30,3,4,6,0,0,0,1,1,1,0,0,1,1,E01001644,201201PY20227,1,1,1,1,62,9,3,0,0,0,0,0,9,-1,London
1656439,201501RG40748,538750.0,177880.0,-0.003197,51.482862,1,3,2,1,2015-12-23,4,15:33,6,E09000011,3,206,6,30,6,2,6,0,0,5,1,1,1,0,0,1,1,E01001641,201201PY20228,2,1,1,1,45,7,3,0,0,0,0,0,9,-1,London
1656442,201501RG40753,542020.0,173490.0,0.042102,51.442603,1,3,1,1,2015-12-30,4,20:15,6,E09000011,6,0,6,30,3,4,6,0,0,0,4,1,1,0,0,1,1,E01001655,201201PY20230,1,1,2,2,14,3,3,0,0,1,0,0,9,1,London
1656446,201501RG40758,543310.0,178620.0,0.062729,51.488375,1,3,2,1,2015-12-25,6,14:45,6,E09000011,4,210,6,30,6,2,3,205,0,5,1,1,1,0,0,1,1,E01001699,201201PY20235,1,1,3,2,37,7,3,5,1,0,0,2,0,-1,London
1656448,201501RG40762,541600.0,174650.0,0.036527,51.453132,1,3,3,2,2015-12-21,2,09:30,6,E09000011,3,205,1,30,1,4,3,210,0,0,1,1,1,0,0,1,1,E01001661,201201PY20236,1,2,2,1,18,4,3,0,0,2,0,0,9,-1,London
1656449,201501RG40764,542220.0,175380.0,0.045737,51.459537,1,3,1,1,2015-12-26,7,14:20,6,E09000011,6,0,6,30,0,-1,-1,0,0,0,1,1,1,0,0,1,1,E01001625,201201PY20236,1,3,2,1,17,4,3,0,0,2,0,0,9,-1,London
1656450,201501RG40768,543150.0,172240.0,0.057846,51.431087,1,2,2,1,2015-12-29,3,18:30,6,E09000011,6,0,6,30,3,4,6,0,0,0,1,1,1,0,0,1,2,E01001599,201201PY20237,1,1,3,1,22,5,3,5,3,0,0,2,0,1,London
1656454,201501RG40772,543430.0,173980.0,0.062575,51.446652,1,3,2,1,2015-12-22,3,16:30,6,E09000011,3,211,6,30,3,4,6,0,0,0,1,1,1,0,0,1,1,E01001613,201201PY20239,1,2,2,2,4,1,3,0,0,1,0,0,9,1,London
1656461,201501RG40785,540150.0,178280.0,0.017111,51.486112,1,3,1,1,2015-12-30,4,09:00,6,E09000011,6,0,6,30,0,-1,-1,0,0,0,1,1,1,0,0,1,1,E01033738,201201PY20245,1,2,2,1,26,6,3,0,0,1,0,0,9,-1,London
1656469,201501RG49047,542580.0,174990.0,0.050759,51.455942,1,3,2,1,2015-12-27,1,16:35,6,E09000011,3,208,6,30,3,4,6,0,0,0,1,1,1,0,0,1,1,E01001621,201201PY20250,2,1,1,2,23,5,3,0,0,0,0,0,9,1,London
1656470,201501RG49056,539410.0,179340.0,0.006878,51.495819,1,3,2,1,2015-12-28,2,18:45,6,E09000011,6,0,6,30,3,4,6,0,0,0,1,1,1,0,0,1,1,E01001667,201201PY20251,1,1,1,1,23,5,3,0,0,0,0,0,9,1,London
1656471,201501RG49057,546570.0,179540.0,0.110031,51.495807,1,3,1,1,2015-12-29,3,09:35,6,E09000011,6,0,6,30,0,-1,-1,0,0,0,1,1,1,0,0,1,1,E01001576,201201PY20252,2,1,1,2,32,6,3,0,0,0,0,0,9,-1,London
1656482,201501RG49115,540910.0,174620.0,0.026591,51.453035,1,3,2,1,2015-12-30,4,17:06,6,E09000011,3,20,6,30,0,-1,-1,0,0,0,1,1,1,0,0,1,1,E01001659,201201PY20263,1,1,3,1,59,9,3,5,3,0,0,2,0,1,London
1656494,201501RG49750,546900.0,178340.0,0.114283,51.484939,1,3,1,1,2015-12-26,7,18:45,6,E09000011,6,0,6,30,0,-1,-1,0,0,0,1,1,1,0,0,1,1,E01001574,201201PY20275,1,1,1,2,-1,-1,3,0,0,0,0,0,9,1,London
1656915,201501RY10488,547370.0,170970.0,0.117979,51.418595,1,3,1,1,2015-12-20,1,11:15,18,E09000004,3,211,6,30,6,2,3,211,0,5,1,1,1,0,0,1,1,E01000385,201201PY20671,1,1,1,1,40,7,3,0,0,0,0,0,9,1,London
1656920,201501RY10494,549580.0,178360.0,0.15286,51.484417,1,3,2,1,2015-12-24,5,21:00,18,E09000004,3,206,6,30,3,4,6,0,0,0,4,1,1,0,0,1,1,E01000402,201201PY20677,1,1,1,1,-1,-1,3,0,0,0,0,0,9,3,London
1656921,201501RY10495,545080.0,175740.0,0.087023,51.462046,1,3,2,2,2015-12-24,5,13:52,18,E09000004,3,209,6,30,0,-1,-1,0,0,0,1,1,1,0,0,1,1,E01000396,201201PY20678,1,1,1,2,40,7,3,0,0,0,0,0,9,1,London
1656923,201501RY10497,548480.0,175370.0,0.135774,51.457841,1,3,1,5,2015-12-21,2,12:44,18,E09000004,3,207,6,30,3,4,6,0,0,4,1,1,1,0,0,1,1,E01000360,201201PY20678,3,3,1,1,40,7,3,0,0,0,0,0,9,1,London
1656928,201501RY10511,548850.0,175150.0,0.141003,51.455767,1,3,1,1,2015-12-28,2,00:08,18,E09000004,6,0,6,30,3,4,6,0,0,0,4,1,1,0,0,1,1,E01000360,201201PY20683,1,1,1,1,37,7,3,0,0,0,0,0,3,1,London
1656931,201501RY19010,547650.0,175550.0,0.123911,51.459675,1,3,2,1,2015-12-30,4,12:16,18,E09000004,3,207,6,30,3,2,3,221,0,5,1,1,1,0,0,1,1,E01000389,201201PY20685,1,1,1,1,-1,-1,3,0,0,0,0,0,10,-1,London
1656932,201501RY19024,551570.0,177150.0,0.180979,51.473016,1,3,1,1,2015-12-22,3,15:34,18,E09000004,3,206,3,30,0,-1,-1,0,0,4,1,1,1,0,0,1,1,E01000367,201201PY20685,1,2,2,1,-1,-1,3,0,0,0,0,0,10,-1,London
1656933,201501RY19032,549730.0,174290.0,0.153296,51.447808,1,3,2,1,2015-12-27,1,14:20,18,E09000004,3,2,3,50,0,-1,-1,0,0,0,1,1,1,0,0,1,2,E01000364,201201PY20685,1,3,2,1,-1,-1,3,0,0,0,0,0,10,-1,London
1657876,201501SX21182,524270.0,188150.0,-0.207992,51.578523,1,3,1,1,2015-12-22,3,22:03,30,E09000003,3,502,6,30,0,-1,-1,0,0,0,4,2,2,0,0,1,1,E01000218,201201QK50400,1,1,1,1,60,9,3,0,0,0,0,0,9,1,London
1657895,201501SX21203,522420.0,189710.0,-0.234134,51.592947,1,3,2,1,2015-12-22,3,15:10,30,E09000003,3,41,3,50,3,2,5,0,0,5,1,1,1,0,0,1,2,E01000239,201201QK50420,1,1,1,2,25,5,3,0,0,0,0,0,9,1,London
1657896,201501SX21204,521530.0,192150.0,-0.24613,51.615068,1,3,2,2,2015-12-20,1,20:49,30,E09000003,3,5100,6,30,0,-1,-1,0,0,0,4,1,2,0,0,1,1,E01000264,201201QK50421,2,1,1,1,30,6,3,0,0,0,0,0,2,1,London
1657899,201501SX21207,525730.0,192040.0,-0.185541,51.613158,1,3,1,1,2015-12-24,5,14:58,30,E09000003,5,0,6,30,6,4,5,0,0,0,1,1,2,0,0,1,1,E01000301,201201QK50425,1,1,1,1,44,7,3,0,0,0,0,0,4,1,London
1657908,201501SX21216,522930.0,188570.0,-0.227174,51.582591,1,3,2,1,2015-12-27,1,10:30,30,E09000003,3,41,3,40,6,2,5,0,0,5,1,1,1,0,0,1,2,E01000310,201201QK50435,2,1,1,2,-1,-1,3,0,0,0,0,0,1,-1,London
1657909,201501SX21217,524740.0,189400.0,-0.20077,51.589653,1,3,2,1,2015-12-22,3,12:26,30,E09000003,3,406,3,50,0,-1,-1,0,0,0,1,1,1,0,0,1,1,E01000225,201201QK50436,2,1,1,2,43,7,3,0,0,0,0,0,9,1,London
1657916,201501SX21224,527280.0,189450.0,-0.164107,51.589534,1,3,4,2,2015-12-22,3,13:29,30,E09000003,3,504,6,30,6,2,3,1000,0,5,1,1,1,0,0,1,1,E01000181,201201QK50441,1,1,3,2,56,9,3,5,1,0,0,2,0,1,London
1657921,201501SX21229,522630.0,187250.0,-0.231962,51.570793,1,3,2,1,2015-12-24,5,22:57,30,E09000003,3,5,1,30,1,2,3,406,0,0,4,1,1,0,0,1,1,E01000223,201201QK50446,1,1,1,1,46,8,3,0,0,0,0,0,9,1,London
1657922,201501SX21231,526360.0,194170.0,-0.17568,51.632159,1,3,3,1,2015-12-30,4,22:19,30,E09000003,3,1000,6,30,0,-1,-1,0,0,4,4,2,2,0,0,1,1,E01000281,201201QK50446,2,2,1,1,-1,-1,3,0,0,0,0,0,9,1,London
1657923,201501SX21232,526150.0,190240.0,-0.180125,51.596888,1,3,1,1,2015-12-27,1,23:00,30,E09000003,3,406,3,40,0,-1,-1,0,0,0,4,1,2,0,0,1,1,E01000176,201201QK50447,1,1,3,1,32,6,3,5,1,0,0,2,0,-1,London
1657924,201501SX21234,528290.0,191160.0,-0.148911,51.604673,1,3,2,1,2015-12-24,5,12:20,30,E09000003,4,550,6,30,3,4,6,0,0,0,1,9,1,0,0,1,1,E01000164,201201QK50448,2,1,1,1,19,4,3,0,0,0,0,0,1,1,London
1657925,201501SX21235,524540.0,187840.0,-0.204208,51.575677,1,3,2,1,2015-12-22,3,18:45,30,E09000003,3,502,6,30,3,4,6,0,0,1,4,2,2,0,0,1,1,E01000220,201201QK50449,2,1,1,1,34,6,3,0,0,0,0,0,9,1,London
1657926,201501SX21236,525980.0,192530.0,-0.181756,51.617506,1,3,1,1,2015-12-26,7,13:33,30,E09000003,6,0,6,30,3,4,6,0,0,0,1,1,1,0,0,1,1,E01000277,201201QK50449,2,2,2,1,22,5,3,0,0,1,0,0,9,-1,London
1657929,201501SX21241,523610.0,187920.0,-0.217593,51.576601,1,3,2,1,2015-12-27,1,17:15,30,E09000003,3,41,7,30,5,4,3,41,0,0,4,8,2,0,0,1,2,E01000219,201201QK50452,1,1,2,1,30,6,3,0,0,1,0,0,9,3,London
1657932,201501SX21248,525910.0,193980.0,-0.182246,51.630552,1,2,1,1,2015-12-23,4,17:09,30,E09000003,3,5109,6,30,6,4,3,5109,0,1,1,1,1,0,0,1,1,E01000280,201201QK50456,1,1,1,2,45,7,3,0,0,0,0,0,9,-1,London
1657943,201501SX29032,524190.0,191230.0,-0.208057,51.60622,1,3,2,1,2015-12-29,3,21:53,30,E09000003,4,552,6,30,1,4,5,0,0,4,4,1,1,0,0,1,1,E01000257,201201QK50465,1,1,1,1,35,6,3,0,0,0,0,0,2,1,London
1657948,201501SX29088,522010.0,187960.0,-0.240657,51.577308,1,3,2,1,2015-12-22,3,15:10,30,E09000003,3,504,2,30,3,4,3,504,0,0,1,1,1,0,0,1,1,E01000308,201201QK50472,1,1,1,1,30,6,3,0,0,0,0,0,1,1,London
1657964,201501SX29241,523340.0,189120.0,-0.221066,51.587444,1,2,1,1,2015-12-24,5,16:30,30,E09000003,3,502,6,30,0,-1,-1,0,0,0,4,1,1,0,0,1,1,E01000245,201201QK50489,2,1,1,1,27,6,3,0,0,0,0,0,1,1,London
1658099,201501TD00160,522770.0,187520.0,-0.229849,51.573189,1,1,1,1,2015-12-22,3,19:00,30,E09000003,1,1,3,70,1,4,3,406,0,0,4,5,2,0,0,1,1,E01000307,201201QK50619,1,1,2,1,17,4,3,0,0,2,0,0,9,-1,London
1658100,201501TD00161,522500.0,187200.0,-0.233854,51.570372,1,1,1,1,2015-12-28,2,02:00,28,E09000005,3,406,3,40,0,-1,-1,0,0,0,4,1,1,0,0,1,1,E01000499,201201QK50620,2,1,1,2,50,8,3,0,0,0,0,0,9,1,London
1658101,201501TD00162,528720.0,161480.0,-0.153506,51.337846,1,1,2,3,2015-12-30,4,17:39,21,E09000029,3,2022,6,40,0,-1,-1,0,0,0,6,8,2,0,0,1,1,E01004108,201201QK50621,2,1,1,1,30,6,3,0,0,0,0,0,2,1,London
1658468,201501TW60426,515640.0,170970.0,-0.338104,51.425949,1,3,1,1,2015-12-21,2,10:29,24,E09000027,3,313,6,30,3,4,6,0,0,0,1,1,1,0,0,1,1,E01003888,201201RG40179,2,2,1,1,43,7,3,0,0,0,0,0,9,-1,London
1658472,201501TW60430,516600.0,171320.0,-0.324187,51.428899,1,3,2,1,2015-12-30,4,20:52,24,E09000027,3,310,6,30,6,2,3,313,0,5,4,2,2,0,0,1,1,E01003891,201201RG40183,1,1,1,2,23,5,3,0,0,0,0,0,9,1,London
1658476,201501TW60435,512990.0,172270.0,-0.375789,51.438168,1,3,2,1,2015-12-22,3,09:45,25,E09000018,3,316,7,30,0,-1,-1,0,0,0,1,1,2,0,0,1,1,E01002605,201201RG40186,1,1,1,2,29,6,3,0,0,0,0,0,9,1,London
1658480,201501TW69001,512680.0,173560.0,-0.379837,51.449824,1,3,2,2,2015-12-28,2,18:45,24,E09000027,5,0,6,30,3,4,3,314,0,0,4,1,1,0,0,1,1,E01003841,201201RG40191,1,1,1,1,26,6,3,0,0,0,0,0,9,1,London
1659269,201501TX20947,514040.0,176900.0,-0.359197,51.479571,1,3,2,1,2015-12-20,1,11:20,25,E09000018,3,4,3,30,8,4,6,0,0,0,1,1,1,0,0,1,1,E01002630,201201RY10272,1,1,1,1,43,7,3,0,0,0,0,0,9,-1,London
1659270,201501TX20949,514860.0,177160.0,-0.34731,51.481742,1,3,1,1,2015-12-21,2,14:45,25,E09000018,3,4,6,30,6,2,3,4,0,5,1,1,1,0,0,1,1,E01002680,201201RY10273,1,1,1,2,19,4,3,0,0,0,0,0,9,1,London
1659272,201501TX20951,515690.0,177730.0,-0.335176,51.486696,1,3,2,1,2015-12-20,1,19:10,25,E09000018,4,454,6,30,0,-1,-1,0,0,0,4,1,1,0,0,1,1,E01002678,201201RY10274,2,1,1,2,41,7,3,0,0,0,0,0,9,1,London
1659273,201501TX20952,512730.0,172120.0,-0.379576,51.436871,1,3,2,1,2015-12-21,2,18:30,25,E09000018,3,312,3,30,0,-1,-1,0,0,1,4,2,2,0,0,1,1,E01002605,201201RY10275,1,1,1,2,48,8,3,0,0,0,0,0,9,1,London
1659277,201501TX20956,521910.0,178620.0,-0.24533,51.49339,1,3,2,1,2015-12-22,3,22:33,11,E09000013,3,315,6,30,6,2,3,402,0,5,4,2,2,0,0,1,1,E01002575,201201RY10281,2,1,1,1,20,4,3,0,0,0,0,0,1,1,London
1659287,201501TX20968,509270.0,173910.0,-0.428781,51.453637,1,3,1,1,2015-12-24,5,12:48,25,E09000018,3,315,6,30,3,4,6,0,0,0,1,1,1,0,0,1,1,E01002558,201201RY10291,2,1,1,2,32,6,3,0,0,0,0,0,9,1,London
1659293,201501TX20975,509520.0,172080.0,-0.42575,51.437141,1,3,2,1,2015-12-22,3,14:05,25,E09000018,3,244,6,30,6,4,4,377,0,0,1,1,1,0,0,1,1,E01002601,201201RY10300,1,1,2,2,17,4,3,0,0,1,0,0,9,1,London
1659294,201501TX20976,513130.0,174430.0,-0.373086,51.457554,1,3,2,1,2015-12-24,5,16:28,25,E09000018,3,3063,6,30,0,-1,-1,0,0,0,4,1,2,0,0,1,1,E01002652,201201RY10301,1,1,1,1,19,4,3,0,0,0,0,0,3,1,London
1659296,201501TX20978,512840.0,172060.0,-0.378013,51.43631,1,3,2,1,2015-12-21,2,15:00,25,E09000018,3,316,1,30,1,4,3,312,0,0,1,1,1,0,0,1,2,E01002605,201201RY10303,1,1,1,2,41,7,3,0,0,0,0,0,9,1,London
1659300,201501TX20984,510660.0,177300.0,-0.407724,51.483837,1,3,2,1,2015-12-30,4,22:40,25,E09000018,3,312,3,40,6,2,5,0,0,5,4,2,2,0,0,1,1,E01002583,201201RY10306,3,2,1,1,56,9,3,0,0,0,0,0,9,1,London