,Accident_Index_x,Location_Easting_OSGR,Location_Northing_OSGR,Longitude,Latitude,Police_Force,Accident_Severity,Number_of_Vehicles,Number_of_Casualties,Date,Day_of_Week,Time,Local_Authority_(District),Local_Authority_(Highway),1st_Road_Class,1st_Road_Number,Road_Type,Speed_limit,Junction_Detail,Junction_Control,2nd_Road_Class,2nd_Road_Number,Pedestrian_Crossing-Human_Control,Pedestrian_Crossing-Physical_Facilities,Light_Conditions,Weather_Conditions,Road_Surface_Conditions,Special_Conditions_at_Site,Carriageway_Hazards,Urban_or_Rural_Area,Did_Police_Officer_Attend_Scene_of_Accident,LSOA_of_Accident_Location,Accident_Index_y,Vehicle_Reference,Casualty_Reference,Casualty_Class,Sex_of_Casualty,Age_of_Casualty,Age_Band_of_Casualty,Casualty_Severity,Pedestrian_Location,Pedestrian_Movement,Car_Passenger,Bus_or_Coach_Passenger,Pedestrian_Road_Maintenance_Worker,Casualty_Type,Casualty_Home_Area_Type,city
1659302,201501TX20986,513320.0,174620.0,-0.370291,51.459224,1,3,2,1,2015-12-30,4,01:20,25,E09000018,3,314,6,30,3,4,6,0,0,0,4,1,2,0,0,1,1,E01002652,201201RY10308,2,1,1,1,21,5,3,0,0,0,0,0,1,1,London
1659303,201501TX20987,513840.0,174780.0,-0.362758,51.460557,1,3,2,1,2015-12-24,5,19:00,25,E09000018,4,361,6,30,3,4,6,0,0,1,4,1,1,0,0,1,2,E01002657,201201RY10310,2,1,1,1,11,3,3,0,0,0,0,0,1,1,London
1659306,201501TX20991,516080.0,177320.0,-0.329697,51.482932,1,3,1,1,2015-12-24,5,20:15,25,E09000018,3,4,3,40,0,-1,-1,0,0,0,4,1,1,0,0,1,1,E01002679,201201RY10312,2,2,1,1,58,9,3,0,0,0,0,0,8,1,London
1659308,201501TX20993,514380.0,175910.0,-0.354624,51.470605,1,2,1,1,2015-12-27,1,06:30,25,E09000018,3,315,3,30,3,2,5,0,0,5,4,2,2,0,0,1,1,E01002642,201201RY10315,1,1,1,1,26,6,3,0,0,0,0,0,9,1,London
1659310,201501TX20995,508190.0,173820.0,-0.444346,51.453036,1,3,2,2,2015-12-23,4,17:35,25,E09000018,3,30,3,40,6,2,5,0,0,5,4,1,2,0,0,1,1,E01002559,201201RY10316,2,1,1,1,-1,-1,3,0,0,0,0,0,1,-1,London
1659314,201501TX21005,508030.0,173410.0,-0.446773,51.449381,1,3,3,5,2015-12-22,3,17:45,25,E09000018,3,30,3,30,1,2,3,30,0,0,4,5,2,0,0,2,1,E01002559,201201RY10321,2,1,1,1,23,5,3,0,0,0,0,0,3,1,London
1659315,201501TX21008,513660.0,176820.0,-0.364693,51.478929,1,2,1,1,2015-12-26,7,21:15,25,E09000018,3,4,3,30,6,2,3,3005,0,5,4,1,1,0,0,1,1,E01002629,201201RY10322,1,1,1,1,23,5,3,0,0,0,0,0,9,1,London
1659316,201501TX21010,519340.0,178460.0,-0.282386,51.4925,1,3,2,1,2015-12-29,3,15:00,25,E09000018,3,406,6,30,3,4,6,0,0,0,1,1,1,0,0,1,2,E01002692,201201RY10323,1,1,1,1,44,7,3,0,0,0,0,0,9,-1,London
1659317,201501TX21011,519250.0,178430.0,-0.283692,51.492249,1,3,2,1,2015-12-21,2,09:10,25,E09000018,3,4,6,30,3,4,6,0,0,0,1,1,1,0,0,1,1,E01002692,201201RY10323,2,2,1,2,57,9,3,0,0,0,0,0,9,-1,London
1659318,201501TX29010,513660.0,175630.0,-0.365075,51.468233,1,3,2,1,2015-12-30,4,03:50,25,E09000018,6,0,6,30,0,-1,-1,0,0,0,4,1,1,0,0,1,2,E01033083,201201RY10324,1,1,1,1,32,6,3,0,0,0,0,0,5,1,London
1659323,201501TX29053,513070.0,172290.0,-0.374632,51.438332,1,3,4,2,2015-12-21,2,16:10,25,E09000018,3,316,3,30,5,4,6,0,0,0,4,2,2,0,0,1,1,E01002604,201201RY10329,1,1,3,1,43,7,3,1,3,0,0,2,0,1,London
1659326,201501TX29077,510480.0,173300.0,-0.411564,51.44792,1,3,2,1,2015-12-29,3,23:20,25,E09000018,4,3377,6,30,3,4,6,0,0,0,4,2,2,0,0,1,1,E01002590,201201RY10333,2,1,1,1,29,6,3,0,0,0,0,0,9,1,London
1659650,201501VK30424,520460.0,169200.0,-0.269411,51.409039,1,2,1,1,2015-12-23,4,16:55,23,E09000021,5,0,6,30,3,4,6,0,0,0,4,1,1,0,0,1,1,E01002961,201201SX20174,1,1,1,1,46,8,3,0,0,0,0,0,9,-1,London
1659660,201501VK30443,518110.0,169180.0,-0.30319,51.409353,1,3,1,1,2015-12-24,5,15:25,23,E09000021,5,0,6,30,3,4,6,0,0,0,1,1,1,0,0,1,1,E01002968,201201SX20187,1,1,1,1,19,4,3,0,0,0,0,0,9,1,London
1659663,201501VK39005,518310.0,166670.0,-0.301151,51.386752,1,3,3,2,2015-12-20,1,09:03,23,E09000021,3,243,6,30,1,4,4,3364,0,0,1,1,1,0,0,1,1,E01002995,201201SX20190,2,1,1,1,35,6,3,0,0,0,0,0,9,1,London
1659664,201501VK39006,518760.0,165890.0,-0.294948,51.379648,1,3,2,1,2015-12-26,7,10:00,23,E09000021,6,0,6,30,0,-1,-1,0,0,0,1,1,1,0,0,1,1,E01002998,201201SX20193,1,1,1,2,47,8,3,0,0,0,0,0,9,3,London
1659665,201501VK39014,521460.0,168070.0,-0.255426,51.39867,1,3,2,1,2015-12-27,1,17:40,23,E09000021,3,2043,1,30,1,4,4,282,0,4,4,1,1,0,0,1,2,E01002984,201201SX20193,2,2,1,2,26,6,3,0,0,0,0,0,9,1,London
1660142,201501VW40577,522520.0,168670.0,-0.23999,51.403834,1,3,2,2,2015-12-24,5,08:02,22,E09000024,3,3,6,30,5,2,3,298,0,0,1,1,1,0,0,1,1,E01003447,201201SX20646,1,1,2,2,37,7,3,0,0,1,0,0,9,-1,London
1660151,201501VW40592,525790.0,170050.0,-0.192515,51.415522,1,3,2,1,2015-12-21,2,01:20,22,E09000024,3,219,6,30,6,2,3,238,0,5,4,1,2,0,0,1,1,E01003355,201201SX20655,3,1,1,1,34,6,2,0,0,0,0,0,5,1,London
1660152,201501VW40594,526120.0,167180.0,-0.188791,51.389655,1,3,2,2,2015-12-23,4,13:15,22,E09000024,3,297,3,40,6,2,5,0,0,5,1,1,1,0,0,1,1,E01003450,201201SX20656,2,1,1,1,49,8,3,0,0,0,0,0,1,1,London
1660153,201501VW40596,525880.0,168690.0,-0.191703,51.403279,1,3,2,1,2015-12-25,6,19:15,22,E09000024,3,24,1,30,1,4,3,297,0,0,4,2,2,0,0,1,1,E01003439,201201SX20657,2,1,1,2,40,7,3,0,0,0,0,0,9,1,London
1660155,201501VW40600,527380.0,168330.0,-0.17028,51.399709,1,3,2,1,2015-12-27,1,12:12,22,E09000024,3,217,6,30,3,4,6,0,0,0,1,1,1,0,0,1,1,E01003374,201201SX20659,1,1,2,2,52,8,3,0,0,2,0,0,9,-1,London
1660158,201501VW40603,528190.0,167690.0,-0.158873,51.393775,1,3,2,2,2015-12-23,4,10:15,22,E09000024,3,237,6,30,8,4,6,0,0,0,1,1,1,0,0,1,1,E01003375,201201SX20662,1,1,1,2,29,6,3,0,0,0,0,0,9,1,London
1660159,201501VW40604,524570.0,169460.0,-0.210256,51.410488,1,3,1,1,2015-12-24,5,19:00,22,E09000024,3,238,6,30,3,4,6,0,0,0,4,1,1,0,0,1,1,E01003423,201201SX20663,1,1,1,2,43,7,3,0,0,0,0,0,9,-1,London
1660160,201501VW40605,525180.0,169940.0,-0.201321,51.414668,1,3,2,1,2015-12-22,3,07:48,22,E09000024,3,238,6,30,3,4,6,0,0,0,1,1,1,0,0,1,1,E01003356,201201SX20665,2,1,1,1,55,8,3,0,0,0,0,0,5,1,London
1660161,201501VW40606,528000.0,170930.0,-0.160435,51.422936,1,3,2,1,2015-12-22,3,18:00,10,E09000032,3,217,6,30,3,4,4,241,0,0,4,2,2,0,0,1,1,E01004529,201201SX20666,1,1,1,1,16,4,3,0,0,0,0,0,2,1,London
1660162,201501VW40607,525870.0,168700.0,-0.191844,51.403371,1,3,2,1,2015-12-28,2,16:33,22,E09000024,3,24,3,30,1,4,3,297,0,0,1,1,1,0,0,1,1,E01003427,201201SX20667,2,1,1,1,77,11,3,0,0,0,0,0,9,1,London
1660165,201501VW40610,527770.0,168920.0,-0.164464,51.404924,1,3,1,1,2015-12-29,3,19:30,22,E09000024,3,217,2,30,3,2,3,217,0,5,4,1,2,0,0,1,1,E01003389,201201SX20669,2,2,1,1,30,6,3,0,0,0,0,0,9,1,London
1660167,201501VW49019,525540.0,168500.0,-0.196656,51.401647,1,2,1,1,2015-12-21,2,11:55,22,E09000024,3,24,2,30,0,-1,-1,0,0,0,1,1,1,0,0,1,1,E01003427,201201SX20671,1,1,1,1,30,6,3,0,0,0,0,0,5,1,London
1661129,201501WW51071,527130.0,170960.0,-0.17293,51.423401,1,3,2,1,2015-12-22,3,13:20,10,E09000032,3,24,6,30,6,4,5,0,0,0,1,1,1,0,0,1,1,E01004617,201201TA00509,1,1,1,2,25,5,2,0,0,0,0,0,9,1,London
1661131,201501WW51073,522430.0,173740.0,-0.239533,51.44942,1,3,1,1,2015-12-24,5,15:40,10,E09000032,3,306,6,30,3,4,5,0,0,4,1,1,1,0,0,1,1,E01004571,201201TA00513,1,1,1,1,55,8,2,0,0,0,0,0,1,1,London
1661133,201501WW51075,527150.0,170970.0,-0.172639,51.423487,1,3,2,1,2015-12-24,5,18:20,10,E09000032,3,24,6,30,6,4,5,0,0,0,4,1,1,0,0,1,1,E01004530,201201TA00514,1,2,3,2,12,3,3,10,9,0,0,2,0,1,London
1661140,201501WW51083,523950.0,175040.0,-0.217215,51.460773,1,3,2,1,2015-12-22,3,01:05,10,E09000032,3,205,6,30,6,2,3,219,0,5,4,2,2,0,0,1,1,E01004506,201201TA00521,1,1,3,2,-1,-1,2,5,2,0,0,2,0,-1,London
1661146,201501WW51089,526540.0,174950.0,-0.179986,51.459391,1,3,2,1,2015-12-27,1,20:10,10,E09000032,5,0,2,30,3,4,3,3036,0,1,4,1,1,0,0,1,2,E01004510,201201TA00525,1,1,1,2,34,6,3,0,0,0,0,0,19,-1,London
1661147,201501WW51090,527580.0,171470.0,-0.166278,51.427884,1,3,2,1,2015-12-30,4,17:01,10,E09000032,6,0,2,30,0,-1,-1,0,0,0,4,2,2,0,0,1,1,E01004525,201201TA00525,2,2,1,2,24,5,3,0,0,0,0,0,9,1,London
1661148,201501WW51091,527510.0,170860.0,-0.167503,51.422417,1,3,2,1,2015-12-21,2,07:02,10,E09000032,6,0,6,30,3,4,6,0,0,0,1,1,1,0,0,1,1,E01004530,201201TA00526,1,1,1,2,19,4,3,0,0,0,0,0,9,1,London
1661151,201501WW51096,529210.0,170970.0,-0.143027,51.423021,1,3,1,1,2015-12-22,3,23:00,10,E09000032,3,216,6,30,0,-1,-1,0,0,0,4,2,2,0,0,1,1,E01004517,201201TA00528,1,1,1,1,38,7,3,0,0,0,0,0,9,1,London
1661155,201501WW59009,527780.0,171120.0,-0.163528,51.424693,1,3,2,1,2015-12-20,1,12:43,10,E09000032,3,217,6,30,3,4,5,0,0,0,1,1,1,0,0,1,1,E01004528,201201TA00532,1,1,3,1,52,8,2,1,1,0,0,2,0,1,London
1661156,201501WW59012,526640.0,171410.0,-0.179813,51.427555,1,3,2,1,2015-12-24,5,20:50,10,E09000032,5,0,6,30,0,-1,-1,0,0,0,4,1,1,0,0,1,1,E01004617,201201TA00533,2,1,1,2,19,4,2,0,0,0,0,0,1,-1,London
1661162,201501WW59062,527980.0,171240.0,-0.16061,51.425726,1,3,2,1,2015-12-30,4,19:20,10,E09000032,6,0,6,30,3,4,6,0,0,0,4,2,2,0,0,1,1,E01004527,201201TA00539,1,1,1,1,23,5,2,0,0,0,0,0,5,-1,London
1662127,201501XD81130,512630.0,179950.0,-0.378521,51.507267,1,3,2,1,2015-12-21,2,11:20,27,E09000009,3,3005,6,30,6,2,5,0,0,5,1,1,1,0,0,1,2,E01001362,201201TB00433,2,1,1,1,35,6,2,0,0,0,0,0,5,-1,London
1662135,201501XD81139,516300.0,179100.0,-0.325944,51.498884,1,3,2,1,2015-12-21,2,08:10,27,E09000009,6,0,6,30,6,4,6,0,0,1,1,2,2,0,0,1,1,E01001299,201201TB00442,1,1,1,1,37,7,3,0,0,0,0,0,3,1,London
1662136,201501XD81140,516580.0,180400.0,-0.321483,51.510511,1,3,2,1,2015-12-21,2,10:56,27,E09000009,3,4020,3,20,3,2,6,0,0,0,1,1,1,0,0,1,1,E01001388,201201TB00444,2,1,1,1,28,6,3,0,0,0,0,0,9,1,London
1662140,201501XD81144,515470.0,179990.0,-0.337605,51.507053,1,3,1,1,2015-12-22,3,17:37,27,E09000009,3,3002,6,30,0,-1,-1,0,0,0,1,1,1,0,0,1,1,E01001252,201201TB00448,1,2,3,2,32,6,3,10,9,0,0,2,0,1,London
1662143,201501XD81150,516390.0,184940.0,-0.32272,51.551353,1,3,2,1,2015-12-22,3,21:40,27,E09000009,3,4090,6,30,0,-1,-1,0,0,0,4,2,2,0,0,1,1,E01001313,201201TB00451,1,1,3,1,9,2,2,5,2,0,0,2,0,-1,London
1662149,201501XD81158,516800.0,180470.0,-0.318291,51.511094,1,3,1,1,2015-12-23,4,21:40,27,E09000009,3,4020,6,30,3,4,6,0,0,4,4,1,1,0,0,1,1,E01001222,201201TB00457,1,1,3,2,3,1,2,5,1,0,0,2,0,1,London
1662150,201501XD81159,519710.0,180210.0,-0.276466,51.508149,1,3,2,1,2015-12-23,4,10:58,27,E09000009,3,4000,6,30,3,2,3,4020,0,5,1,1,1,0,0,1,1,E01001351,201201TB00458,1,1,1,1,22,5,2,0,0,0,0,0,9,-1,London
1662151,201501XD81160,518620.0,180510.0,-0.292063,51.511075,1,3,1,1,2015-12-25,6,21:30,27,E09000009,3,406,6,30,0,-1,-1,0,0,5,4,2,2,0,0,1,1,E01001234,201201TB00460,1,1,2,1,-1,-1,3,0,0,1,0,0,9,-1,London
1662152,201501XD81161,518240.0,181080.0,-0.297346,51.516278,1,3,2,1,2015-12-30,4,20:30,27,E09000009,5,0,6,30,0,-1,-1,0,0,0,4,2,2,0,0,1,1,E01001275,201201TB00460,2,2,2,2,39,7,3,0,0,1,0,0,9,1,London
1662153,201501XD81166,515010.0,183920.0,-0.342948,51.542469,1,3,2,1,2015-12-30,4,15:41,27,E09000009,3,4127,6,30,6,2,5,0,0,5,1,1,1,0,0,1,1,E01001266,201201TB00461,2,1,1,1,19,4,2,0,0,0,0,0,1,1,London
1662154,201501XD81167,513060.0,183270.0,-0.371263,51.53702,1,3,2,1,2015-12-28,2,19:13,27,E09000009,5,0,6,30,3,4,6,0,0,0,4,1,1,0,0,1,1,E01001263,201201TB00462,1,1,1,1,16,4,2,0,0,0,0,0,3,-1,London
1662155,201501XD81168,511300.0,183460.0,-0.396569,51.539077,1,3,3,1,2015-12-22,3,11:20,27,E09000009,4,455,6,30,0,-1,-1,0,0,0,1,1,1,0,0,1,1,E01001327,201201TB00462,1,2,2,1,15,3,2,0,0,0,0,0,3,1,London
1662156,201501XD81169,516280.0,183800.0,-0.324682,51.54113,1,3,2,2,2015-12-23,4,10:20,27,E09000009,5,0,6,30,3,4,5,0,0,0,1,1,1,0,0,1,1,E01001344,201201TB00464,1,1,1,2,36,7,3,0,0,0,0,0,9,1,London
1662157,201501XD81170,516590.0,183030.0,-0.320469,51.534146,1,3,2,1,2015-12-28,2,08:36,27,E09000009,6,0,1,30,2,4,6,0,0,0,1,1,1,0,0,1,1,E01001347,201201TB00464,2,2,2,2,-1,-1,3,0,0,1,0,0,9,-1,London
1662158,201501XD81171,517490.0,180660.0,-0.308289,51.512659,1,3,2,1,2015-12-29,3,16:30,27,E09000009,3,4020,6,30,3,4,6,0,0,5,1,1,1,0,0,1,1,E01001387,201201TB00465,2,1,3,2,46,8,2,10,9,0,0,2,0,1,London
1662159,201501XD81172,518670.0,180120.0,-0.291474,51.50756,1,3,2,2,2015-12-29,3,11:25,27,E09000009,3,406,6,30,0,-1,-1,0,0,0,1,1,2,0,0,1,1,E01001234,201201TB00466,2,1,1,1,34,6,2,0,0,0,0,0,5,1,London
1662160,201501XD81179,518280.0,182630.0,-0.29625,51.5302,1,3,2,1,2015-12-22,3,08:40,27,E09000009,3,40,3,50,0,-1,-1,0,0,0,1,2,2,0,0,1,2,E01001277,201201TB00468,1,1,1,1,33,6,2,0,0,0,0,0,3,1,London
1662162,201501XD81183,520550.0,181850.0,-0.263808,51.52271,1,3,2,1,2015-12-23,4,07:50,27,E09000009,4,4492,6,30,0,-1,-1,0,0,0,1,1,1,0,0,1,2,E01001247,201201TB00470,1,1,3,1,74,10,2,1,3,0,0,2,0,1,London
1662165,201501XD81187,516690.0,180730.0,-0.319789,51.513454,1,3,1,1,2015-12-21,2,14:00,27,E09000009,4,452,6,30,0,-1,-1,0,0,0,1,1,1,0,0,1,1,E01001249,201201TB00472,1,2,3,2,37,7,2,5,4,0,0,2,0,1,London
1662168,201501XD89070,515260.0,185020.0,-0.338985,51.552304,1,3,2,1,2015-12-21,2,09:18,27,E09000009,3,4127,6,30,0,-1,-1,0,0,0,1,1,1,0,0,1,1,E01001312,201201TB00475,1,1,3,1,14,3,2,4,2,0,0,2,0,1,London
1662848,201501XH30913,505940.0,180690.0,-0.474656,51.51521,1,3,1,1,2015-12-20,1,09:27,26,E09000017,3,408,6,30,6,2,3,408,0,5,1,1,1,0,0,1,1,E01002554,201201TB01189,2,1,1,1,81,11,2,0,0,0,0,0,1,1,London
1662852,201501XH30917,506150.0,180900.0,-0.471568,51.517058,1,3,1,1,2015-12-21,2,12:56,26,E09000017,3,408,6,30,8,4,6,0,0,0,1,2,2,0,0,1,1,E01002552,201201TB01193,2,1,1,1,-1,-1,2,0,0,0,0,0,4,-1,London
1662853,201501XH30918,507830.0,184750.0,-0.446187,51.551345,1,3,2,1,2015-12-21,2,17:00,26,E09000017,5,0,2,30,9,4,6,0,0,0,4,2,2,0,0,1,1,E01002452,201201TB01194,1,1,1,1,23,5,2,0,0,0,0,0,9,1,London
1662854,201501XH30919,512000.0,186080.0,-0.385646,51.562487,1,3,1,1,2015-12-22,3,18:10,26,E09000017,6,0,6,30,3,4,6,0,0,0,4,2,2,0,0,1,1,E01032577,201201TB01194,2,2,1,1,44,7,2,0,0,0,0,0,5,1,London
1662856,201501XH30922,506390.0,178160.0,-0.468936,51.492386,1,3,1,1,2015-12-20,1,19:30,26,E09000017,3,3044,6,30,2,4,5,0,0,0,4,1,2,0,0,2,1,E01002446,201201TB01196,1,1,1,1,44,7,2,0,0,0,0,0,1,1,London
1662857,201501XH30923,511780.0,181900.0,-0.390145,51.524962,1,3,2,1,2015-12-22,3,20:10,26,E09000017,6,0,6,30,3,4,6,0,0,0,4,5,2,0,0,1,1,E01002545,201201TB01198,2,1,1,1,39,7,2,0,0,0,0,0,9,1,London
1662858,201501XH30925,507760.0,182390.0,-0.447918,51.530146,1,3,1,1,2015-12-25,6,22:10,26,E09000017,3,4020,3,40,9,2,5,0,0,5,4,2,2,0,0,1,1,E01002410,201201TB01199,1,1,3,2,43,7,2,5,1,0,0,2,0,1,London
1662859,201501XH30927,509500.0,176930.0,-0.424538,51.480737,1,2,1,2,2015-12-25,6,23:54,26,E09000017,3,4,3,50,0,-1,-1,0,0,0,4,1,2,0,0,1,1,E01002443,201201TB01200,1,1,3,2,11,3,2,1,2,0,0,2,0,1,London
1662861,201501XH30929,507270.0,177890.0,-0.456347,51.489793,1,3,2,1,2015-12-28,2,06:15,26,E09000017,6,0,6,30,3,4,6,0,0,0,4,1,2,0,0,1,1,E01002446,201201TB01202,1,1,1,1,28,6,3,0,0,0,0,0,4,-1,London
1662863,201501XH30932,507800.0,182380.0,-0.447345,51.530049,1,3,2,1,2015-12-22,3,21:45,26,E09000017,3,4020,3,40,3,4,6,0,0,0,4,2,2,0,0,1,2,E01002410,201201TB01209,2,1,1,2,26,6,3,0,0,0,0,0,9,-1,London
1662865,201501XH30934,511120.0,185380.0,-0.398557,51.556369,1,3,1,1,2015-12-29,3,18:53,26,E09000017,5,0,9,30,3,4,6,0,0,4,4,4,1,0,0,1,1,E01002497,201201TB01213,1,1,3,1,34,6,2,4,3,0,0,2,0,-1,London
1662866,201501XH30935,511060.0,185330.0,-0.399438,51.555932,1,3,1,1,2015-12-30,4,21:20,26,E09000017,5,0,6,30,3,4,6,0,0,0,7,9,1,0,0,1,1,E01002497,201201TB01214,1,1,3,2,33,6,3,5,1,0,0,2,0,1,London
1662867,201501XH30936,509240.0,187360.0,-0.425049,51.574532,1,3,2,1,2015-12-30,4,12:15,26,E09000017,3,4180,6,30,9,4,4,466,0,1,1,4,1,0,0,1,1,E01002535,201201TB01215,1,1,1,1,49,8,3,0,0,0,0,0,19,1,London
1663587,201501YE80930,532870.0,194770.0,-0.081448,51.636052,1,3,2,1,2015-12-20,1,10:32,32,E09000010,4,154,6,30,3,4,5,0,0,0,1,1,1,0,0,1,2,E01001400,201201TX20058,2,3,2,1,5,1,3,0,0,2,0,0,9,1,London
1663593,201501YE80938,537150.0,198750.0,-0.018082,51.670789,1,3,1,1,2015-12-22,3,02:51,32,E09000010,6,0,6,30,0,-1,-1,0,0,0,4,1,2,0,0,2,1,E01001445,201201TX20063,1,1,1,2,42,7,3,0,0,0,0,0,9,1,London
1663594,201501YE80939,531870.0,194210.0,-0.0961,51.631255,1,3,2,1,2015-12-23,4,11:41,32,E09000010,3,105,6,30,3,4,6,0,0,0,1,1,1,0,0,1,1,E01001569,201201TX20064,1,1,1,2,44,7,3,0,0,0,0,0,9,1,London
1663597,201501YE80943,531430.0,197440.0,-0.101241,51.660383,1,3,2,1,2015-12-23,4,12:37,32,E09000010,3,1005,6,30,3,4,6,0,0,1,1,1,1,0,0,1,1,E01001471,201201TX20066,1,1,1,1,23,5,3,0,0,0,0,0,9,1,London
1663600,201501YE80946,532600.0,192540.0,-0.08619,51.616076,1,3,2,1,2015-12-23,4,11:52,32,E09000010,3,406,1,30,1,4,3,10,0,0,1,1,1,0,0,1,2,E01001560,201201TX20069,2,1,1,1,37,7,3,0,0,0,0,0,3,1,London
1663602,201501YE80950,533340.0,196210.0,-0.074112,51.648881,1,3,2,1,2015-12-30,4,08:30,32,E09000010,6,0,6,30,6,4,6,0,0,0,1,1,1,0,0,1,1,E01001512,201201TX20070,1,2,2,1,34,6,3,0,0,1,0,0,9,1,London
1663604,201501YE80952,531360.0,193340.0,-0.10379,51.623556,1,2,2,3,2015-12-26,7,21:50,32,E09000010,3,105,6,30,6,2,3,111,0,5,4,1,1,0,0,1,1,E01001495,201201TX20070,2,4,2,1,22,5,3,0,0,1,0,0,9,1,London
1663611,201501YE80963,535030.0,196230.0,-0.049692,51.648658,1,3,2,1,2015-12-24,5,15:00,32,E09000010,3,110,6,30,8,4,6,0,0,4,1,1,1,0,0,1,2,E01001507,201201TX20077,1,1,1,2,25,5,3,0,0,0,0,0,9,1,London
1663612,201501YE80964,535250.0,195700.0,-0.046719,51.643842,1,3,1,1,2015-12-23,4,10:35,32,E09000010,3,1010,6,30,6,4,3,110,0,0,1,1,1,0,0,1,2,E01001507,201201TX20078,1,1,1,1,39,7,3,0,0,0,0,0,5,1,London
1663615,201501YE80967,531920.0,194280.0,-0.095351,51.631872,1,3,2,1,2015-12-24,5,13:12,32,E09000010,3,105,1,30,1,4,5,0,0,0,1,1,1,0,0,1,1,E01001569,201201TX20081,1,1,1,1,44,7,3,0,0,0,0,0,9,1,London
1663620,201501YE89017,534100.0,192390.0,-0.064596,51.614373,1,3,2,1,2015-12-21,2,18:00,32,E09000010,3,1010,6,30,6,2,3,406,0,5,4,2,2,0,0,1,1,E01001558,201201TX20086,1,1,1,1,17,4,3,0,0,0,0,0,9,1,London
1663623,201501YE89028,534260.0,199960.0,-0.059383,51.68236,1,3,1,1,2015-12-29,3,08:35,32,E09000010,1,25,3,70,0,-1,-1,0,0,0,1,1,1,0,0,2,1,E01001412,201201TX20089,1,1,1,1,27,6,3,0,0,0,0,0,4,1,London
1663624,201501YE89030,534630.0,193970.0,-0.056339,51.628445,1,3,1,1,2015-12-30,4,20:00,32,E09000010,3,1010,6,30,0,-1,-1,0,0,0,4,1,1,0,0,1,2,E01001485,201201TX20090,1,1,1,1,34,6,3,0,0,0,0,0,9,1,London
1663632,201501YE89104,535600.0,192130.0,-0.043045,51.611678,1,3,1,1,2015-12-24,5,09:25,32,E09000010,6,0,6,30,3,4,6,0,0,0,1,1,1,0,0,1,1,E01001559,201201TX20097,1,1,3,1,17,4,3,1,1,0,0,2,0,1,London
1663652,201501YE89292,532380.0,192800.0,-0.089268,51.618465,1,2,4,1,2015-12-25,6,08:33,32,E09000010,3,111,6,30,0,-1,-1,0,0,0,1,1,1,0,0,1,1,E01001499,201201TX20118,2,1,1,1,36,7,3,0,0,0,0,0,9,1,London
1664443,201501YR90958,531600.0,187920.0,-0.102356,51.574794,1,3,2,2,2015-12-24,5,14:28,31,E09000014,4,150,6,20,3,4,6,0,0,0,1,9,2,0,0,1,1,E01002002,201201VK30052,1,1,1,1,26,6,3,0,0,0,0,0,9,1,London
1664444,201501YR90959,527950.0,188380.0,-0.15483,51.579767,1,3,3,1,2015-12-27,1,17:37,31,E09000014,4,519,6,30,3,4,6,0,0,0,4,1,1,0,0,1,1,E01002010,201201VK30052,2,2,1,2,64,9,3,0,0,0,0,0,9,1,London
1664445,201501YR90960,532640.0,191350.0,-0.086063,51.605373,1,3,1,1,2015-12-26,7,16:42,31,E09000014,3,10,3,40,6,2,5,0,0,5,4,1,1,0,0,1,1,E01002093,201201VK30054,1,1,1,2,23,5,3,0,0,0,0,0,9,1,London
1664446,201501YR90961,533910.0,188550.0,-0.068802,51.579912,1,3,1,1,2015-12-27,1,12:55,31,E09000014,6,0,6,20,0,-1,-1,0,0,0,1,1,2,0,0,1,1,E01002050,201201VK30055,1,1,3,1,3,1,3,9,9,0,0,2,0,1,London
1664447,201501YR90962,531920.0,188690.0,-0.097452,51.581639,1,3,3,1,2015-12-26,7,10:50,31,E09000014,4,152,6,30,3,4,6,0,0,0,1,1,2,0,0,1,1,E01002044,201201VK30056,2,1,1,2,51,8,3,0,0,0,0,0,9,1,London
1664448,201501YR90963,534120.0,188470.0,-0.065804,51.579143,1,2,1,1,2015-12-26,7,20:45,31,E09000014,6,0,6,30,8,4,6,0,0,0,7,1,1,0,0,1,2,E01002052,201201VK30057,1,1,1,1,18,4,3,0,0,0,0,0,3,1,London
1664449,201501YR90965,533790.0,189770.0,-0.070069,51.590903,1,3,1,1,2015-12-26,7,16:23,31,E09000014,3,10,6,30,3,4,6,0,0,4,1,1,1,0,0,1,2,E01001979,201201VK30058,1,1,3,2,53,8,3,5,1,0,0,2,0,1,London
1664450,201501YR90966,534180.0,189630.0,-0.064496,51.589553,1,3,2,1,2015-12-20,1,16:10,31,E09000014,3,1055,6,30,9,2,3,503,0,0,4,2,2,0,0,1,1,E01002081,201201VK30059,2,1,1,1,48,8,3,0,0,0,0,0,1,1,London
1664454,201501YR90971,530710.0,189350.0,-0.11466,51.587851,1,3,2,3,2015-12-26,7,00:56,31,E09000014,3,504,6,30,3,2,3,504,0,5,4,2,2,0,0,1,1,E01033085,201201VK30064,1,2,2,2,20,4,3,0,0,1,0,0,9,1,London