,Accident_Index_x,Location_Easting_OSGR,Location_Northing_OSGR,Longitude,Latitude,Police_Force,Accident_Severity,Number_of_Vehicles,Number_of_Casualties,Date,Day_of_Week,Time,Local_Authority_(District),Local_Authority_(Highway),1st_Road_Class,1st_Road_Number,Road_Type,Speed_limit,Junction_Detail,Junction_Control,2nd_Road_Class,2nd_Road_Number,Pedestrian_Crossing-Human_Control,Pedestrian_Crossing-Physical_Facilities,Light_Conditions,Weather_Conditions,Road_Surface_Conditions,Special_Conditions_at_Site,Carriageway_Hazards,Urban_or_Rural_Area,Did_Police_Officer_Attend_Scene_of_Accident,LSOA_of_Accident_Location,Accident_Index_y,Vehicle_Reference,Casualty_Reference,Casualty_Class,Sex_of_Casualty,Age_of_Casualty,Age_Band_of_Casualty,Casualty_Severity,Pedestrian_Location,Pedestrian_Movement,Car_Passenger,Bus_or_Coach_Passenger,Pedestrian_Road_Maintenance_Worker,Casualty_Type,Casualty_Home_Area_Type,city
1664455,201501YR90972,531000.0,190390.0,-0.110089,51.59713,1,3,2,2,2015-12-25,6,18:10,31,E09000014,3,105,6,30,3,2,5,0,0,5,4,2,2,0,0,1,1,E01002029,201201VK30064,2,1,1,2,20,4,3,0,0,0,0,0,9,1,London
1664456,201501YR90973,533860.0,189010.0,-0.069348,51.584057,1,3,2,1,2015-12-25,6,11:04,31,E09000014,3,503,6,30,0,-1,-1,0,0,4,1,2,2,0,0,1,1,E01002071,201201VK30065,1,1,3,1,21,5,3,5,1,0,0,2,0,1,London
1664458,201501YR90975,531490.0,189640.0,-0.103299,51.590276,1,3,1,1,2015-12-29,3,10:45,31,E09000014,3,105,6,30,6,2,3,504,0,0,1,1,2,0,0,1,1,E01002003,201201VK30067,1,1,2,2,32,6,3,0,0,0,3,0,11,1,London
1664460,201501YR90977,534800.0,191680.0,-0.054764,51.607826,1,3,1,1,2015-12-30,4,20:20,31,E09000014,6,0,6,30,1,4,5,0,0,8,4,2,2,0,0,1,1,E01002037,201201VK30069,2,1,1,1,41,7,3,0,0,0,0,0,1,-1,London
1664462,201501YR90979,533760.0,191370.0,-0.069892,51.605288,1,3,2,1,2015-12-23,4,00:25,31,E09000014,5,0,6,30,3,4,6,0,0,0,4,1,2,0,0,1,1,E01002034,201201VK30071,2,1,1,2,40,7,3,0,0,0,0,0,9,1,London
1664467,201501YR90984,533880.0,191640.0,-0.068057,51.607686,1,3,2,4,2015-12-30,4,15:55,31,E09000014,3,1010,6,30,8,2,5,0,0,5,4,2,2,0,0,1,1,E01002034,201201VK30075,2,1,1,1,36,7,3,0,0,0,0,0,1,1,London
1664469,201501YR90986,533650.0,188160.0,-0.072701,51.576469,1,3,1,2,2015-12-22,3,01:45,31,E09000014,3,10,6,30,3,4,6,0,0,8,7,1,1,0,0,1,1,E01002055,201201VK30077,1,1,1,1,25,5,3,0,0,0,0,0,9,1,London
1664472,201501YR90991,533880.0,190630.0,-0.068442,51.59861,1,3,2,3,2015-12-24,5,21:08,31,E09000014,3,109,6,20,6,2,3,1010,0,5,4,1,2,0,0,1,2,E01001978,201201VK30080,1,1,1,1,30,6,3,0,0,0,0,0,5,1,London
1664475,201501YR90994,533760.0,189560.0,-0.070581,51.589023,1,2,1,1,2015-12-21,2,16:30,31,E09000014,3,10,6,30,0,-1,-1,0,0,5,4,2,2,0,0,1,1,E01001979,201201VK30083,2,1,1,1,45,7,3,0,0,0,0,0,4,1,London
1664477,201501YR90996,533810.0,189910.0,-0.069727,51.592157,1,2,2,1,2015-12-27,1,23:30,31,E09000014,6,0,6,30,3,4,3,10,0,0,7,1,1,0,0,1,2,E01002081,201201VK30085,1,1,2,1,17,4,3,0,0,1,0,0,9,1,London
1664480,201501YR91000,531610.0,189450.0,-0.101639,51.588541,1,3,1,2,2015-12-20,1,15:20,31,E09000014,3,504,2,30,0,-1,-1,0,0,0,1,2,2,0,6,1,1,E01002003,201201VK30087,1,1,1,2,46,8,3,0,0,0,0,0,9,1,London
1664482,201501YR91014,534500.0,189770.0,-0.059826,51.590734,1,2,2,1,2015-12-30,4,18:05,31,E09000014,3,1055,6,30,3,2,6,0,0,0,1,1,1,0,0,1,2,E01002080,201201VK30088,1,2,2,2,20,4,3,0,0,1,0,0,9,1,London
1664488,201501YR91028,532300.0,187900.0,-0.092269,51.57445,1,3,1,2,2015-12-29,3,09:27,31,E09000014,5,0,6,30,3,4,6,0,0,0,1,2,2,0,0,1,1,E01002058,201201VK30093,2,2,1,1,44,7,3,0,0,0,0,0,5,1,London
1664494,201501YR99007,530940.0,190530.0,-0.110902,51.598402,1,3,2,1,2015-12-27,1,16:59,31,E09000014,3,105,6,30,9,4,6,0,0,0,4,1,1,0,0,1,1,E01002098,201201VK30099,1,2,2,2,14,3,3,0,0,1,0,0,9,1,London
1664498,201501YR99013,533300.0,190580.0,-0.07683,51.598298,1,3,2,1,2015-12-29,3,13:11,31,E09000014,3,109,1,30,2,4,3,10,0,8,1,1,2,0,0,1,1,E01001978,201201VK30102,1,1,3,2,18,4,3,5,3,0,0,2,0,1,London
1664499,201501YR99014,533780.0,190130.0,-0.070076,51.594141,1,2,2,1,2015-12-30,4,12:30,31,E09000014,6,0,6,30,3,4,3,10,0,0,1,1,1,0,0,1,2,E01001979,201201VK30103,2,1,1,1,39,7,3,0,0,0,0,0,9,1,London
1664500,201501YR99015,532220.0,189700.0,-0.092745,51.590645,1,3,2,1,2015-12-30,4,20:35,31,E09000014,4,155,1,30,2,4,6,0,0,1,4,5,2,0,0,1,1,E01002084,201201VK30104,1,1,1,2,47,8,2,0,0,0,0,0,9,1,London
1664510,201501YR99036,532230.0,190650.0,-0.092243,51.599179,1,3,2,1,2015-12-28,2,17:20,31,E09000014,3,1080,3,30,3,4,6,0,0,0,4,1,1,0,0,1,1,E01002100,201201VK30112,1,1,1,1,56,9,3,0,0,0,0,0,9,1,London
1664515,201501YR99071,531760.0,187980.0,-0.100026,51.575296,1,3,1,1,2015-12-20,1,13:49,31,E09000014,4,150,6,30,3,4,6,0,0,0,1,1,2,0,0,1,1,E01002002,201201VK30116,1,1,3,1,19,4,3,9,9,0,0,2,0,3,London
1664519,201501YR99076,528170.0,188230.0,-0.151711,51.578369,1,3,2,2,2015-12-22,3,14:40,31,E09000014,6,0,2,30,6,4,6,0,0,0,1,1,2,0,0,1,1,E01002011,201201VK30119,2,2,1,1,85,11,3,0,0,0,0,0,9,1,London
1664520,201501YR99077,531310.0,188770.0,-0.106221,51.5825,1,3,2,3,2015-12-21,2,15:30,31,E09000014,4,138,6,30,0,-1,-1,0,0,0,1,1,1,0,0,1,1,E01002000,201201VK30120,2,1,1,1,54,8,3,0,0,0,0,0,5,1,London
1664522,201501YR99081,533620.0,188340.0,-0.073065,51.578093,1,3,2,1,2015-12-20,1,14:20,31,E09000014,3,10,6,30,3,4,6,0,0,0,1,1,2,0,0,1,1,E01002051,201201VK30122,2,1,2,2,57,9,3,0,0,1,0,0,9,-1,London
1664523,201501YR99084,533840.0,190210.0,-0.06918,51.594845,1,3,1,1,2015-12-22,3,19:15,31,E09000014,3,1010,6,30,3,2,5,0,0,5,4,2,2,0,0,1,1,E01002077,201201VK30123,2,1,1,2,-1,-1,3,0,0,0,0,0,9,1,London
1664524,201501YR99085,531480.0,190590.0,-0.103088,51.598815,1,3,2,1,2015-12-27,1,20:35,31,E09000014,3,109,6,30,3,4,6,0,0,4,4,1,1,0,0,1,1,E01002033,201201VK30124,1,1,1,1,38,7,3,0,0,0,0,0,5,1,London
1664533,201501YR99122,530940.0,190140.0,-0.111048,51.594897,1,3,1,1,2015-12-20,1,12:15,31,E09000014,6,0,6,30,8,4,6,0,0,0,1,1,1,0,0,1,1,E01002029,201201VK30135,2,1,1,1,39,7,3,0,0,0,0,0,8,1,London
1664543,201501YR99139,533800.0,189890.0,-0.069879,51.591979,1,3,1,1,2015-12-27,1,05:09,31,E09000014,3,10,3,30,3,4,6,0,0,4,4,4,1,0,0,1,1,E01002081,201201VK30145,1,1,3,2,7,2,3,5,1,0,0,2,0,1,London
1664550,201501YR99216,533620.0,188460.0,-0.073019,51.579172,1,3,1,1,2015-12-30,4,14:15,31,E09000014,3,10,3,30,3,4,6,0,0,8,1,9,1,0,0,1,1,E01002051,201201VK30152,1,1,2,1,-1,-1,3,0,0,1,0,0,9,1,London
1665390,201501ZD31085,530700.0,168320.0,-0.122585,51.398865,1,3,2,4,2015-12-20,1,22:40,20,E09000008,5,0,6,30,0,-1,-1,0,0,0,4,1,1,0,0,1,1,E01001184,201201WW50108,1,2,2,2,64,9,3,0,0,1,0,0,9,-1,London
1665391,201501ZD31086,531210.0,163750.0,-0.116944,51.357678,1,3,1,1,2015-12-21,2,08:21,20,E09000008,3,23,3,30,6,2,6,0,0,5,1,1,2,0,0,1,1,E01001172,201201WW50109,1,1,1,1,29,6,3,0,0,0,0,0,4,1,London
1665393,201501ZD31088,531010.0,163730.0,-0.119822,51.357544,1,3,1,1,2015-12-21,2,21:48,20,E09000008,6,0,6,30,3,4,6,0,0,0,4,2,2,0,0,1,1,E01001172,201201WW50110,2,1,1,1,38,7,3,0,0,0,0,0,1,1,London
1665395,201501ZD31090,529300.0,161870.0,-0.145043,51.34122,1,3,2,1,2015-12-22,3,16:40,21,E09000029,3,237,6,30,3,4,6,0,0,0,4,2,2,0,0,1,1,E01004108,201201WW50112,1,1,3,2,14,3,3,5,3,0,0,2,0,1,London
1665396,201501ZD31091,531570.0,166150.0,-0.11089,51.379163,1,3,2,1,2015-12-22,3,14:25,20,E09000008,3,236,6,30,8,4,6,0,0,0,1,1,1,0,0,1,1,E01001013,201201WW50113,1,1,3,1,64,9,2,1,1,0,0,2,0,1,London
1665398,201501ZD31093,532030.0,168470.0,-0.103422,51.399905,1,3,2,1,2015-12-25,6,12:45,20,E09000008,5,0,6,30,6,4,6,0,0,0,1,1,1,0,0,1,1,E01000998,201201WW50115,1,1,1,1,48,8,3,0,0,0,0,0,3,1,London
1665399,201501ZD31097,531790.0,167060.0,-0.107393,51.38729,1,3,2,1,2015-12-25,6,14:50,20,E09000008,5,0,6,30,6,4,5,0,0,0,1,1,1,0,0,1,1,E01001117,201201WW50116,1,1,1,2,45,7,3,0,0,0,0,0,1,-1,London
1665400,201501ZD31098,531130.0,167330.0,-0.116773,51.389869,1,3,3,2,2015-12-25,6,19:55,20,E09000008,6,0,6,30,3,4,6,0,0,0,4,2,2,0,0,1,1,E01001179,201201WW50117,1,1,1,1,-1,-1,3,0,0,0,0,0,1,1,London
1665401,201501ZD31099,531990.0,169110.0,-0.103759,51.405666,1,3,2,1,2015-12-24,5,16:40,20,E09000008,4,273,6,30,0,-1,-1,0,0,0,4,1,2,0,0,1,1,E01001151,201201WW50117,1,2,3,2,28,6,3,1,1,0,0,2,0,1,London
1665402,201501ZD31101,535400.0,163990.0,-0.056713,51.358852,1,3,2,1,2015-12-23,4,11:49,20,E09000008,3,212,6,30,3,4,6,0,0,0,1,1,1,0,0,1,1,E01001122,201201WW50118,1,1,1,1,35,6,3,0,0,0,0,0,9,1,London
1665403,201501ZD31102,532080.0,162230.0,-0.10502,51.343816,1,3,2,1,2015-12-26,7,18:00,20,E09000008,3,235,6,30,2,4,5,0,0,0,4,1,1,0,0,1,1,E01001095,201201WW50118,1,2,2,2,37,7,3,0,0,1,0,0,9,1,London
1665404,201501ZD31105,538500.0,161960.0,-0.013007,51.339863,1,3,1,1,2015-12-27,1,17:20,20,E09000008,5,0,1,30,1,4,5,0,0,1,4,1,2,0,0,1,2,E01001080,201201WW50119,1,1,1,1,31,6,3,0,0,0,0,0,3,1,London
1665405,201501ZD31107,536790.0,162330.0,-0.037399,51.343602,1,3,2,2,2015-12-29,3,09:50,20,E09000008,6,0,6,30,8,4,6,0,0,0,1,2,2,0,0,1,1,E01001060,201201WW50121,2,1,2,2,82,11,3,0,0,1,0,0,9,1,London
1665406,201501ZD31108,532350.0,166040.0,-0.09973,51.377993,1,3,2,1,2015-12-30,4,20:14,20,E09000008,3,212,3,30,0,-1,-1,0,0,5,4,1,1,0,0,1,1,E01001048,201201WW50122,1,1,2,2,37,7,3,0,0,0,3,0,11,1,London
1665407,201501ZD31110,532210.0,160740.0,-0.103708,51.330396,1,3,2,1,2015-12-30,4,19:28,20,E09000008,3,2022,6,30,2,4,6,0,0,0,4,5,2,0,0,1,1,E01001099,201201WW50123,1,1,1,1,49,8,3,0,0,0,0,0,2,1,London
1665408,201501ZD31111,532680.0,165950.0,-0.095024,51.377107,1,3,2,2,2015-12-29,3,12:34,20,E09000008,6,0,6,30,8,4,6,0,0,0,1,1,2,0,0,1,1,E01001045,201201WW50123,1,2,3,2,33,6,3,4,2,0,0,2,0,-1,London
1665409,201501ZD31112,531960.0,160930.0,-0.107224,51.332161,1,3,1,1,2015-12-30,4,17:18,20,E09000008,3,2022,6,30,3,4,6,0,0,0,4,2,2,0,0,1,1,E01001098,201201WW50124,2,1,1,1,32,6,3,0,0,0,0,0,2,1,London
1665419,201501ZD31127,532160.0,166640.0,-0.102235,51.383429,1,3,1,1,2015-12-24,5,07:19,20,E09000008,3,222,6,30,0,-1,-1,0,0,0,1,1,1,0,0,1,1,E01001012,201201WW50133,2,1,2,2,44,7,3,0,0,1,0,0,9,1,London
1665424,201501ZD31132,532140.0,167070.0,-0.102362,51.387298,1,3,2,1,2015-12-21,2,12:04,20,E09000008,6,0,6,30,0,-1,-1,0,0,0,1,2,2,0,0,1,1,E01001115,201201WW50139,1,1,2,2,57,9,3,0,0,0,3,0,11,1,London
1665425,201501ZD31134,532810.0,166450.0,-0.092971,51.38157,1,3,2,1,2015-12-25,6,20:24,20,E09000008,3,222,6,30,3,4,6,0,0,0,4,2,2,0,0,1,1,E01001048,201201WW50141,1,1,3,1,25,5,3,5,3,0,0,2,0,1,London
1665426,201501ZD31136,537860.0,162800.0,-0.021864,51.347567,1,2,1,1,2015-12-26,7,21:40,20,E09000008,6,0,6,30,0,-1,-1,0,0,0,4,1,1,0,0,1,1,E01001057,201201WW50142,1,1,1,1,31,6,3,0,0,0,0,0,5,1,London
1665429,201501ZD31141,531850.0,165430.0,-0.107136,51.372627,1,3,2,1,2015-12-28,2,13:00,20,E09000008,3,236,3,30,3,2,5,0,0,5,1,1,1,0,0,1,2,E01001166,201201WW50144,2,2,1,1,26,6,3,0,0,0,0,0,3,1,London
1665430,201501ZD31142,530910.0,164840.0,-0.12085,51.367542,1,3,2,1,2015-12-25,6,11:40,20,E09000008,3,232,6,30,0,-1,-1,0,0,0,1,2,2,0,0,1,2,E01001167,201201WW50145,2,1,1,1,30,6,3,0,0,0,0,0,1,1,London
1665432,201501ZD31155,532100.0,166090.0,-0.103301,51.378501,1,2,1,2,2015-12-21,2,18:25,20,E09000008,3,235,6,30,0,-1,-1,0,0,0,4,1,2,0,0,1,1,E01001013,201201WW50147,2,1,1,1,27,6,3,0,0,0,0,0,5,1,London
1665435,201501ZD39013,530840.0,166900.0,-0.121097,51.386071,1,3,2,2,2015-12-24,5,14:40,20,E09000008,3,23,6,30,3,4,6,0,0,0,1,1,1,0,0,1,2,E01001180,201201WW50152,1,1,2,1,2,1,3,0,0,0,4,0,11,1,London
1665745,201501ZT80396,530140.0,165430.0,-0.131689,51.373022,1,3,2,1,2015-12-20,1,15:45,21,E09000029,4,272,6,30,3,4,6,0,0,0,1,2,2,0,0,1,1,E01004078,201201WW50460,1,1,3,2,21,5,3,1,3,0,0,2,0,1,London
1665746,201501ZT80399,526460.0,164180.0,-0.184974,51.362618,1,3,2,1,2015-12-21,2,07:30,21,E09000029,3,232,6,30,3,4,6,0,0,1,1,1,2,0,0,1,1,E01004139,201201WW50461,1,1,3,2,24,5,3,5,1,0,0,2,0,1,London
1665748,201501ZT80402,525310.0,165950.0,-0.20086,51.37878,1,3,2,2,2015-12-26,7,13:31,21,E09000029,4,279,6,30,6,4,3,217,0,0,1,1,1,0,0,1,1,E01004130,201201WW50464,2,1,1,1,29,6,3,0,0,0,0,0,1,1,London
1665753,201501ZT80408,526200.0,166730.0,-0.187802,51.385593,1,3,3,2,2015-12-20,1,12:15,21,E09000029,3,217,6,30,3,4,6,0,0,0,1,2,2,0,0,1,1,E01004129,201201WW50469,1,1,3,1,21,5,3,4,2,0,0,2,0,1,London
1665754,201501ZT80409,524400.0,164450.0,-0.214453,51.365499,1,3,1,2,2015-12-20,1,00:45,21,E09000029,3,217,6,30,0,-1,-1,0,0,0,4,1,1,0,0,1,1,E01004115,201201WW50470,1,1,1,1,17,4,3,0,0,0,0,0,1,1,London
1665757,201501ZT89004,526320.0,166340.0,-0.186217,51.382062,1,3,2,1,2015-12-24,5,08:13,21,E09000029,4,278,6,30,8,4,6,0,0,0,1,1,1,0,0,1,1,E01004123,201201WW50473,1,1,1,1,28,6,3,0,0,0,0,0,3,1,London
1666994,2015030003099,362200.0,509410.0,-2.584871,54.478626,3,3,1,2,2015-12-20,1,16:45,64,E10000006,4,6260,6,60,0,-1,-1,0,0,0,6,5,2,0,0,2,1,E01019325,201201XD80573,2,4,2,1,27,6,3,0,0,2,0,0,9,1,Eden
1667000,2015030003120,300170.0,528670.0,-3.548449,54.643227,3,2,1,2,2015-12-20,1,21:20,60,E10000006,4,5297,6,30,0,-1,-1,0,0,0,4,1,1,0,0,1,1,E01019118,201201XD80580,2,1,1,1,36,7,3,0,0,0,0,0,3,1,Allerdale
1667003,2015030003123,340090.0,556380.0,-2.935713,54.898539,3,3,2,2,2015-12-20,1,17:37,62,E10000006,3,595,3,30,0,-1,-1,0,0,0,4,1,2,0,0,2,1,E01019204,201201XD80584,1,1,3,2,-1,-1,3,5,1,0,0,2,0,1,Carlisle
1667006,2015030003127,322650.0,479480.0,-3.187353,54.205205,3,3,2,1,2015-12-21,2,14:00,65,E10000006,3,595,6,60,0,-1,-1,0,0,0,1,2,2,0,0,2,1,E01019345,201201XD80587,2,1,1,1,33,6,3,0,0,0,0,0,1,1,
1667008,2015030003129,319820.0,469590.0,-3.228094,54.115905,3,3,1,1,2015-12-21,2,16:28,61,E10000006,6,0,6,30,3,2,6,0,0,4,4,1,2,0,0,1,1,E01019157,201201XD80592,1,1,1,2,27,6,3,0,0,0,0,0,9,1,
1667011,2015030003138,297480.0,518040.0,-3.586397,54.547195,3,3,2,4,2015-12-23,4,22:03,63,E10000006,6,0,6,20,6,2,6,0,0,0,4,1,2,0,0,1,1,E01019280,201201XD80595,1,2,2,2,24,5,3,0,0,1,0,0,9,1,Copeland
1667012,2015030003139,310710.0,536050.0,-3.38744,54.711507,3,1,2,3,2015-12-24,5,17:10,60,E10000006,6,0,6,60,0,-1,-1,0,0,0,6,1,1,0,0,2,1,E01019086,201201XD80595,1,3,2,2,25,5,3,0,0,2,0,0,9,1,Allerdale
1667013,2015030003140,353050.0,479750.0,-2.721386,54.211323,3,2,1,1,2015-12-21,2,11:11,65,E10000006,3,6070,6,60,0,-1,-1,0,0,0,1,5,2,0,0,2,1,E01019347,201201XD80597,1,1,3,1,31,6,2,5,1,0,0,2,0,1,South Lakeland
1667014,2015030003141,319730.0,470550.0,-3.229726,54.124516,3,3,2,1,2015-12-23,4,16:55,61,E10000006,6,0,1,30,1,4,6,0,0,0,4,1,2,0,0,1,1,E01019166,201201XD80598,2,1,1,1,-1,-1,3,0,0,0,0,0,1,-1,
1667015,2015030003142,353660.0,482370.0,-2.712439,54.234924,3,3,2,2,2015-12-27,1,13:40,65,E10000006,3,65,1,60,1,4,3,590,0,0,1,1,1,0,0,2,2,E01019352,201201XD80599,2,1,1,1,28,6,3,0,0,0,0,0,9,1,South Lakeland
1667017,2015030003144,316800.0,485030.0,-3.278557,54.254155,3,3,2,4,2015-12-22,3,17:58,63,E10000006,3,595,6,60,0,-1,-1,0,0,0,6,1,1,0,0,2,1,E01019293,201201XD80599,2,3,2,2,19,4,3,0,0,2,0,0,9,1,Copeland
1667020,2015030003148,318350.0,539240.0,-3.269785,54.741466,3,3,2,2,2015-12-26,7,16:40,60,E10000006,3,595,6,60,6,4,6,0,0,0,6,8,5,0,0,2,1,E01019133,201201XD80602,1,4,2,2,3,1,3,0,0,2,0,0,9,1,Allerdale
1667021,2015030003149,300140.0,528770.0,-3.548948,54.64412,3,3,2,1,2015-12-23,4,12:20,60,E10000006,6,0,6,30,3,4,6,0,0,0,1,1,1,0,0,1,1,E01019121,201201XD80602,2,1,1,1,35,6,3,0,0,0,0,0,9,1,Allerdale
1667025,2015030003164,358140.0,512440.0,-2.647955,54.505536,3,2,10,4,2015-12-20,1,10:50,64,E10000006,1,6,3,70,0,-1,-1,0,0,0,1,6,3,0,0,2,1,E01019337,201201XD80604,1,1,3,1,64,9,3,5,1,0,0,2,0,1,Eden
1667028,2015030003167,338550.0,502060.0,-2.948286,54.410264,3,3,2,1,2015-12-20,1,16:55,65,E10000006,3,591,6,30,8,4,-1,-1,0,0,6,1,2,0,0,2,1,E01019375,201201XD80609,2,1,1,1,38,7,3,0,0,0,0,0,5,1,South Lakeland
1667029,2015030003168,345110.0,495070.0,-2.845934,54.348202,3,3,2,2,2015-12-27,1,17:41,65,E10000006,4,5284,6,60,0,-1,-1,0,0,0,6,2,2,0,0,2,2,E01019387,201201XD80610,1,1,3,2,65,9,3,1,1,0,0,2,0,1,South Lakeland
1667030,2015030003169,323400.0,474180.0,-3.174507,54.157695,3,3,2,1,2015-12-29,3,10:30,61,E10000006,6,0,6,20,3,4,6,0,0,0,1,1,2,0,0,2,1,E01019150,201201XD80611,2,1,1,1,19,4,3,0,0,0,0,0,1,1,
1667031,2015030003173,299120.0,517920.0,-3.561013,54.546447,3,3,2,1,2015-12-28,2,19:42,63,E10000006,6,0,6,60,3,4,6,0,0,0,6,2,2,0,0,1,1,E01019286,201201XD80612,1,1,3,1,29,6,3,9,9,0,0,2,0,1,Copeland
1667032,2015030003178,357040.0,528870.0,-2.66735,54.653086,3,3,2,2,2015-12-27,1,16:43,64,E10000006,3,66,6,60,0,-1,-1,0,0,0,6,9,2,0,0,2,1,E01019319,201201XD80613,1,1,1,1,16,4,3,0,0,0,0,0,2,1,Eden
1667034,2015030003180,341620.0,537440.0,-2.908033,54.728539,3,2,1,1,2015-12-25,6,04:31,64,E10000006,4,5305,6,60,0,-1,-1,0,0,0,6,1,2,0,0,2,1,E01019338,201201XD80615,1,1,1,1,35,6,3,0,0,0,0,0,19,1,Eden
1667035,2015030003183,341530.0,555900.0,-2.913165,54.894397,3,3,2,1,2015-12-27,1,22:00,62,E10000006,3,69,6,30,3,2,6,0,0,5,4,1,2,1,0,1,1,E01019235,201201XD80615,3,2,1,2,26,6,3,0,0,0,0,0,9,1,Carlisle
1667036,2015030003184,297430.0,518480.0,-3.587323,54.551137,3,3,1,1,2015-12-27,1,01:35,63,E10000006,3,5094,6,30,3,4,6,0,0,8,4,1,1,0,0,1,1,E01019280,201201XD80619,1,1,1,1,21,5,3,0,0,0,0,0,1,1,Copeland
1667037,2015030003186,340360.0,554280.0,-2.931068,54.879703,3,3,2,2,2015-12-26,7,15:00,62,E10000006,6,0,6,30,0,-1,-1,0,0,0,4,5,2,0,0,1,1,E01019209,201201XD80620,1,1,1,1,33,6,3,0,0,0,0,0,8,1,Carlisle
1667038,2015030003187,340900.0,555090.0,-2.922819,54.887045,3,3,1,1,2015-12-23,4,20:35,62,E10000006,3,6,6,30,0,-1,-1,0,0,8,4,4,2,0,0,1,1,E01019236,201201XD80620,1,2,2,1,26,6,3,0,0,2,0,0,8,1,Carlisle
1667039,2015030003195,297450.0,518510.0,-3.587025,54.551411,3,3,1,1,2015-12-29,3,18:00,63,E10000006,3,5094,6,30,0,-1,-1,0,0,0,4,9,2,0,0,1,2,E01019260,201201XD80620,1,3,2,1,37,7,3,0,0,2,0,0,8,1,Copeland
1667040,2015030003199,329000.0,550890.0,-3.107254,54.847759,3,3,2,1,2015-12-24,5,14:15,60,E10000006,3,596,6,60,9,4,-1,-1,0,0,1,1,2,0,0,2,1,E01019130,201201XD80621,1,1,1,2,33,6,3,0,0,0,0,0,9,1,Allerdale
1667049,2015030003229,322360.0,469280.0,-3.189167,54.113509,3,3,1,1,2015-12-23,4,16:52,61,E10000006,6,0,6,30,3,4,6,0,0,0,5,4,2,0,0,1,1,E01019178,201201XD80629,2,1,1,2,66,10,3,0,0,0,0,0,9,1,
1667050,2015030003231,340710.0,555280.0,-2.92582,54.88873,3,3,1,1,2015-12-24,5,18:45,62,E10000006,6,0,6,20,0,-1,-1,0,0,0,4,1,2,0,0,1,1,E01019236,201201XD80630,1,1,1,1,38,7,3,0,0,0,0,0,9,1,Carlisle
1667637,201504ED15605,368760.0,429520.0,-2.475344,53.76109,4,3,2,1,2015-12-21,2,20:34,70,E06000008,6,0,9,30,9,4,6,0,0,0,4,8,2,0,0,1,1,E01012634,201201XH30145,2,2,1,2,21,5,3,0,0,0,0,0,9,1,
1667638,201504ED15606,373250.0,432260.0,-2.407478,53.785968,4,2,2,1,2015-12-23,4,10:15,75,E10000017,4,6535,6,30,9,4,6,0,0,1,1,1,1,0,0,1,1,E01025062,201201XH30145,2,3,2,2,19,4,3,0,0,1,0,0,9,1,Hyndburn
1667646,201504ED15615,367800.0,427950.0,-2.489741,53.746921,4,3,2,1,2015-12-25,6,18:23,70,E06000008,3,6078,6,30,3,2,6,0,0,0,4,2,2,0,0,1,1,E01012655,201201XH30154,1,1,1,2,35,6,3,0,0,0,0,0,9,1,
1667647,201504ED15616,373430.0,432250.0,-2.404745,53.785887,4,3,1,1,2015-12-23,4,15:10,75,E10000017,6,0,6,30,3,4,6,0,0,0,1,1,1,0,0,1,1,E01025062,201201XH30154,2,2,2,2,22,5,3,0,0,1,0,0,9,1,Hyndburn
1667653,201504ED15622,371680.0,428420.0,-2.430952,53.751371,4,2,1,2,2015-12-23,4,00:44,75,E10000017,1,65,3,70,0,-1,-1,0,0,0,4,2,2,0,0,2,1,E01025074,201201XH30158,1,1,1,1,24,5,3,0,0,0,0,0,9,1,Hyndburn
1667654,201504ED15623,374980.0,430570.0,-2.381084,53.770865,4,3,1,1,2015-12-23,4,10:55,75,E10000017,3,680,6,30,1,4,3,678,0,0,1,1,1,0,0,1,1,E01025034,201201XH30159,2,1,1,2,20,4,3,0,0,0,0,0,9,1,Hyndburn
1667655,201504ED15624,365890.0,426550.0,-2.518547,53.734216,4,3,1,1,2015-12-23,4,12:30,70,E06000008,3,674,6,30,9,4,6,0,2,4,1,1,1,0,0,1,1,E01012618,201201XH30160,1,2,1,1,33,6,3,0,0,0,0,0,9,1,
1667657,201504ED15626,373180.0,431840.0,-2.408504,53.782189,4,3,1,1,2015-12-27,1,13:35,75,E10000017,6,0,6,20,0,-1,-1,0,0,0,1,1,1,0,0,1,1,E01025060,201201XH30161,1,1,2,2,18,4,3,0,0,2,0,0,9,1,Hyndburn
1667658,201504ED15627,367360.0,426810.0,-2.496292,53.736648,4,3,1,1,2015-12-28,2,13:50,70,E06000008,6,0,6,30,3,4,6,0,0,0,1,1,1,0,0,1,1,E01012595,201201XH30161,1,2,2,1,16,4,2,0,0,1,0,0,9,1,
1667659,201504ED15628,373170.0,432190.0,-2.408686,53.785334,4,3,1,1,2015-12-27,1,17:30,75,E10000017,4,6535,6,30,3,4,6,0,0,0,4,2,2,0,0,1,1,E01025065,201201XH30161,1,3,2,2,18,4,3,0,0,2,0,0,9,1,Hyndburn
1667660,201504ED15629,367560.0,426530.0,-2.493231,53.734143,4,2,1,1,2015-12-26,7,16:19,70,E06000008,6,0,6,30,0,-1,-1,0,0,0,4,1,2,0,0,1,1,E01012624,201201XH30162,1,1,2,2,4,1,3,0,0,1,0,0,9,1,