,Accident_Index_x,Location_Easting_OSGR,Location_Northing_OSGR,Longitude,Latitude,Police_Force,Accident_Severity,Number_of_Vehicles,Number_of_Casualties,Date,Day_of_Week,Time,Local_Authority_(District),Local_Authority_(Highway),1st_Road_Class,1st_Road_Number,Road_Type,Speed_limit,Junction_Detail,Junction_Control,2nd_Road_Class,2nd_Road_Number,Pedestrian_Crossing-Human_Control,Pedestrian_Crossing-Physical_Facilities,Light_Conditions,Weather_Conditions,Road_Surface_Conditions,Special_Conditions_at_Site,Carriageway_Hazards,Urban_or_Rural_Area,Did_Police_Officer_Attend_Scene_of_Accident,LSOA_of_Accident_Location,Accident_Index_y,Vehicle_Reference,Casualty_Reference,Casualty_Class,Sex_of_Casualty,Age_of_Casualty,Age_Band_of_Casualty,Casualty_Severity,Pedestrian_Location,Pedestrian_Movement,Car_Passenger,Bus_or_Coach_Passenger,Pedestrian_Road_Maintenance_Worker,Casualty_Type,Casualty_Home_Area_Type,city
1673382,2015051503436,336659.0,391028.0,-2.954384,53.412242,5,3,3,1,2015-12-23,4,11:19,91,E08000012,6,0,6,30,0,-1,-1,0,0,0,1,1,1,0,0,1,1,E01006696,201204AL12004,1,1,3,1,21,5,3,5,1,0,0,0,0,-1,Liverpool
1673383,2015051503437,331834.0,391084.0,-3.026973,53.412143,5,2,2,2,2015-12-21,2,20:07,95,E08000015,3,5028,6,30,3,4,4,5145,0,0,4,1,2,0,0,1,1,E01007278,201204AL12005,2,1,1,2,38,7,3,0,0,0,0,0,9,1,
1673385,2015051503440,331124.0,403736.0,-3.04043,53.525754,5,2,3,1,2015-12-23,4,12:06,93,E08000014,4,5193,6,60,0,-1,-1,0,0,0,1,1,1,0,0,2,1,E01007076,201204AL12006,2,1,1,1,78,11,3,0,0,0,0,0,90,-1,
1673386,2015051503442,333751.0,417330.0,-3.003701,53.64826,5,2,1,1,2015-12-23,4,09:20,93,E08000014,6,0,6,20,3,4,6,0,0,0,1,1,1,0,0,1,1,E01006968,201204AL12007,2,1,1,2,47,8,3,0,0,0,0,0,9,1,
1673388,2015051503446,347548.0,389686.0,-2.790363,53.401377,5,3,1,1,2015-12-23,4,20:00,90,E08000011,1,62,3,70,0,-1,-1,0,0,0,4,1,1,0,0,2,1,E01006502,201204AL12008,2,2,2,2,41,7,3,0,0,1,0,0,9,1,Knowsley
1673389,2015051503447,334879.0,390224.0,-2.980993,53.404799,5,3,2,1,2015-12-23,4,22:27,91,E08000012,4,5339,6,30,0,-1,-1,0,0,0,4,1,2,0,0,1,1,E01033760,201204AL12009,1,1,1,2,41,7,3,0,0,0,0,0,9,1,Liverpool
1673390,2015051503448,338111.0,394313.0,-2.93319,53.441938,5,3,2,2,2015-12-23,4,23:00,91,E08000012,6,0,3,30,0,-1,-1,0,0,0,4,1,1,0,0,1,1,E01006732,201204AL12009,2,2,1,1,35,6,3,0,0,0,0,0,9,2,Liverpool
1673391,2015051503450,343043.0,392487.0,-2.858619,53.426084,5,3,2,4,2015-12-23,4,13:39,90,E08000011,4,5194,6,30,0,-1,-1,0,0,0,1,1,1,0,0,1,1,E01033228,201204AL12010,1,1,2,2,71,10,3,0,0,1,0,0,9,3,Knowsley
1673392,2015051503451,337840.0,388993.0,-2.936218,53.394093,5,3,2,2,2015-12-23,4,07:50,91,E08000012,6,0,6,30,6,2,3,562,0,5,1,1,1,0,0,1,1,E01006557,201204AL12011,1,1,1,1,37,7,3,0,0,0,0,0,9,3,Liverpool
1673393,2015051503452,335903.0,379005.0,-2.963316,53.304095,5,2,1,2,2015-12-24,5,07:30,95,E08000015,3,41,1,70,1,4,1,53,0,0,1,2,2,0,0,2,1,E01007168,201204AL12011,1,4,2,2,36,7,3,0,0,1,0,0,9,-1,
1673394,2015051503460,341677.0,398656.0,-2.880319,53.481377,5,3,1,1,2015-12-23,4,15:33,90,E08000011,6,0,6,20,0,-1,-1,0,0,0,1,1,1,0,0,1,1,E01006436,201204AL12011,2,2,1,2,37,7,3,0,0,0,0,0,9,3,Knowsley
1673395,2015051503461,340988.0,393498.0,-2.88973,53.434943,5,3,5,1,2015-12-24,5,13:10,91,E08000012,6,0,6,30,0,-1,-1,0,0,0,1,1,1,0,0,1,1,E01006644,201204AL12011,2,3,2,1,7,2,3,0,0,2,0,0,9,3,Liverpool
1673396,2015051503462,334739.0,390660.0,-2.983189,53.4087,5,3,2,1,2015-12-24,5,13:01,91,E08000012,6,0,6,30,3,2,6,0,0,8,1,9,1,0,0,1,2,E01033760,201204AL12012,1,1,1,2,17,4,3,0,0,0,0,0,9,3,Liverpool
1673398,2015051503464,327734.0,391943.0,-3.08884,53.419316,5,3,2,1,2015-12-25,6,08:37,95,E08000015,6,0,6,30,1,4,3,551,0,0,1,2,2,0,0,1,1,E01007210,201204AL12014,1,1,1,1,36,7,3,0,0,0,0,0,2,1,
1673399,2015051503465,338613.0,396594.0,-2.92608,53.462496,5,3,1,1,2015-12-25,6,17:40,91,E08000012,6,0,6,40,0,-1,-1,0,0,0,4,2,2,0,0,1,1,E01006660,201204AL12015,1,1,1,2,32,6,3,0,0,0,0,0,9,1,Liverpool
1673400,2015051503466,340268.0,399338.0,-2.901678,53.487348,5,2,2,1,2015-12-21,2,11:19,90,E08000011,4,5192,6,30,3,4,6,0,0,4,1,5,2,0,0,1,1,E01006456,201204AL12016,1,1,1,1,31,6,3,0,0,0,0,0,3,1,Knowsley
1673401,2015051503468,339156.0,392615.0,-2.917131,53.426799,5,2,1,1,2015-12-23,4,19:03,91,E08000012,3,5058,3,40,0,-1,-1,0,0,0,4,1,2,0,0,1,1,E01006617,201204AL12017,1,1,2,2,71,10,3,0,0,1,0,0,9,1,Liverpool
1673402,2015051503469,342461.0,391709.0,-2.867234,53.419028,5,2,3,1,2015-12-23,4,15:15,91,E08000012,6,0,6,30,0,-1,-1,0,0,0,1,1,1,0,0,1,1,E01006643,201204AL12018,1,1,1,1,41,7,3,0,0,0,0,0,9,1,Knowsley
1673404,2015051503474,338112.0,393745.0,-2.933063,53.436833,5,3,2,1,2015-12-26,7,14:10,91,E08000012,3,5058,3,30,6,2,3,580,0,5,1,2,2,0,0,1,1,E01006603,201204AL12019,1,1,3,2,40,7,3,6,8,0,0,0,0,1,Liverpool
1673405,2015051503476,360003.0,388449.0,-2.602891,53.391352,5,3,1,1,2015-12-25,6,21:45,92,E08000013,6,0,6,30,0,-1,-1,0,0,0,4,2,2,0,0,1,1,E01033302,201204AL12020,1,1,1,1,20,4,3,0,0,0,0,0,9,3,
1673406,2015051503477,334661.0,393349.0,-2.98492,53.432857,5,2,1,1,2015-12-26,7,17:55,91,E08000012,3,567,6,30,3,4,6,0,0,0,4,1,2,0,0,1,1,E01006778,201204AL12021,1,1,1,1,26,6,3,0,0,0,0,0,9,1,Liverpool
1673407,2015051503479,342210.0,391871.0,-2.87104,53.420456,5,2,2,1,2015-12-21,2,16:55,91,E08000012,3,57,3,40,6,4,6,0,0,0,4,1,2,0,0,1,1,E01006643,201204AL12022,1,1,1,1,18,4,3,0,0,0,0,0,9,1,Liverpool
1673408,2015051503480,336264.0,417948.0,-2.965817,53.654126,5,2,2,1,2015-12-26,7,11:10,93,E08000014,6,0,6,30,1,4,3,5267,0,0,1,2,2,0,0,1,1,E01007062,201204AL12022,1,2,2,2,17,4,3,0,0,2,0,0,9,-1,
1673409,2015051503482,339292.0,392188.0,-2.915002,53.422977,5,2,2,1,2015-12-23,4,14:38,91,E08000012,6,0,6,40,9,4,3,5058,0,0,1,1,1,0,0,1,1,E01006621,201204AL12022,1,3,2,1,19,4,3,0,0,1,0,0,9,-1,Liverpool
1673410,2015051503483,336985.0,403765.0,-2.95204,53.526751,5,3,1,1,2015-12-22,3,15:45,93,E08000014,3,5147,6,30,0,-1,-1,0,0,0,1,1,1,0,0,1,1,E01007069,201204AL12022,1,4,2,1,19,4,3,0,0,2,0,0,9,-1,
1673411,2015051503484,335417.0,418564.0,-2.978759,53.659558,5,2,1,1,2015-12-27,1,09:40,93,E08000014,3,565,6,30,6,4,6,0,0,0,1,1,1,0,0,1,1,E01006949,201204AL12023,1,1,1,1,24,5,3,0,0,0,0,0,9,1,
1673412,2015051503488,348678.0,398731.0,-2.774847,53.482782,5,3,2,1,2015-12-27,1,11:00,92,E08000013,4,5203,6,60,1,4,3,570,0,0,1,1,1,0,0,1,1,E01006885,201204AL12023,1,2,2,2,27,6,3,0,0,1,0,0,9,1,St Helens
1673413,2015051503489,341659.0,397157.0,-2.880312,53.467903,5,3,1,1,2015-12-27,1,11:30,90,E08000011,6,0,6,30,3,4,6,0,0,0,1,1,1,0,0,1,1,E01006418,201204AL12024,1,1,1,2,60,9,2,0,0,0,0,0,9,2,Knowsley
1673414,2015051503490,335218.0,393986.0,-2.976669,53.438651,5,2,2,3,2015-12-24,5,15:34,91,E08000012,6,0,6,30,6,4,6,0,0,0,1,1,1,0,0,1,1,E01006701,201204AL12024,2,2,1,2,43,7,3,0,0,0,0,0,9,3,Liverpool
1673415,2015051503491,337038.0,390577.0,-2.948593,53.408234,5,3,2,1,2015-12-26,7,21:00,91,E08000012,3,5089,6,30,6,2,3,5047,0,0,4,1,2,0,0,1,1,E01006691,201204AL12025,1,1,1,1,23,5,3,0,0,0,0,0,3,1,Liverpool
1673416,2015051503492,342491.0,384142.0,-2.865402,53.351022,5,3,3,7,2015-12-27,1,11:45,91,E08000012,3,562,6,30,0,-1,-1,0,0,0,1,1,1,0,0,1,1,E01006743,201204AL12026,2,1,1,2,52,8,2,0,0,0,0,0,9,-1,Liverpool
1673417,2015051503495,336911.0,400166.0,-2.95243,53.494397,5,3,2,2,2015-12-27,1,11:30,93,E08000014,3,5758,3,50,6,2,3,59,0,0,1,1,1,0,0,2,1,E01007038,201204AL12027,1,1,1,2,77,11,3,0,0,0,0,0,9,1,
1673418,2015051503496,332263.0,386066.0,-3.019442,53.367101,5,3,3,2,2015-12-27,1,11:04,95,E08000015,6,0,6,30,3,4,4,5148,0,0,1,1,1,0,0,1,1,E01007178,201204AL12027,2,2,1,1,65,9,3,0,0,0,0,0,9,1,
1673419,2015051503498,359089.0,395740.0,-2.617583,53.456814,5,3,2,1,2015-12-26,7,22:00,92,E08000013,3,49,6,30,6,2,6,0,0,4,4,1,1,0,0,1,2,E01006859,201204AL12028,2,1,2,1,20,4,3,0,0,2,0,0,9,1,St Helens
1673420,2015051503500,337053.0,389435.0,-2.948139,53.397972,5,2,1,1,2015-12-27,1,17:30,91,E08000012,6,0,6,30,3,4,3,562,0,0,4,1,1,0,0,1,1,E01006556,201204AL12029,1,2,2,2,31,6,3,0,0,1,0,0,9,3,Liverpool
1673421,2015051503501,335840.0,394117.0,-2.967334,53.439904,5,3,3,1,2015-12-28,2,19:00,91,E08000012,6,0,6,30,3,4,6,0,0,0,4,1,1,0,0,1,1,E01006615,201204AL12029,2,1,1,1,38,7,3,0,0,0,0,0,9,1,Liverpool
1673422,2015051503502,338944.0,395669.0,-2.920915,53.454222,5,3,3,1,2015-12-28,2,17:45,91,E08000012,3,580,3,40,0,-1,-1,0,0,0,4,1,1,0,0,1,1,E01006660,201204AL12029,2,3,2,2,30,6,3,0,0,1,0,0,9,1,Liverpool
1673423,2015051503504,350913.0,395139.0,-2.740608,53.450712,5,3,2,1,2015-12-24,5,13:40,92,E08000013,6,0,6,40,9,2,3,58,2,4,1,1,1,0,0,1,1,E01006832,201204AL12030,1,1,1,2,32,6,3,0,0,0,0,0,9,2,
1673424,2015051503505,350958.0,395125.0,-2.739929,53.45059,5,3,1,1,2015-12-27,1,01:35,92,E08000013,6,0,6,20,0,-1,-1,0,0,1,4,1,1,0,0,1,2,E01006832,201204AL12031,1,3,2,2,76,11,2,0,0,1,0,0,9,1,St Helens
1673425,2015051503510,332551.0,386966.0,-3.015307,53.375226,5,2,1,1,2015-12-30,4,20:15,95,E08000015,4,5149,6,30,0,-1,-1,0,0,0,4,2,2,0,0,1,1,E01007296,201204AL12031,2,1,1,2,26,6,3,0,0,0,0,0,19,1,
1673426,2015051503511,339277.0,388469.0,-2.914511,53.389551,5,3,1,1,2015-12-30,4,20:55,91,E08000012,6,0,6,30,3,4,6,0,0,0,4,2,2,0,0,1,1,E01006593,201204AL12031,3,2,1,1,60,9,3,0,0,0,0,0,9,1,Liverpool
1673427,2015051503512,335025.0,396508.0,-2.980096,53.461292,5,3,1,1,2015-12-30,4,22:50,93,E08000014,3,566,6,30,1,4,3,566,0,0,4,1,2,0,0,1,1,E01007051,201204AL12031,3,4,2,1,20,4,3,0,0,1,0,0,9,1,
1673430,2015051503518,339533.0,396029.0,-2.912116,53.457525,5,3,2,1,2015-12-30,4,21:55,91,E08000012,6,0,2,30,0,-1,-1,0,0,0,4,4,2,0,0,1,2,E01006662,201204AL12034,1,1,1,1,19,4,3,0,0,0,0,0,9,1,Liverpool
1673435,2015051600006,349136.0,397254.0,-2.767706,53.469552,5,3,2,1,2015-12-26,7,16:20,92,E08000013,3,580,3,40,7,2,3,570,0,5,4,2,2,0,0,1,1,E01006914,201204AL12036,2,1,1,1,27,6,3,0,0,0,0,0,19,1,St Helens
1673440,2015051600043,339010.0,395720.0,-2.919931,53.454688,5,3,2,1,2015-12-23,4,11:27,91,E08000012,3,580,3,40,5,4,6,0,0,0,1,1,1,0,0,1,1,E01006660,201204AL12040,2,2,1,2,25,5,3,0,0,0,0,0,9,1,Liverpool
1673450,2015051600179,334315.0,391536.0,-2.989749,53.41652,5,3,3,2,2015-12-21,2,21:17,91,E08000012,3,5038,6,30,3,4,6,0,0,0,4,1,1,0,0,1,1,E01006776,201204AL12047,2,2,2,2,90,11,3,0,0,2,0,0,9,-1,Liverpool
1673742,201506A009820,385000.0,398380.0,-2.227499,53.481923,6,3,1,1,2015-12-22,3,03:30,102,E08000003,3,665,6,30,0,-1,-1,0,0,0,4,1,2,0,0,1,1,E01033659,201204AM12072,1,1,3,2,71,10,3,10,8,0,0,0,0,1,Manchester
1673743,201506A009826,388790.0,402300.0,-2.17053,53.517253,6,2,4,1,2015-12-22,3,20:55,102,E08000003,5,0,6,30,0,-1,-1,0,0,0,4,1,2,0,0,1,1,E01005250,201204AM12073,1,1,1,1,41,7,2,0,0,0,0,0,9,1,Manchester
1673746,201506A009877,384770.0,398520.0,-2.230972,53.483175,6,3,2,1,2015-12-23,4,19:50,102,E08000003,3,62,6,30,6,4,6,0,0,0,4,1,1,0,0,1,1,E01033659,201204AM12075,1,1,1,1,19,4,3,0,0,0,0,0,9,1,Manchester
1673747,201506A009925,385960.0,402470.0,-2.213218,53.518712,6,3,2,4,2015-12-20,1,14:00,102,E08000003,3,664,6,30,3,4,6,0,0,0,1,1,1,0,0,1,1,E01005140,201204AM12076,1,1,1,2,41,7,3,0,0,0,0,0,9,3,Manchester
1673749,201506A009939,384970.0,397720.0,-2.227919,53.47599,6,3,2,1,2015-12-21,2,23:15,102,E08000003,6,0,6,30,6,2,4,6469,0,0,4,2,2,0,0,1,1,E01033661,201204AM12078,1,1,3,2,74,10,1,4,9,0,0,0,0,1,Manchester
1673750,201506A010063,384570.0,401420.0,-2.234129,53.509236,6,3,1,2,2015-12-30,4,15:00,102,E08000003,6,0,6,30,3,4,6,0,0,0,1,2,2,0,0,1,1,E01005146,201204AM12079,1,1,1,2,65,9,3,0,0,0,0,0,9,1,Manchester
1673752,201506A010086,388040.0,396770.0,-2.181628,53.467531,6,3,2,1,2015-12-28,2,12:18,102,E08000003,5,0,6,30,3,4,6,0,0,0,1,1,1,0,0,1,1,E01005186,201204AM12079,3,3,1,2,25,5,3,0,0,0,0,0,9,1,Manchester
1673753,201506A010100,383790.0,401850.0,-2.245913,53.513077,6,3,1,1,2015-12-29,3,16:35,102,E08000003,3,665,6,30,6,2,6,0,0,5,4,1,1,0,0,1,2,E01005651,201204AM12079,3,4,2,2,26,6,3,0,0,1,0,0,9,1,Manchester
1673754,201506A010182,389080.0,402730.0,-2.166172,53.521124,6,3,2,2,2015-12-20,1,19:20,102,E08000003,3,663,3,40,6,2,5,0,0,8,4,1,1,0,0,1,1,E01005251,201204AM12080,1,1,1,2,69,10,3,0,0,0,0,0,9,1,Manchester
1673755,201506A010200,383530.0,397970.0,-2.249628,53.478194,6,3,1,1,2015-12-28,2,17:00,102,E08000003,3,56,6,30,6,2,3,34,0,5,7,8,2,0,0,1,1,E01033677,201204AM12080,1,2,2,1,25,5,3,0,0,1,0,0,9,1,Manchester
1674077,201506E009881,385590.0,394490.0,-2.218429,53.446975,6,3,1,1,2015-12-20,1,10:51,102,E08000003,3,6010,3,30,0,-1,-1,0,0,4,1,1,2,0,0,1,1,E01005281,201204AX12004,1,1,3,2,34,6,3,5,3,0,0,0,0,-1,Manchester
1674084,201506E010224,383000.0,395120.0,-2.257459,53.45256,6,3,2,1,2015-12-21,2,08:45,102,E08000003,5,0,6,30,3,4,6,0,0,0,1,1,1,0,0,1,2,E01033680,201204AX12009,2,2,1,1,51,8,3,0,0,0,0,0,5,1,Manchester
1674085,201506E010323,384130.0,386090.0,-2.239985,53.37143,6,3,3,1,2015-12-30,4,12:05,102,E08000003,4,5166,6,30,6,2,5,0,0,5,1,5,1,0,0,1,1,E01005294,201204AX12010,2,1,1,1,61,9,3,0,0,0,0,0,19,1,Manchester
1674087,201506E010528,385050.0,395690.0,-2.226617,53.457746,6,3,2,1,2015-12-30,4,16:45,102,E08000003,4,5117,6,30,6,2,4,5219,0,5,4,1,2,0,0,1,1,E01005284,201204AX12012,1,1,1,2,36,7,3,0,0,0,0,0,9,1,Manchester
1674088,201506E010564,382000.0,394000.0,-2.272452,53.44246,6,2,1,1,2015-12-29,3,12:09,102,E08000003,3,6010,6,30,8,4,6,0,0,0,1,1,1,0,0,1,2,E01005296,201204AX12013,1,1,1,1,71,10,3,0,0,0,0,0,9,1,Manchester
1674318,201506F009469,375490.0,399350.0,-2.370876,53.490283,6,3,2,2,2015-12-20,1,19:28,107,E08000006,4,5211,6,30,6,4,6,0,0,0,7,1,1,0,0,1,1,E01005726,201204BA12047,1,1,1,1,20,4,3,0,0,0,0,0,9,1,Salford
1674321,201506F009770,371140.0,392430.0,-2.435798,53.427863,6,3,1,2,2015-12-21,2,13:30,107,E08000006,5,0,3,30,3,4,6,0,0,4,1,1,2,0,0,1,2,E01005618,201204BA12049,1,1,3,2,9,2,3,5,1,0,0,0,0,1,Salford
1674325,201506F009909,380520.0,398250.0,-2.294998,53.480607,6,3,2,2,2015-12-24,5,09:10,107,E08000006,3,57,6,30,6,2,3,5186,0,5,1,1,2,0,0,1,1,E01005723,201204BA12053,2,1,1,1,35,6,3,0,0,0,0,0,9,1,Salford
1674328,201506F010252,373250.0,404140.0,-2.405046,53.533227,6,2,1,1,2015-12-28,2,13:30,107,E08000006,6,0,6,30,3,4,6,0,0,0,1,1,1,0,0,1,1,E01005702,201204BA12055,1,1,1,1,38,7,3,0,0,0,0,0,1,1,Salford
1674329,201506F010333,375520.0,399410.0,-2.370429,53.490824,6,2,2,1,2015-12-29,3,19:42,107,E08000006,6,0,6,20,6,4,6,0,0,0,4,1,2,0,0,1,1,E01005726,201204BA12056,1,1,1,1,67,10,2,0,0,0,0,0,5,1,Salford
1674551,201506G009813,396890.0,399470.0,-2.048343,53.491928,6,3,2,2,2015-12-22,3,15:35,110,E08000008,3,635,6,40,3,4,6,0,0,0,4,2,2,0,0,1,1,E01006063,201204BB12038,2,1,1,1,53,8,2,0,0,0,0,0,1,3,Tameside
1674555,201506G010452,394990.0,396420.0,-2.076931,53.464498,6,3,2,1,2015-12-24,5,17:05,110,E08000008,4,6170,6,30,3,4,6,0,0,0,4,1,1,0,0,1,2,E01006033,201204BB12041,2,2,2,2,20,4,3,0,0,1,0,0,19,2,Tameside
1674771,201506J010157,385360.0,386170.0,-2.221502,53.372185,6,3,2,1,2015-12-29,3,12:00,109,E08000007,6,0,6,30,3,4,5,0,0,0,1,1,1,0,0,1,2,E01005846,201204BC12028,2,1,1,1,53,8,2,0,0,0,0,0,5,1,
1674772,201506J011006,389030.0,389420.0,-2.166457,53.401487,6,3,1,1,2015-12-29,3,12:01,109,E08000007,6,0,6,30,6,4,6,0,0,0,1,1,1,0,0,1,2,E01005764,201204BC12029,2,1,1,1,43,7,2,0,0,0,0,0,1,1,
1674773,201506J011029,393640.0,392220.0,-2.097179,53.426732,6,3,3,1,2015-12-21,2,21:50,109,E08000007,3,560,6,30,3,4,6,0,0,0,4,1,1,0,0,1,1,E01005745,201204BC12030,1,1,1,2,45,7,2,0,0,0,0,0,9,-1,
1675059,201506K009560,371630.0,410300.0,-2.430048,53.588508,6,3,2,1,2015-12-22,3,22:05,100,E08000001,3,666,6,30,6,2,3,6099,0,5,4,1,2,4,0,1,1,E01004822,201204CA12003,2,1,1,2,42,7,3,0,0,0,0,0,9,1,Bolton
1675064,201506K009862,367090.0,409320.0,-2.498526,53.579433,6,2,2,3,2015-12-25,6,22:05,100,E08000001,3,673,6,40,3,4,6,0,0,0,4,2,2,0,0,1,1,E01004844,201204CA12007,2,1,1,2,30,6,3,0,0,0,0,0,9,2,Bolton
1675066,201506K009871,371630.0,410280.0,-2.430046,53.588328,6,3,6,1,2015-12-22,3,09:25,100,E08000001,3,666,6,30,6,2,3,666,0,5,1,1,1,0,0,1,1,E01004822,201204CA12008,2,1,1,2,35,6,3,0,0,0,0,0,9,1,Bolton
1675068,201506K009974,371250.0,410660.0,-2.435822,53.591723,6,3,2,1,2015-12-22,3,20:15,100,E08000001,3,6099,1,30,2,4,5,0,0,8,7,2,2,0,0,1,1,E01004820,201204CA12010,2,1,1,1,32,6,3,0,0,0,0,0,1,2,Bolton
1675069,201506K009998,371810.0,410200.0,-2.42732,53.587619,6,3,2,2,2015-12-22,3,17:10,100,E08000001,4,6207,6,30,3,4,6,0,0,0,4,1,2,0,0,1,1,E01033220,201204CA12012,1,1,3,1,44,7,3,6,9,0,0,0,0,1,Bolton
1675071,201506K010037,373580.0,405770.0,-2.400206,53.547894,6,3,3,1,2015-12-26,7,09:47,100,E08000001,3,575,6,30,6,2,5,0,0,5,1,2,2,0,0,1,1,E01004859,201204CA12014,1,3,2,1,29,6,3,0,0,1,0,0,19,1,Bolton
1675072,201506K010055,370910.0,413330.0,-2.441208,53.615702,6,2,2,1,2015-12-28,2,11:19,100,E08000001,6,0,6,30,0,-1,-1,0,0,0,1,1,1,0,0,1,1,E01004768,201204CA12014,2,1,1,1,75,10,3,0,0,0,0,0,9,3,Bolton
1675073,201506K010077,372360.0,407590.0,-2.418779,53.564189,6,3,2,1,2015-12-25,6,13:13,100,E08000001,5,0,6,30,0,-1,-1,0,0,0,1,1,1,0,0,1,1,E01004811,201204CA12014,2,2,2,2,71,10,2,0,0,2,0,0,9,3,Bolton
1675076,201506K010227,372830.0,407060.0,-2.411637,53.55945,6,3,2,1,2015-12-24,5,15:00,100,E08000001,5,0,6,30,1,4,5,0,0,0,1,1,1,0,0,1,2,E01004812,201204CA12016,1,1,1,1,29,6,2,0,0,0,0,0,9,1,Bolton
1675079,201506K010411,369850.0,407910.0,-2.456705,53.566927,6,3,2,3,2015-12-27,1,17:45,100,E08000001,6,0,6,30,6,4,6,0,0,0,4,1,1,0,0,1,1,E01004834,201204CA12017,1,3,2,2,19,4,3,0,0,1,0,0,9,1,Bolton
1675083,201506K011125,372800.0,410630.0,-2.412403,53.591536,6,3,2,1,2015-12-21,2,16:20,100,E08000001,3,676,6,30,3,4,6,0,0,0,4,1,2,0,0,1,1,E01004926,201204CA12019,1,1,1,1,44,7,3,0,0,0,0,0,9,1,Bolton
1675326,201506L009746,360160.0,403220.0,-2.602407,53.524126,6,3,2,1,2015-12-23,4,17:10,114,E08000010,5,0,6,30,3,4,6,0,0,0,4,1,1,0,0,1,1,E01006213,201204CA12197,2,2,2,2,50,8,3,0,0,1,0,0,9,1,
1675331,201506L009787,365730.0,400980.0,-2.518149,53.504386,6,3,2,2,2015-12-21,2,10:07,114,E08000010,4,5215,6,30,6,2,5,0,0,5,1,2,2,0,0,1,1,E01006338,201204CA12201,1,2,2,1,18,4,3,0,0,1,0,0,9,1,
1675332,201506L009791,358820.0,405740.0,-2.62295,53.546671,6,3,2,1,2015-12-21,2,10:40,114,E08000010,4,5238,6,30,3,4,6,0,0,4,1,2,2,0,0,1,1,E01006386,201204CA12202,1,1,1,1,35,6,3,0,0,0,0,0,9,1,
1675333,201506L009797,354520.0,404700.0,-2.687689,53.536968,6,2,1,1,2015-12-25,6,18:40,114,E08000010,3,577,6,30,3,4,6,0,0,4,4,2,2,0,0,1,1,E01006399,201204CA12202,2,2,1,2,50,8,3,0,0,0,0,0,9,1,
1675337,201506L010202,360890.0,408750.0,-2.59209,53.573883,6,3,2,2,2015-12-21,2,19:40,114,E08000010,4,5239,6,30,3,4,6,0,0,0,4,1,1,0,0,2,1,E01006231,201204CA12205,2,1,1,2,28,6,3,0,0,0,0,0,9,3,
1675339,201506L010400,358280.0,405160.0,-2.631022,53.541416,6,3,2,1,2015-12-28,2,13:05,114,E08000010,3,49,3,30,3,2,3,49,0,5,1,1,1,0,0,1,1,E01006349,201204CA12206,2,2,2,2,8,2,3,0,0,2,0,0,9,1,
1675586,201506M009890,377380.0,389810.0,-2.341702,53.40462,6,3,1,1,2015-12-29,3,16:50,112,E08000009,4,5165,6,30,3,4,6,0,0,4,4,1,1,0,0,1,1,E01006090,201204CJ12130,1,2,2,1,18,4,3,0,0,1,0,0,9,3,Trafford
1675589,201506M010026,379490.0,395010.0,-2.310305,53.451446,6,2,2,1,2015-12-22,3,15:10,112,E08000009,5,0,6,30,9,4,6,0,0,0,1,2,2,0,0,1,1,E01006181,201204CJ12133,1,1,1,1,34,6,2,0,0,0,0,0,9,1,Trafford
1675590,201506M010191,378320.0,396800.0,-2.328047,53.467488,6,3,3,2,2015-12-30,4,16:35,112,E08000009,3,5081,3,40,0,-1,-1,0,0,0,4,1,2,0,0,1,1,E01006158,201204CJ12133,1,2,2,1,28,6,3,0,0,1,0,0,9,1,Trafford
1675592,201506M010249,378740.0,394300.0,-2.32155,53.445034,6,3,1,1,2015-12-30,4,15:19,112,E08000009,4,5213,6,30,3,4,6,0,0,4,4,1,2,0,0,1,1,E01006184,201204CJ12135,1,1,3,1,70,10,3,5,1,0,0,0,0,1,Trafford
1675595,201506M010397,379050.0,389070.0,-2.316534,53.398037,6,3,3,1,2015-12-22,3,17:05,112,E08000009,4,5165,6,30,3,4,6,0,0,1,4,1,1,0,0,1,1,E01006204,201204CJ12137,1,1,1,1,40,7,3,0,0,0,0,0,5,3,Trafford
1675597,201506M010675,379390.0,395040.0,-2.311813,53.451711,6,2,1,1,2015-12-22,3,17:50,112,E08000009,6,0,9,30,0,-1,-1,0,0,0,4,1,2,0,0,1,1,E01006181,201204CJ12138,2,2,2,2,82,11,3,0,0,1,0,0,9,2,Trafford
1675598,201506M011305,376730.0,389580.0,-2.351461,53.402524,6,3,1,1,2015-12-29,3,23:00,112,E08000009,3,56,6,30,3,4,6,0,0,0,4,2,2,0,0,1,1,E01006089,201204CJ12139,1,1,1,1,82,11,1,0,0,0,0,0,9,1,Trafford
1675599,201506M011354,377040.0,387380.0,-2.346638,53.382763,6,3,3,1,2015-12-29,3,18:20,112,E08000009,5,0,6,20,0,-1,-1,0,0,0,4,5,2,0,0,1,1,E01006194,201204CJ12140,1,2,2,1,41,7,3,0,0,2,0,0,9,2,Trafford
1675600,201506M011402,379880.0,385480.0,-2.303821,53.365801,6,3,2,1,2015-12-26,7,19:05,112,E08000009,3,538,6,30,9,4,6,0,0,0,7,9,1,0,0,1,2,E01006137,201204CJ12140,2,1,1,2,34,6,3,0,0,0,0,0,9,2,Trafford