,Accident_Index_x,Location_Easting_OSGR,Location_Northing_OSGR,Longitude,Latitude,Police_Force,Accident_Severity,Number_of_Vehicles,Number_of_Casualties,Date,Day_of_Week,Time,Local_Authority_(District),Local_Authority_(Highway),1st_Road_Class,1st_Road_Number,Road_Type,Speed_limit,Junction_Detail,Junction_Control,2nd_Road_Class,2nd_Road_Number,Pedestrian_Crossing-Human_Control,Pedestrian_Crossing-Physical_Facilities,Light_Conditions,Weather_Conditions,Road_Surface_Conditions,Special_Conditions_at_Site,Carriageway_Hazards,Urban_or_Rural_Area,Did_Police_Officer_Attend_Scene_of_Accident,LSOA_of_Accident_Location,Accident_Index_y,Vehicle_Reference,Casualty_Reference,Casualty_Class,Sex_of_Casualty,Age_of_Casualty,Age_Band_of_Casualty,Casualty_Severity,Pedestrian_Location,Pedestrian_Movement,Car_Passenger,Bus_or_Coach_Passenger,Pedestrian_Road_Maintenance_Worker,Casualty_Type,Casualty_Home_Area_Type,city
1681986,2015100807415,436245.0,546141.0,-1.437609,54.808831,10,3,2,1,2015-12-26,7,06:23,150,E08000024,3,182,6,30,3,2,6,5004,0,0,4,2,2,0,0,1,1,E01008744,201205EE03451,1,1,3,1,50,8,3,5,1,0,0,0,0,-1,Sunderland
1681988,2015100808315,425514.0,568081.0,-1.602626,55.006644,10,3,1,1,2015-12-21,2,14:08,147,E08000021,3,189,6,30,0,-1,-1,0,0,4,1,1,1,0,0,1,2,E01008424,201205EE03457,1,1,1,1,29,6,3,0,0,0,0,0,1,1,Newcastle upon Tyne
1681989,2015100808415,418775.0,563337.0,-1.708296,54.964312,10,3,2,1,2015-12-22,3,15:33,146,E08000020,4,6317,6,30,3,4,6,4248,0,0,1,1,1,0,0,1,1,E01008181,201205EE03468,1,1,1,1,13,3,3,0,0,0,0,0,1,-1,Gateshead
1681992,2015100809415,437366.0,554971.0,-1.419031,54.888094,10,3,1,1,2015-12-21,2,18:53,150,E08000024,3,690,3,30,7,2,4,1405,0,5,4,1,2,0,0,1,1,E01008828,201205EE03470,2,1,2,1,10,2,3,0,0,1,0,0,9,1,Sunderland
1681993,2015100810015,425192.0,564002.0,-1.608017,54.970006,10,3,2,1,2015-12-20,1,09:17,147,E08000021,3,167,7,30,5,4,3,167,0,0,1,1,2,0,0,1,1,E01033553,201205EE03474,2,1,1,2,27,6,3,0,0,0,0,0,1,-1,Newcastle upon Tyne
1681997,2015100810415,426007.0,571744.0,-1.594586,55.039534,10,2,2,3,2015-12-25,6,22:53,148,E08000022,3,1056,6,40,0,-1,-1,0,0,8,4,2,2,0,0,2,1,E01008577,201205EE03508,2,1,1,1,36,7,3,0,0,0,0,0,1,-1,North Tyneside
1681998,2015100810515,433798.0,575588.0,-1.472226,55.073608,10,3,1,1,2015-12-22,3,09:00,139,E06000048,4,1325,6,40,0,-1,-1,0,0,0,1,1,2,0,0,2,1,E01027419,201205EE03516,2,1,1,1,27,6,3,0,0,0,0,0,1,1,
1682000,2015100810815,429037.0,572421.0,-1.547107,55.04545,10,3,1,1,2015-12-28,2,23:00,148,E08000022,3,1056,6,40,0,-1,-1,0,0,0,4,2,2,0,0,2,1,E01008565,201205EE03519,1,2,2,2,9,2,3,0,0,1,0,0,9,-1,North Tyneside
1682001,2015100810915,438320.0,556707.0,-1.40393,54.903622,10,3,4,1,2015-12-26,7,14:24,150,E08000024,6,5239,6,30,6,4,6,5239,0,0,1,2,2,0,0,1,1,E01008707,201205EE03525,1,1,3,1,30,6,3,5,1,0,0,0,0,-1,Sunderland
1682002,2015100811215,433653.0,563457.0,-1.47592,54.964612,10,3,4,4,2015-12-24,5,14:58,149,E08000023,3,194,3,70,0,-1,-1,0,0,0,1,1,2,0,2,1,1,E01008631,201205EE03533,1,1,3,1,52,8,3,5,1,0,0,0,0,1,South Tyneside
1682004,2015100811915,429428.0,569536.0,-1.541284,55.019503,10,3,1,2,2015-12-27,1,15:14,148,E08000022,3,191,6,30,0,-1,-1,0,0,4,1,1,1,0,0,2,1,E01008501,201205EE03556,2,1,1,2,19,4,3,0,0,0,0,0,1,1,North Tyneside
1682008,2015100812815,429453.0,554830.0,-1.542396,54.887354,10,3,2,1,2015-12-23,4,19:50,150,E08000024,3,195,3,60,5,4,6,5124,0,0,4,8,1,0,0,2,2,E01008866,201205EE03627,1,1,1,2,22,5,3,0,0,0,0,0,10,1,
1682009,2015100813115,422045.0,563983.0,-1.657176,54.969984,10,3,2,1,2015-12-23,4,13:00,147,E08000021,6,1120,6,20,3,3,4,1311,0,0,1,1,1,0,0,1,2,E01008332,201205EE03627,2,2,1,2,44,7,3,0,0,0,0,0,9,1,Newcastle upon Tyne
1682011,2015100813715,433903.0,559175.0,-1.472519,54.926117,10,3,2,1,2015-12-29,3,10:37,150,E08000024,3,1290,6,40,0,-1,-1,0,0,0,1,1,1,0,0,2,1,E01008855,201205EE03628,2,2,1,1,36,7,3,0,0,0,0,0,9,-1,Sunderland
1682013,2015100814015,424988.0,563909.0,-1.611212,54.969181,10,3,1,1,2015-12-20,1,02:00,147,E08000021,3,186,2,30,3,2,3,186,0,4,4,2,2,0,0,1,2,E01033543,201205EE03638,2,1,1,1,42,7,3,0,0,0,0,0,9,1,Newcastle upon Tyne
1682015,2015100814515,434783.0,556899.0,-1.459063,54.905605,10,2,1,2,2015-12-30,4,22:24,150,E08000024,3,19,3,70,0,-1,-1,0,0,0,6,1,1,0,0,2,1,E01008695,201205EE03643,1,1,3,2,11,3,3,5,3,0,0,0,0,-1,Sunderland
1682016,2015100815015,433454.0,555063.0,-1.480001,54.889197,10,2,2,1,2015-12-30,4,05:45,150,E08000024,6,5154,6,30,0,-1,-1,0,0,0,6,4,2,0,0,2,2,E01032484,201205EE03689,1,1,2,1,10,2,3,0,0,0,0,0,19,-1,Sunderland
1682017,2015100815515,437678.0,554825.0,-1.414187,54.886759,10,3,1,1,2015-12-27,1,21:05,150,E08000024,4,1405,3,30,0,-1,-1,0,0,0,4,1,2,0,0,1,1,E01008828,201205EE03691,1,1,1,2,26,6,3,0,0,0,0,0,9,-1,Sunderland
1682019,2015100816815,374077.0,564043.0,-2.406468,54.970325,10,3,2,1,2015-12-26,7,10:55,139,E06000048,3,69,6,60,0,-1,-1,0,0,0,1,2,2,0,0,2,1,E01027484,201205EE03691,2,3,1,2,54,8,3,0,0,0,0,0,9,1,
1682020,2015100817215,424303.0,569049.0,-1.621477,55.015402,10,3,3,1,2015-12-21,2,11:10,147,E08000021,4,1318,6,30,0,-1,-1,0,0,0,1,1,1,0,0,1,1,E01008358,201205EE03691,2,4,2,2,46,8,3,0,0,1,0,0,9,1,Newcastle upon Tyne
1682022,2015100817715,420950.0,569171.0,-1.673902,55.01665,10,3,2,2,2015-12-21,2,17:15,147,E08000021,5,107,6,30,0,-1,-1,0,0,0,4,1,2,0,0,1,1,E01008458,201205EE03703,1,2,2,1,24,5,3,0,0,0,3,0,11,-1,Newcastle upon Tyne
1682025,2015100818615,433357.0,567323.0,-1.480095,54.999371,10,1,2,2,2015-12-23,4,12:15,148,E08000022,3,187,3,40,0,-1,-1,0,0,0,1,1,1,0,0,2,1,E01008540,201205EE03703,1,5,2,2,50,8,3,0,0,0,3,0,11,1,North Tyneside
1682026,2015100819615,426704.0,564741.0,-1.584331,54.976569,10,3,1,1,2015-12-29,3,11:30,147,E08000021,4,1312,6,30,3,2,6,1221,0,4,1,1,1,0,0,1,2,E01008304,201205EE03703,1,6,2,1,68,10,3,0,0,0,3,0,11,1,Newcastle upon Tyne
1682027,2015100819715,428432.0,562125.0,-1.557593,54.952966,10,3,2,2,2015-12-23,4,13:00,146,E08000020,3,184,3,50,0,-1,-1,0,0,0,1,1,2,0,0,1,1,E01008215,201205EE03703,1,7,2,1,20,4,3,0,0,0,3,0,11,1,Gateshead
1682029,2015100820215,428331.0,564486.0,-1.558938,54.974188,10,3,1,1,2015-12-20,1,14:50,147,E08000021,4,1313,1,30,1,4,6,1175,0,0,1,1,1,0,0,1,2,E01008426,201205EE03703,1,9,2,2,17,4,3,0,0,0,3,0,11,-1,Newcastle upon Tyne
1682030,2015100820715,420993.0,563014.0,-1.673679,54.961322,10,3,2,2,2015-12-21,2,16:44,146,E08000020,5,327,6,30,6,2,6,4220,0,0,4,1,1,0,0,1,1,E01008262,201205EE03703,1,10,2,2,22,5,3,0,0,0,3,0,11,-1,Gateshead
1682031,2015100820815,421008.0,567536.0,-1.673115,55.001956,10,3,3,3,2015-12-23,4,16:55,147,E08000021,3,1,3,70,0,-1,-1,0,0,0,4,1,1,0,0,1,1,E01008296,201205EE03703,1,11,2,2,14,3,3,0,0,0,3,0,11,1,Newcastle upon Tyne
1682033,2015100821415,440109.0,557264.0,-1.375955,54.908487,10,2,1,1,2015-12-30,4,12:45,150,E08000024,3,1018,6,30,1,4,3,1018,0,8,1,5,2,0,0,1,1,E01008703,201205EE03711,1,2,2,2,23,5,3,0,0,1,0,0,9,-1,Sunderland
1682038,2015100823815,424689.0,563984.0,-1.615876,54.96987,10,3,2,2,2015-12-29,3,15:56,147,E08000021,3,186,6,30,0,-1,-1,0,0,0,1,1,1,0,0,1,2,E01033545,201205EE03728,1,1,1,1,23,5,3,0,0,0,0,0,9,1,Newcastle upon Tyne
1682039,2015100824415,389597.0,565985.0,-2.164107,54.988346,10,3,1,1,2015-12-29,3,22:05,139,E06000048,3,69,3,70,0,-1,-1,0,0,0,6,5,2,0,0,2,1,E01027488,201205EE03739,1,1,1,2,38,7,3,0,0,0,0,0,9,1,
1682042,2015100825715,417936.0,562546.0,-1.721449,54.957235,10,3,2,1,2015-12-29,3,18:20,146,E08000020,5,305,6,30,3,4,6,4212,0,0,4,1,1,0,0,1,1,E01008280,201205EE03752,1,1,1,1,41,7,3,0,0,0,0,0,9,1,Gateshead
1682044,2015100826315,427038.0,565492.0,-1.579042,54.983299,10,3,1,1,2015-12-27,1,06:15,147,E08000021,6,1227,6,30,0,-1,-1,0,0,0,4,1,2,0,0,1,1,E01008362,201205EE03758,2,1,1,1,22,5,2,0,0,0,0,0,9,-1,Newcastle upon Tyne
1682047,2015100827515,425972.0,562001.0,-1.596014,54.951985,10,3,3,3,2015-12-27,1,18:12,146,E08000020,4,1296,6,30,3,2,5,323,0,0,4,1,1,0,0,1,1,E01008163,201205EE03780,1,1,3,2,66,10,2,1,2,0,0,0,0,1,Gateshead
1682049,2015100827915,421948.0,566143.0,-1.658526,54.989398,10,3,2,1,2015-12-22,3,08:06,147,E08000021,4,1305,1,30,2,4,3,167,0,1,7,5,2,4,0,1,1,E01008450,201205EE03796,1,1,1,2,23,5,3,0,0,0,0,0,9,1,Newcastle upon Tyne
1682053,2015100829215,430488.0,570197.0,-1.524636,55.025379,10,3,1,2,2015-12-26,7,11:30,148,E08000022,3,191,1,40,1,4,6,2127,0,0,1,2,2,0,0,2,1,E01008501,201205EE03824,1,1,3,1,45,7,2,4,3,0,0,0,0,1,North Tyneside
1682054,2015100829515,427444.0,559045.0,-1.573312,54.925344,10,3,1,1,2015-12-24,5,13:28,146,E08000020,4,1296,6,30,3,4,6,4047,0,0,1,1,1,0,0,1,2,E01008225,201205EE03826,2,1,1,1,34,6,3,0,0,0,0,0,9,-1,Gateshead
1682056,2015100830015,431437.0,568785.0,-1.509947,55.012632,10,3,2,1,2015-12-27,1,12:00,148,E08000022,5,218,6,30,3,4,6,2127,0,0,1,1,1,0,0,1,1,E01008467,201205EE03829,1,3,1,1,26,6,3,0,0,0,0,0,9,1,North Tyneside
1682063,2015100832715,436274.0,567083.0,-1.434529,54.997011,10,3,2,1,2015-12-24,5,11:18,149,E08000023,6,3170,6,30,3,4,6,3170,0,0,1,9,1,0,0,1,2,E01008667,201205EE03845,1,1,1,1,24,5,3,0,0,0,0,0,9,-1,South Tyneside
1682075,2015100838215,425004.0,564311.0,-1.610927,54.972792,10,3,1,2,2015-12-20,1,00:11,147,E08000021,5,141,6,30,3,4,6,1084,0,0,4,2,2,0,0,1,1,E01033543,201205EE03865,1,1,3,1,8,2,3,5,2,0,0,0,0,-1,Newcastle upon Tyne
1682076,2015100838415,410465.0,562962.0,-1.838098,54.961184,10,3,2,1,2015-12-24,5,14:18,139,E06000048,4,6395,6,30,3,4,6,8280,0,0,1,1,1,0,0,1,1,E01027498,201205EE03867,1,1,3,1,5,1,3,1,1,0,0,0,0,-1,
1682080,2015100838815,428479.0,581176.0,-1.554967,55.124152,10,3,1,1,2015-12-26,7,17:55,139,E06000048,3,189,3,70,0,-1,-1,0,0,0,6,2,5,0,0,2,1,E01027425,201205EE03912,1,1,3,1,11,3,3,5,2,0,0,0,0,1,
1682283,201511ND26655,426546.0,545783.0,-1.588538,54.806219,11,3,2,1,2015-12-22,3,17:50,169,E06000047,6,0,1,60,1,4,3,167,0,8,1,1,1,0,0,2,1,E01020710,201205EE04668,1,1,1,1,38,7,3,0,0,0,0,0,9,1,Durham
1682285,201511ND27235,430706.0,544456.0,-1.523962,54.794058,11,3,1,1,2015-12-23,4,20:05,169,E06000047,3,690,3,70,0,-1,-1,0,0,0,4,1,2,0,0,1,1,E01020690,201205EE04678,2,1,1,1,30,6,3,0,0,0,0,0,9,1,
1682286,201511ND27755,424361.0,539454.0,-1.623059,54.749455,11,3,1,1,2015-12-28,2,15:41,169,E06000047,3,690,6,30,0,-1,-1,0,0,0,4,1,2,0,0,2,1,E01020684,201205EE04678,3,2,1,1,53,8,3,0,0,0,0,0,9,-1,
1682365,201511NE27645,438910.0,536007.0,-1.397502,54.717567,11,2,2,4,2015-12-24,5,23:27,169,E06000047,5,22,6,60,0,-1,-1,0,0,0,6,2,2,0,0,2,1,E01020792,201205EE05008,1,1,1,1,23,5,3,0,0,0,0,0,8,-1,
1682366,201511NE27715,445799.0,539457.0,-1.290028,54.74799,11,3,1,1,2015-12-24,5,11:30,169,E06000047,3,1086,6,30,3,4,6,0,0,0,1,1,1,0,0,1,2,E01020739,201205EE05008,2,2,1,1,32,6,3,0,0,0,0,0,9,-1,
1682503,201511NG27785,427357.0,551351.0,-1.575397,54.85621,11,3,1,1,2015-12-28,2,12:20,169,E06000047,6,0,6,30,3,4,6,0,0,0,1,1,2,0,0,1,1,E01020593,201205EE05645,2,3,2,2,21,5,3,0,0,1,0,0,9,1,
1682572,201511NH27775,416502.0,554755.0,-1.744285,54.887273,11,2,2,1,2015-12-27,1,14:10,169,E06000047,6,0,6,30,3,4,4,6168,0,0,1,1,2,0,0,2,1,E01020654,201205EE05855,1,2,2,2,73,10,3,0,0,1,0,0,9,1,
1682665,201511NI27305,410626.0,549788.0,-1.836064,54.842796,11,1,2,1,2015-12-24,5,06:14,169,E06000047,6,0,6,30,0,-1,-1,0,0,0,4,1,1,0,0,2,1,E01020644,201205EE06230,1,1,3,2,41,7,2,4,3,0,0,0,0,1,
1682666,201511NI27585,418998.0,543744.0,-1.706096,54.788237,11,2,2,2,2015-12-24,5,18:41,169,E06000047,5,17,6,60,0,-1,-1,0,0,0,4,4,2,0,0,2,1,E01020660,201205EE06237,1,1,3,1,50,8,3,10,9,0,0,0,0,1,
1682667,201511NI27745,416759.0,547346.0,-1.740706,54.820685,11,3,2,1,2015-12-27,1,14:45,169,E06000047,3,691,6,30,3,4,6,0,0,0,1,1,2,0,0,2,1,E01020665,201205EE06244,1,1,3,2,44,7,3,1,1,0,0,0,0,1,
1682668,201511NI27875,409141.0,552775.0,-1.859094,54.869667,11,3,1,1,2015-12-29,3,11:50,169,E06000047,3,694,6,30,3,4,4,6278,0,8,1,1,2,0,0,1,1,E01020628,201205EE06247,1,1,3,1,30,6,3,5,1,0,0,0,0,1,
1682734,201511SA26425,421711.0,528074.0,-1.66507,54.64731,11,1,1,2,2015-12-21,2,07:28,169,E06000047,6,0,6,30,0,-1,-1,0,0,0,4,1,2,0,0,1,1,E01020881,201205EE06521,2,2,1,2,27,6,3,0,0,0,0,0,9,-1,
1682735,201511SA26455,421257.0,529316.0,-1.672016,54.658491,11,3,2,1,2015-12-22,3,20:20,169,E06000047,3,6072,6,30,3,2,6,0,0,0,4,1,1,0,0,1,2,E01020868,201205EE06525,1,1,3,2,86,11,3,5,1,0,0,0,0,1,
1682736,201511SA27415,420650.0,530199.0,-1.681363,54.666451,11,3,3,2,2015-12-23,4,13:21,169,E06000047,3,689,6,60,0,-1,-1,0,0,0,1,1,1,0,0,1,1,E01020869,201205EE06532,1,1,3,2,88,11,3,4,3,0,0,0,0,1,
1682737,201511SA27445,420315.0,527127.0,-1.686769,54.638858,11,2,1,1,2015-12-23,4,18:02,169,E06000047,3,6072,6,60,0,-1,-1,0,0,8,4,1,1,0,0,1,1,E01020907,201205EE06538,2,1,1,1,38,7,3,0,0,0,0,0,1,-1,
1682790,201511SB27275,405179.0,536992.0,-1.921105,54.727889,11,3,2,3,2015-12-23,4,21:10,169,E06000047,3,689,6,60,0,-1,-1,0,0,0,6,1,2,0,0,2,1,E01020906,201205FF01175,3,2,2,1,41,7,3,0,0,0,4,0,11,-1,
1683035,201511SJ27255,429029.0,515387.0,-1.552919,54.532932,11,3,2,1,2015-12-23,4,12:50,161,E06000005,3,167,6,30,3,4,6,0,0,0,1,1,1,0,0,1,1,E01012354,201205FF03223,2,1,2,2,55,8,3,0,0,1,0,0,9,1,
1683036,201511SJ27405,432243.0,513768.0,-1.503431,54.518189,11,3,1,1,2015-12-22,3,15:02,161,E06000005,4,6280,1,30,1,4,6,0,0,0,1,1,1,0,0,2,2,E01012366,201205FF03251,2,1,1,1,60,9,3,0,0,0,0,0,1,-1,
1683113,201511SK26435,427868.0,525175.0,-1.569935,54.620957,11,3,2,1,2015-12-22,3,14:00,169,E06000047,6,0,6,30,0,-1,-1,0,0,1,1,1,2,0,0,1,1,E01020831,201205FF04026,2,1,1,1,43,7,3,0,0,0,0,0,3,1,
1683164,201511SL27525,428634.0,532449.0,-1.557363,54.686282,11,3,2,1,2015-12-24,5,19:30,169,E06000047,4,6287,6,30,0,-1,-1,0,0,0,4,9,1,0,0,2,2,E01020807,201205FF04519,2,3,2,1,28,6,3,0,0,1,0,0,9,1,
1683165,201511SL27725,424890.0,533187.0,-1.615374,54.693112,11,3,1,1,2015-12-27,1,19:11,169,E06000047,5,152,6,30,0,-1,-1,0,0,0,4,1,2,0,0,1,1,E01020823,201205FF04521,1,1,2,2,9,2,3,0,0,2,0,0,9,-1,
1685187,2015120225199,424379.0,445851.0,-1.630394,53.908247,12,3,1,1,2015-12-20,1,07:35,182,E10000023,3,658,6,60,0,-1,-1,0,0,0,6,1,2,0,0,2,1,E01027734,201206F062652,1,1,3,2,28,6,3,4,3,0,0,0,0,1,
1685188,2015120225500,456633.0,417077.0,-1.144747,53.647142,12,2,2,1,2015-12-20,1,16:20,187,E10000023,3,19,6,60,3,4,6,0,0,0,6,1,1,0,0,2,1,E01027923,201206F062662,2,1,2,1,78,11,3,0,0,2,0,0,10,1,Selby
1685189,2015120225899,435960.0,491392.0,-1.448718,54.316856,12,3,2,3,2015-12-21,2,11:45,181,E10000023,3,167,6,60,0,-1,-1,0,0,0,1,2,2,0,0,2,1,E01027604,201206F062673,1,1,2,2,30,6,3,0,0,0,4,0,11,1,Hambleton
1685190,2015120225932,502962.0,488161.0,-0.420151,54.278731,12,3,2,2,2015-12-21,2,14:05,186,E10000023,3,171,6,30,0,-1,-1,0,0,0,1,1,1,0,0,1,1,E01027861,201206F062681,2,1,1,2,29,6,3,0,0,0,0,0,9,1,
1685191,2015120226062,417518.0,509959.0,-1.731119,54.484678,12,2,2,4,2015-12-21,2,15:36,184,E10000023,4,6274,6,60,0,-1,-1,0,0,0,1,1,2,0,0,2,1,E01027762,201206F062787,2,1,1,2,40,7,3,0,0,0,0,0,9,1,Richmondshire
1685193,2015120226140,459374.0,455361.0,-1.095914,53.99089,12,3,2,1,2015-12-21,2,19:01,189,E06000014,6,3310,6,30,3,4,6,3310,0,0,4,1,2,0,0,1,2,E01013431,201206F062802,1,1,3,1,16,4,2,4,4,0,0,0,0,1,York
1685194,2015120226361,423949.0,486658.0,-1.633726,54.275013,12,3,1,3,2015-12-22,3,00:50,181,E10000023,5,42,6,60,0,-1,-1,0,0,0,6,2,2,0,0,2,1,E01027593,201206F062834,1,1,2,1,23,5,3,0,0,1,0,0,19,-1,Hambleton
1685195,2015120226363,439992.0,462940.0,-1.390512,54.060863,12,3,2,1,2015-12-22,3,03:40,182,E10000023,2,1,3,70,0,-1,-1,0,0,0,6,1,1,0,0,2,1,E01027647,201206F062834,1,2,2,1,30,6,3,0,0,1,0,0,19,-1,
1685196,2015120226726,442722.0,496967.0,-1.343981,54.366436,12,3,2,1,2015-12-22,3,17:10,181,E10000023,3,684,6,60,3,4,5,2,0,0,6,1,1,0,0,2,1,E01027613,201206F062834,2,3,2,2,30,6,3,0,0,1,0,0,9,1,Hambleton
1685197,2015120226744,440859.0,457135.0,-1.378046,54.008625,12,3,2,2,2015-12-22,3,17:15,182,E10000023,2,1,3,70,0,-1,-1,0,0,0,6,1,2,0,0,2,1,E01027703,201206F062838,1,1,1,1,50,8,3,0,0,0,0,0,5,1,
1685198,2015120226837,444256.0,501154.0,-1.319751,54.403932,12,2,2,3,2015-12-22,3,19:25,181,E10000023,3,19,3,70,3,4,5,163,0,0,6,1,2,0,0,2,1,E01027627,201206F062851,1,1,1,1,59,9,3,0,0,0,0,0,9,-1,Hambleton
1685199,2015120226920,419535.0,507280.0,-1.700163,54.460529,12,3,1,1,2015-12-23,4,20:30,184,E10000023,5,28,6,60,0,-1,-1,0,0,0,6,5,2,0,7,2,1,E01027759,201206F062853,1,1,1,1,40,7,3,0,0,0,0,0,9,-1,Richmondshire
1685201,2015120227033,464500.0,456245.0,-1.017557,53.998221,12,3,1,1,2015-12-23,4,09:54,189,E06000014,3,64,6,60,3,4,6,1410,0,0,1,1,1,0,0,2,1,E01013409,201206F062853,1,4,2,1,50,8,2,0,0,2,0,0,9,-1,
1685202,2015120227160,461274.0,451510.0,-1.067712,53.956062,12,3,1,1,2015-12-23,4,13:20,189,E06000014,6,7510,6,30,3,4,6,7510,0,0,1,1,1,0,0,1,1,E01033067,201206F062853,2,2,1,2,27,6,3,0,0,0,0,0,9,1,York
1685203,2015120227233,365887.0,472696.0,-2.523764,54.148947,12,3,1,1,2015-12-23,4,13:55,180,E10000023,3,687,6,60,0,-1,-1,0,0,0,1,1,1,0,0,2,1,E01027558,201206F063012,1,1,2,2,57,9,3,0,0,2,0,0,9,1,Craven
1685204,2015120227328,429800.0,455975.0,-1.546895,53.998954,12,2,1,1,2015-12-22,3,09:30,182,E10000023,3,61,6,30,0,-1,-1,0,0,0,1,1,1,0,0,1,2,E01027677,201206F063286,1,1,2,1,73,10,3,0,0,1,0,0,9,1,
1685205,2015120227329,432854.0,448967.0,-1.501061,53.935786,12,3,2,1,2015-12-23,4,17:30,182,E10000023,5,261,6,60,0,-1,-1,0,0,0,6,1,2,0,0,2,1,E01027724,201206F063286,1,2,2,2,70,10,3,0,0,2,0,0,9,1,
1685206,2015120227366,368733.0,472877.0,-2.480213,54.150756,12,3,1,2,2015-12-23,4,17:10,180,E10000023,3,65,6,60,0,-1,-1,0,0,0,4,1,1,0,0,2,1,E01027570,201206F063378,2,1,1,1,35,6,2,0,0,0,0,0,3,1,Craven
1685207,2015120227376,461455.0,431995.0,-1.068856,53.780666,12,3,2,1,2015-12-23,4,19:15,187,E10000023,6,1197,6,30,3,4,6,1261,0,0,5,1,2,0,0,1,1,E01027909,201206F063496,1,1,1,1,21,5,3,0,0,0,0,0,9,1,Selby
1685208,2015120227826,418084.0,465192.0,-1.725072,54.082332,12,3,2,1,2015-12-24,5,09:15,182,E10000023,4,6265,6,60,3,4,6,3280,0,0,1,5,2,0,0,2,1,E01027701,201206F063510,1,1,3,2,62,9,2,1,1,0,0,0,0,1,
1685209,2015120227859,456005.0,447783.0,-1.14868,53.923164,12,3,2,1,2015-12-24,5,14:52,189,E06000014,3,1237,6,60,0,-1,-1,0,0,0,1,1,1,0,0,2,1,E01013421,201206F063587,1,1,2,2,75,10,3,0,0,1,0,0,9,1,
1685210,2015120227864,456342.0,510965.0,-1.131727,54.490901,12,3,2,1,2015-12-24,5,15:40,181,E10000023,5,16,6,30,0,-1,-1,0,0,0,1,5,2,0,0,2,1,E01027599,201206F063607,1,1,1,1,27,6,3,0,0,0,0,0,9,1,Hambleton
1685211,2015120227903,443251.0,482699.0,-1.337899,54.238171,12,2,1,1,2015-12-24,5,16:54,181,E10000023,6,1930,6,30,3,4,6,1917,0,0,4,1,1,0,0,2,1,E01027631,201206F063607,1,2,2,1,33,6,3,0,0,2,0,0,9,1,Hambleton
1685212,2015120227938,440986.0,452083.0,-1.376786,53.963212,12,3,1,1,2015-12-24,5,18:20,182,E10000023,6,27,6,60,3,4,6,0,0,0,6,1,2,0,0,2,1,E01027703,201206F063607,1,3,2,1,23,5,3,0,0,1,0,0,9,1,
1685213,2015120228668,438747.0,466803.0,-1.409038,54.095674,12,2,1,3,2015-12-26,7,09:17,182,E10000023,2,1,3,70,0,-1,-1,0,0,0,1,2,2,0,0,2,1,E01027688,201206F063607,2,4,2,2,50,8,3,0,0,1,0,0,9,1,
1685214,2015120228753,443090.0,487928.0,-1.339619,54.285176,12,3,1,1,2015-12-26,7,11:35,181,E10000023,3,19,3,70,5,4,3,19,0,0,1,2,5,0,0,2,1,E01027637,201206F063643,2,1,1,1,30,6,2,0,0,0,0,0,1,1,Hambleton
1685215,2015120229506,419393.0,506419.0,-1.702409,54.452797,12,3,1,2,2015-12-27,1,13:07,184,E10000023,3,66,3,70,0,-1,-1,0,0,0,1,1,1,0,7,2,1,E01027752,201206F063747,2,1,1,1,7,2,3,0,0,0,0,0,1,1,Richmondshire
1685216,2015120229530,392114.0,450489.0,-2.121647,53.950438,12,3,1,1,2015-12-27,1,13:30,180,E10000023,3,59,6,60,3,4,5,248,0,0,1,1,2,0,0,2,1,E01027586,201206F063777,1,1,3,2,80,11,3,10,9,0,0,2,0,1,Craven
1685217,2015120229676,430848.0,451276.0,-1.531382,53.956661,12,3,2,1,2015-12-27,1,16:50,182,E10000023,3,61,6,40,0,-1,-1,0,0,0,4,2,2,0,0,2,1,E01027700,201206F063974,1,1,1,1,28,6,3,0,0,0,0,0,9,1,
1685218,2015120230024,474544.0,462780.0,-0.862769,54.055594,12,3,2,3,2015-12-28,2,14:20,185,E10000023,5,61,6,60,0,-1,-1,0,0,0,1,1,2,0,0,2,1,E01027778,201206F063974,2,2,2,1,8,2,3,0,0,2,0,0,9,1,Ryedale
1685219,2015120230500,503262.0,487051.0,-0.415928,54.268699,12,3,3,1,2015-12-29,3,12:50,186,E10000023,3,64,6,30,0,-1,-1,0,0,0,1,1,1,0,0,1,1,E01027825,201206F064012,1,1,1,2,31,6,3,0,0,0,0,0,9,-1,
1685220,2015120230506,433259.0,492234.0,-1.490143,54.324605,12,3,2,1,2015-12-29,3,11:30,181,E10000023,3,684,6,30,0,-1,-1,0,0,0,1,1,1,0,0,2,1,E01027604,201206F064012,1,2,2,2,6,2,3,0,0,2,0,0,9,3,Hambleton