,Accident_Index_x,Location_Easting_OSGR,Location_Northing_OSGR,Longitude,Latitude,Police_Force,Accident_Severity,Number_of_Vehicles,Number_of_Casualties,Date,Day_of_Week,Time,Local_Authority_(District),Local_Authority_(Highway),1st_Road_Class,1st_Road_Number,Road_Type,Speed_limit,Junction_Detail,Junction_Control,2nd_Road_Class,2nd_Road_Number,Pedestrian_Crossing-Human_Control,Pedestrian_Crossing-Physical_Facilities,Light_Conditions,Weather_Conditions,Road_Surface_Conditions,Special_Conditions_at_Site,Carriageway_Hazards,Urban_or_Rural_Area,Did_Police_Officer_Attend_Scene_of_Accident,LSOA_of_Accident_Location,Accident_Index_y,Vehicle_Reference,Casualty_Reference,Casualty_Class,Sex_of_Casualty,Age_of_Casualty,Age_Band_of_Casualty,Casualty_Severity,Pedestrian_Location,Pedestrian_Movement,Car_Passenger,Bus_or_Coach_Passenger,Pedestrian_Road_Maintenance_Worker,Casualty_Type,Casualty_Home_Area_Type,city
1685221,2015120230512,489065.0,483162.0,-0.635001,54.236423,12,2,2,1,2015-12-29,3,12:25,185,E10000023,3,170,6,60,3,4,6,601,0,0,1,1,1,0,0,2,1,E01027802,201206F064012,1,3,2,1,4,1,3,0,0,2,0,0,9,3,Ryedale
1685222,2015120230584,434507.0,474161.0,-1.473028,54.162102,12,3,2,1,2015-12-29,3,14:30,182,E10000023,3,61,6,60,0,-1,-1,0,0,0,1,1,1,0,0,2,1,E01027736,201206F064083,1,1,1,1,43,7,3,0,0,0,0,0,9,1,
1685223,2015120230590,433002.0,456106.0,-1.498037,53.999937,12,3,3,2,2015-12-29,3,13:29,182,E10000023,3,59,6,30,0,-1,-1,0,0,0,1,1,1,0,0,1,1,E01027726,201206F064087,1,1,1,1,18,4,3,0,0,0,0,0,2,1,
1685224,2015120230741,426830.0,463762.0,-1.591516,54.069101,12,3,2,1,2015-12-29,3,18:08,182,E10000023,5,31,6,60,6,4,5,263,0,0,6,1,1,0,0,2,1,E01027681,201206F064150,1,1,1,1,50,8,3,0,0,0,0,0,20,1,
1685225,2015120231003,421941.0,508044.0,-1.662992,54.467297,12,3,2,1,2015-12-28,2,14:12,184,E10000023,5,12,6,60,3,4,6,1359,0,0,1,1,2,0,0,2,2,E01027743,201206F064150,2,2,2,1,57,9,2,0,0,1,0,0,20,1,Richmondshire
1690304,2015132CG1532,416970.0,436621.0,-1.743678,53.825584,13,3,3,1,2015-12-21,2,20:51,200,E08000032,6,0,6,30,6,2,6,0,0,0,1,1,1,0,0,1,1,E01010604,2012070075166,4,6,2,2,32,6,3,0,0,1,0,0,9,1,Bradford
1690310,2015132CH0548,405828.0,412048.0,-1.913398,53.604962,13,3,2,1,2015-12-20,1,11:10,203,E08000034,4,6107,6,30,0,-1,-1,0,0,0,1,1,2,0,0,2,1,E01011076,2012070075802,2,1,1,1,46,8,3,0,0,0,0,0,5,1,Kirklees
1690344,2015132CK0136,424237.0,428246.0,-1.633937,53.750025,13,3,2,1,2015-12-20,1,01:07,204,E08000035,3,62,6,30,1,2,3,650,0,5,4,8,2,0,0,1,1,E01011523,2012070078793,2,1,1,1,49,8,3,0,0,0,0,0,1,1,Leeds
1690345,2015132CK0428,432919.0,421527.0,-1.502996,53.689162,13,3,2,1,2015-12-20,1,05:40,206,E08000036,3,61,6,30,3,2,6,0,0,0,4,1,2,0,0,1,1,E01011923,2012070078806,4,1,1,2,41,7,3,0,0,0,0,0,9,1,Wakefield
1690347,2015132CK0544,430031.0,433374.0,-1.545579,53.795813,13,3,1,2,2015-12-20,1,09:22,204,E08000035,6,0,6,30,3,4,6,0,0,4,1,1,1,0,0,1,1,E01033010,2012070078806,6,3,1,1,40,7,2,0,0,0,0,0,21,3,Leeds
1690348,2015132CK0711,426156.0,427655.0,-1.604887,53.744621,13,2,1,1,2015-12-20,1,11:45,204,E08000035,6,0,6,30,3,4,6,0,0,0,4,1,1,0,0,1,1,E01011541,2012070078918,2,1,1,1,23,5,3,0,0,0,0,0,9,1,Leeds
1690349,2015132CK0887,424466.0,421959.0,-1.630959,53.693507,13,3,2,1,2015-12-20,1,13:35,203,E08000034,3,638,3,30,6,2,6,0,0,5,1,1,1,0,0,1,1,E01011130,2012070079061,2,1,1,1,90,11,2,0,0,0,0,0,9,3,Kirklees
1690350,2015132CK0891,441768.0,414612.0,-1.369933,53.626382,13,3,2,1,2015-12-20,1,13:00,206,E08000036,4,6273,6,30,0,-1,-1,0,0,0,1,1,1,0,0,2,1,E01011785,2012070079061,2,2,2,2,77,11,3,0,0,1,0,0,9,3,Wakefield
1690351,2015132CK1147,429564.0,430340.0,-1.552958,53.768571,13,3,3,1,2015-12-20,1,16:20,204,E08000035,3,653,3,40,3,4,6,0,0,0,4,1,2,0,0,1,1,E01011319,2012070079118,2,1,1,1,28,6,3,0,0,0,0,0,9,1,Leeds
1690352,2015132CK1250,429422.0,421340.0,-1.555965,53.687689,13,3,2,1,2015-12-20,1,17:30,206,E08000036,1,1,3,70,5,4,3,638,0,0,6,1,1,0,0,2,1,E01011825,2012070079216,1,1,1,2,80,11,3,0,0,0,0,0,9,1,Wakefield
1690353,2015132CK1305,423852.0,421629.0,-1.640283,53.69057,13,3,2,1,2015-12-20,1,18:08,203,E08000034,6,0,6,30,0,-1,-1,0,0,0,4,1,2,0,0,1,1,E01011138,2012070079216,2,2,1,2,48,8,3,0,0,0,0,0,9,1,Kirklees
1690354,2015132CK1600,432580.0,434904.0,-1.506723,53.809412,13,3,3,1,2015-12-20,1,21:00,204,E08000035,6,0,6,30,3,4,6,0,0,0,4,1,1,0,0,1,1,E01011433,2012070079290,1,1,1,1,39,7,2,0,0,0,0,0,9,1,Leeds
1690355,2015132CK1621,418657.0,425181.0,-1.718737,53.722705,13,3,2,2,2015-12-20,1,21:10,203,E08000034,3,643,6,30,0,-1,-1,0,0,0,4,1,2,0,0,1,1,E01011066,2012070079376,2,1,1,1,57,9,3,0,0,0,0,0,9,1,Kirklees
1690356,2015132CK1635,425209.0,421576.0,-1.619738,53.69003,13,3,2,1,2015-12-20,1,21:20,203,E08000034,3,638,6,40,3,4,6,0,0,0,4,1,2,0,0,1,1,E01011123,2012070079467,2,1,2,2,65,9,3,0,0,1,0,0,9,1,Kirklees
1690357,2015132CL0035,443614.0,436435.0,-1.338955,53.822366,13,3,1,1,2015-12-21,2,00:36,204,E08000035,2,1,3,70,0,-1,-1,0,0,0,4,4,1,0,0,2,1,E01011297,2012070079471,2,1,1,2,30,6,3,0,0,0,0,0,9,1,Leeds
1690358,2015132CL0106,440509.0,423416.0,-1.387823,53.705608,13,3,2,1,2015-12-21,2,05:49,206,E08000036,6,0,6,30,3,4,6,0,0,0,4,4,2,0,0,1,1,E01011775,2012070079514,1,1,3,2,71,10,2,4,1,0,0,0,0,1,Wakefield
1690359,2015132CL0210,438826.0,419197.0,-1.413843,53.667817,13,3,2,1,2015-12-21,2,07:05,206,E08000036,3,645,6,30,0,-1,-1,0,0,0,4,1,2,0,0,2,1,E01011818,2012070079563,1,1,1,1,41,7,3,0,0,0,0,0,9,1,Wakefield
1690360,2015132CL0223,404161.0,424350.0,-1.93843,53.71555,13,3,2,1,2015-12-21,2,07:27,202,E08000033,3,646,6,30,3,4,6,0,0,0,4,5,2,0,0,2,1,E01010922,2012070079563,2,2,1,1,24,5,2,0,0,0,0,0,5,1,Calderdale
1690361,2015132CL0285,415121.0,434767.0,-1.771858,53.808977,13,3,2,1,2015-12-21,2,08:50,200,E08000032,6,0,6,30,6,2,6,0,0,5,1,2,2,0,0,1,1,E01010679,2012070079922,1,1,1,1,22,5,3,0,0,0,0,0,1,1,Bradford
1690362,2015132CL0447,428500.0,428280.0,-1.569289,53.750116,13,3,2,1,2015-12-21,2,11:10,204,E08000035,3,653,3,40,0,-1,-1,0,0,0,1,1,1,0,0,2,1,E01011540,2012070080002,2,1,1,1,46,8,3,0,0,0,0,0,21,-1,Leeds
1690363,2015132CL0448,423517.0,437590.0,-1.644146,53.83404,13,3,1,1,2015-12-21,2,11:10,204,E08000035,3,6120,6,40,0,-1,-1,0,0,0,1,1,2,0,0,1,1,E01011465,2012070080209,1,1,1,2,76,11,3,0,0,0,0,0,1,3,Leeds
1690364,2015132CL0517,431370.0,419967.0,-1.526608,53.675236,13,3,2,2,2015-12-21,2,11:50,206,E08000036,6,0,6,30,1,4,6,0,0,0,5,2,2,0,0,1,1,E01011901,2012070080278,1,1,1,1,27,6,3,0,0,0,0,0,20,1,Wakefield
1690365,2015132CL0616,416392.0,434123.0,-1.752591,53.803151,13,3,2,1,2015-12-21,2,12:55,200,E08000032,3,6037,3,40,6,2,6,0,0,5,1,2,2,0,0,1,1,E01033693,2012070080278,2,2,1,2,29,6,3,0,0,0,0,0,9,1,Bradford
1690366,2015132CL0704,416108.0,433218.0,-1.75695,53.795026,13,3,1,1,2015-12-21,2,13:42,200,E08000032,3,6181,3,30,3,4,6,0,0,0,1,1,2,0,0,1,2,E01033690,2012070080306,1,1,1,1,47,8,2,0,0,0,0,0,21,1,Bradford
1690367,2015132CL0741,428418.0,434025.0,-1.570006,53.801755,13,3,4,1,2015-12-21,2,14:00,204,E08000035,3,65,3,30,0,-1,-1,0,0,4,1,1,2,0,0,1,1,E01011681,2012070080306,2,2,1,1,51,8,3,0,0,0,0,0,21,1,Leeds
1690368,2015132CL0787,433168.0,435237.0,-1.497758,53.812368,13,3,2,1,2015-12-21,2,14:20,204,E08000035,6,0,6,30,3,4,6,0,0,4,1,1,2,0,0,1,1,E01011339,2012070080361,1,1,3,2,72,10,3,1,1,0,0,0,0,1,Leeds
1690369,2015132CL0875,435490.0,426742.0,-1.46347,53.735865,13,3,2,2,2015-12-21,2,15:14,204,E08000035,6,0,6,30,3,4,6,0,0,0,1,1,2,3,0,2,1,E01011636,2012070080988,1,3,2,1,28,6,3,0,0,1,0,0,9,3,Leeds
1690370,2015132CL0951,415223.0,432504.0,-1.77042,53.788635,13,3,2,1,2015-12-21,2,15:50,200,E08000032,6,0,6,30,3,4,6,0,0,0,1,1,2,0,0,1,1,E01010836,2012070080988,2,1,1,1,19,4,3,0,0,0,0,0,9,1,Bradford
1690371,2015132CL0977,422342.0,433468.0,-1.662297,53.797044,13,3,2,1,2015-12-21,2,16:15,204,E08000035,6,0,6,30,0,-1,-1,0,0,0,4,1,1,0,0,1,1,E01011612,2012070080988,2,2,2,2,19,4,3,0,0,1,0,0,9,2,Leeds
1690372,2015132CL1087,414510.0,431888.0,-1.781271,53.783118,13,3,1,1,2015-12-21,2,17:09,200,E08000032,3,6177,6,30,9,2,6,0,0,0,4,1,2,0,0,1,2,E01010838,2012070081308,2,1,1,2,53,8,3,0,0,0,0,0,9,1,Bradford
1690373,2015132CL1215,440293.0,422616.0,-1.391199,53.698435,13,3,3,1,2015-12-21,2,18:10,206,E08000036,3,655,6,50,0,-1,-1,0,0,0,4,1,1,0,0,2,1,E01011758,2012070081322,1,1,1,1,20,4,3,0,0,0,0,0,9,1,Wakefield
1690374,2015132CL1328,408048.0,427377.0,-1.879456,53.742712,13,3,1,1,2015-12-21,2,19:13,202,E08000033,3,629,6,30,3,2,6,0,0,5,4,1,2,0,0,1,1,E01010942,2012070081322,1,3,2,1,20,4,3,0,0,1,0,0,9,1,Calderdale
1690375,2015132CL1561,414835.0,417334.0,-1.77703,53.652298,13,3,2,2,2015-12-21,2,21:35,203,E08000034,3,62,3,30,9,2,6,0,0,5,4,1,1,0,0,1,1,E01011107,2012070081322,4,2,1,2,42,7,3,0,0,0,0,0,9,1,Kirklees
1690376,2015132CM0419,431882.0,435291.0,-1.517283,53.812933,13,2,2,1,2015-12-22,3,10:25,204,E08000035,6,0,6,30,3,4,6,0,0,8,1,1,1,0,0,1,1,E01011428,2012070081354,1,1,1,2,24,5,3,0,0,0,0,0,9,3,Leeds
1690377,2015132CM0578,416881.0,424206.0,-1.745705,53.714002,13,3,2,1,2015-12-22,3,12:19,202,E08000033,1,62,3,70,0,-1,-1,0,0,0,1,5,2,0,0,2,1,E01010879,2012070081354,2,2,1,2,42,7,3,0,0,0,0,0,9,1,Calderdale
1690378,2015132CM0659,404039.0,419775.0,-1.940336,53.67443,13,3,1,1,2015-12-22,3,13:10,202,E08000033,4,6113,6,30,0,-1,-1,0,0,0,1,5,2,0,0,2,1,E01010952,2012070081354,2,3,2,1,12,3,3,0,0,2,0,0,9,1,Calderdale
1690379,2015132CM0724,414513.0,416944.0,-1.78192,53.648801,13,3,1,1,2015-12-22,3,13:25,203,E08000034,6,0,6,30,3,4,6,0,0,0,1,2,2,0,0,1,2,E01011107,2012070081354,2,4,2,1,15,3,3,0,0,2,0,0,9,1,Kirklees
1690380,2015132CM0840,427649.0,430977.0,-1.581954,53.774401,13,3,3,1,2015-12-22,3,14:50,204,E08000035,3,6110,3,70,1,2,1,621,0,0,1,1,2,0,0,1,1,E01011318,2012070081357,4,1,2,1,19,4,3,0,0,1,0,0,9,1,Leeds
1690381,2015132CM0848,416570.0,434927.0,-1.749845,53.810371,13,3,2,2,2015-12-22,3,14:50,200,E08000032,3,6177,6,30,0,-1,-1,0,0,0,1,1,2,0,0,1,2,E01010602,2012070081617,2,1,1,2,29,6,3,0,0,0,0,0,9,1,Bradford
1690382,2015132CM0978,426589.0,427686.0,-1.598319,53.744877,13,3,1,1,2015-12-22,3,16:05,204,E08000035,6,0,6,30,6,4,6,0,0,0,4,2,2,0,0,1,1,E01032492,2012070081663,1,1,1,2,20,4,3,0,0,0,0,0,9,-1,Leeds
1690383,2015132CM1050,411841.0,434344.0,-1.821683,53.80526,13,3,1,1,2015-12-22,3,16:40,200,E08000032,6,0,9,30,0,-1,-1,0,0,0,7,2,2,0,0,1,1,E01010799,2012070081831,2,1,1,1,11,3,3,0,0,0,0,0,1,1,Bradford
1690384,2015132CM1097,429239.0,433655.0,-1.557576,53.798384,13,3,2,1,2015-12-22,3,17:15,204,E08000035,2,58,3,40,0,-1,-1,0,0,0,1,1,2,0,0,1,1,E01033008,2012070082365,1,1,1,1,77,11,2,0,0,0,0,0,9,1,Leeds
1690385,2015132CM1117,438324.0,422879.0,-1.420987,53.700946,13,3,2,1,2015-12-22,3,10:15,206,E08000036,6,0,6,20,0,-1,-1,0,0,0,1,1,1,0,0,1,2,E01011819,2012070082426,2,1,1,2,49,8,3,0,0,0,0,0,9,3,Wakefield
1690386,2015132CM1178,428520.0,434985.0,-1.568369,53.810377,13,3,2,1,2015-12-22,3,18:05,204,E08000035,6,0,6,30,3,4,6,0,0,0,4,1,2,0,0,1,1,E01011448,2012070082431,4,1,2,1,5,1,3,0,0,2,0,0,9,1,Leeds
1690387,2015132CM1218,423774.0,426756.0,-1.641072,53.736654,13,3,2,2,2015-12-22,3,18:21,203,E08000034,3,643,6,30,9,4,6,0,0,0,4,1,2,0,0,1,1,E01011052,2012070082431,4,2,2,2,4,1,3,0,0,2,0,0,9,1,Kirklees
1690388,2015132CM1241,413565.0,433855.0,-1.795526,53.800823,13,3,2,1,2015-12-22,3,18:10,200,E08000032,6,0,6,30,1,4,6,0,0,0,4,1,1,0,0,1,2,E01010810,2012070082447,1,1,1,1,37,7,2,0,0,0,0,0,1,1,Bradford
1690389,2015132CM1419,425432.0,440019.0,-1.614848,53.855781,13,3,1,1,2015-12-22,3,16:31,204,E08000035,6,0,6,30,0,-1,-1,0,0,0,4,2,2,0,0,1,2,E01011377,2012070082707,2,1,2,2,35,6,3,0,0,1,0,0,9,1,Leeds
1690390,2015132CM1638,427985.0,434203.0,-1.576564,53.803378,13,2,1,1,2015-12-22,3,22:53,204,E08000035,6,0,6,30,3,4,6,0,0,0,4,1,2,0,0,1,1,E01011483,2012070082707,2,2,2,2,13,3,3,0,0,2,0,0,9,1,Leeds
1690391,2015132CN0238,424993.0,432898.0,-1.622098,53.791801,13,3,2,2,2015-12-23,4,07:19,204,E08000035,6,0,6,30,6,2,6,0,0,5,1,1,2,0,0,1,1,E01011727,2012070083280,1,1,1,2,19,4,3,0,0,0,0,0,9,3,Leeds
1690392,2015132CN0246,416248.0,434065.0,-1.75478,53.802634,13,3,3,3,2015-12-23,4,07:40,200,E08000032,6,0,6,30,0,-1,-1,0,0,0,1,1,1,0,0,1,1,E01033693,2012070083282,2,1,1,1,55,8,3,0,0,0,0,0,1,3,Bradford
1690393,2015132CN0342,423730.0,435623.0,-1.64106,53.816351,13,3,2,1,2015-12-23,4,09:43,204,E08000035,4,6157,6,30,6,2,3,657,0,0,1,1,2,0,0,1,1,E01011330,2012070083293,2,1,1,1,33,6,3,0,0,0,0,0,1,3,Leeds
1690394,2015132CN0396,409444.0,423329.0,-1.858412,53.706305,13,1,1,1,2015-12-23,4,10:29,202,E08000033,6,0,6,30,0,-1,-1,0,0,0,1,1,1,0,0,1,1,E01010972,2012070083376,2,1,1,1,44,7,3,0,0,0,0,0,9,1,Calderdale
1690395,2015132CN0441,429689.0,438939.0,-1.550236,53.845849,13,3,1,1,2015-12-23,4,10:20,204,E08000035,6,0,9,20,0,-1,-1,0,0,0,1,1,1,0,0,1,2,E01011559,2012070083376,3,2,1,1,43,7,2,0,0,0,0,0,19,1,Leeds
1690396,2015132CN0448,426538.0,435388.0,-1.598432,53.814104,13,3,2,2,2015-12-23,4,11:00,204,E08000035,6,0,6,30,3,4,6,0,0,0,1,1,1,0,0,1,1,E01011477,2012070083410,2,1,1,2,63,9,3,0,0,0,0,0,9,3,Leeds
1690397,2015132CN0671,418916.0,431935.0,-1.714401,53.7834,13,3,3,2,2015-12-23,4,13:25,200,E08000032,6,0,6,30,3,4,6,0,0,0,1,1,1,0,0,1,1,E01010611,2012070083410,3,2,1,1,64,9,3,0,0,0,0,0,9,1,Bradford
1690398,2015132CN0714,435973.0,436533.0,-1.45501,53.82383,13,3,1,1,2015-12-23,4,13:50,204,E08000035,3,64,3,30,0,-1,-1,0,0,0,1,1,1,0,0,1,2,E01011720,2012070083637,2,1,1,1,58,9,3,0,0,0,0,0,9,1,Leeds
1690399,2015132CN0836,406198.0,440742.0,-1.907242,53.862861,13,2,2,1,2015-12-23,4,14:56,200,E08000032,3,6035,6,30,3,2,6,0,0,0,1,1,1,0,0,1,1,E01010710,2012070083684,2,1,1,2,23,5,3,0,0,0,0,0,9,2,Bradford
1690400,2015132CN0871,427907.0,431010.0,-1.578036,53.774684,13,3,1,1,2015-12-23,4,14:00,204,E08000035,3,643,6,30,0,-1,-1,0,0,0,1,1,1,0,0,1,2,E01011369,2012070083684,2,2,2,2,24,5,3,0,0,1,0,0,9,1,Leeds
1690401,2015132CN0910,430248.0,420344.0,-1.543555,53.67869,13,3,1,1,2015-12-23,4,15:25,206,E08000036,6,0,6,30,0,-1,-1,0,0,0,1,1,2,0,0,1,1,E01011918,2012070083701,1,1,3,2,21,5,3,5,1,0,0,0,0,1,Wakefield
1690402,2015132CN0995,418650.0,432867.0,-1.718382,53.791786,13,3,2,2,2015-12-23,4,16:10,200,E08000032,3,6177,6,30,3,4,6,0,0,0,4,1,1,0,0,1,1,E01010611,2012070083726,1,1,1,2,34,6,3,0,0,0,0,0,9,1,Bradford
1690403,2015132CN1006,431483.0,435011.0,-1.523371,53.810441,13,3,2,2,2015-12-23,4,16:21,204,E08000035,6,0,6,30,6,4,6,0,0,0,4,1,1,0,0,1,1,E01011673,2012070083798,2,1,1,1,54,8,3,0,0,0,0,0,2,1,Leeds
1690404,2015132CN1062,431907.0,435729.0,-1.516858,53.816868,13,3,1,1,2015-12-23,4,16:20,204,E08000035,6,0,6,30,3,2,3,58,0,5,4,2,2,0,0,1,2,E01011428,2012070083831,2,1,1,1,13,3,2,0,0,0,0,0,1,1,Leeds
1690405,2015132CN1090,426990.0,433440.0,-1.591738,53.796573,13,3,1,1,2015-12-23,4,17:00,204,E08000035,6,0,6,30,3,4,6,0,0,0,1,1,2,0,0,1,1,E01011293,2012070083951,2,1,1,1,46,8,2,0,0,0,0,0,3,1,Leeds
1690406,2015132CN1126,422904.0,423434.0,-1.654505,53.706835,13,3,1,2,2015-12-23,4,16:10,203,E08000034,3,638,6,30,0,-1,-1,0,0,0,1,1,1,0,0,1,2,E01011037,2012070084345,1,1,1,1,45,7,3,0,0,0,0,0,9,1,Kirklees
1690407,2015132CN1204,428502.0,433279.0,-1.568799,53.795045,13,3,5,8,2015-12-23,4,18:15,204,E08000035,3,647,3,40,0,-1,-1,0,0,0,4,1,1,0,0,1,1,E01011363,2012070084345,2,2,1,2,41,7,2,0,0,0,0,0,9,3,Leeds
1690408,2015132CN1279,402156.0,415841.0,-1.968866,53.639081,13,3,2,1,2015-12-23,4,18:10,202,E08000033,1,62,9,70,0,-1,-1,0,0,0,4,1,2,0,0,2,2,E01010955,2012070084514,1,1,1,1,50,8,3,0,0,0,0,0,9,1,Calderdale
1690409,2015132CN1674,410838.0,439098.0,-1.836747,53.84801,13,2,2,1,2015-12-23,4,22:35,200,E08000032,6,0,6,20,3,4,6,0,0,0,1,1,1,0,0,1,1,E01010578,2012070084514,2,2,1,1,34,6,3,0,0,0,0,0,20,1,Bradford
1690410,2015132CN1711,430920.0,435615.0,-1.53186,53.815903,13,3,2,1,2015-12-23,4,22:55,204,E08000035,6,0,6,30,3,4,6,0,0,0,4,1,2,0,0,1,1,E01011360,2012070084761,1,1,1,1,11,3,2,0,0,0,0,0,1,1,Leeds
1690411,2015132CN1771,428349.0,419899.0,-1.572343,53.674797,13,3,2,2,2015-12-23,4,23:25,206,E08000036,6,0,6,30,3,4,6,0,0,8,4,1,2,0,0,1,1,E01011832,2012070084861,2,1,1,2,51,8,3,0,0,0,0,0,9,1,Wakefield
1690412,2015132CO0102,406336.0,440559.0,-1.905147,53.861214,13,1,2,3,2015-12-24,5,01:15,200,E08000032,6,0,6,30,0,-1,-1,0,0,0,4,2,2,0,0,1,1,E01010711,2012070084861,2,2,2,2,55,8,3,0,0,1,0,0,9,1,Bradford
1690413,2015132CO0333,409061.0,411405.0,-1.864558,53.599137,13,3,3,3,2015-12-24,5,08:45,203,E08000034,4,6107,6,30,0,-1,-1,0,0,0,1,5,2,0,0,2,1,E01011177,2012070085005,1,1,3,1,7,2,3,9,8,0,0,0,0,1,Kirklees
1690414,2015132CO0389,430524.0,431159.0,-1.538314,53.775877,13,3,2,1,2015-12-24,5,09:38,204,E08000035,6,0,1,30,1,4,6,0,0,7,1,2,2,0,0,1,1,E01011468,2012070085116,1,1,2,2,79,11,3,0,0,1,0,0,9,1,Leeds
1690415,2015132CO0420,443178.0,425683.0,-1.347079,53.725769,13,2,1,1,2015-12-24,5,10:25,206,E08000036,3,656,3,30,3,4,6,0,0,8,1,2,2,0,0,1,1,E01011752,2012070085439,1,1,2,2,44,7,3,0,0,2,0,0,9,1,Wakefield
1690417,2015132CO0673,429448.0,433778.0,-1.554391,53.799478,13,3,2,1,2015-12-24,5,13:10,204,E08000035,3,58,3,40,3,2,6,0,0,0,1,1,1,0,0,1,1,E01033008,2012070085525,2,1,1,1,88,11,2,0,0,0,0,0,9,3,Leeds
1690418,2015132CO0853,423045.0,437665.0,-1.651312,53.834735,13,3,2,1,2015-12-24,5,15:08,204,E08000035,3,6120,1,40,1,2,3,65,0,5,1,1,1,0,0,1,1,E01011452,2012070085596,2,1,1,2,25,5,3,0,0,0,0,0,9,1,Leeds
1690419,2015132CO0905,420260.0,413124.0,-1.695227,53.614277,13,3,2,4,2015-12-24,5,15:30,203,E08000034,6,0,6,30,0,-1,-1,0,0,0,1,1,2,0,0,1,1,E01011197,2012070085596,2,2,2,1,23,5,3,0,0,1,0,0,9,3,Kirklees
1690420,2015132CO0966,424624.0,422040.0,-1.62856,53.694228,13,3,1,1,2015-12-24,5,16:30,203,E08000034,3,638,3,30,3,4,6,0,0,0,1,1,1,0,0,1,1,E01011130,2012070085675,1,1,1,2,68,10,3,0,0,0,0,0,9,1,Kirklees
1690421,2015132CO0979,424885.0,434430.0,-1.623614,53.805575,13,3,2,1,2015-12-24,5,16:40,204,E08000035,3,647,6,30,3,4,6,0,0,0,4,1,1,0,0,1,1,E01032606,2012070085675,2,2,1,1,44,7,2,0,0,0,0,0,9,1,Leeds
1690422,2015132CO1172,411540.0,427362.0,-1.826512,53.742512,13,3,2,1,2015-12-24,5,18:56,202,E08000033,3,6036,6,30,3,4,6,0,0,0,4,1,2,0,0,1,1,E01010935,2012070085713,2,1,1,1,11,3,3,0,0,0,0,0,1,1,Calderdale
1690423,2015132CO1278,414810.0,434156.0,-1.77661,53.803494,13,3,1,1,2015-12-24,5,20:18,200,E08000032,3,6177,6,30,0,-1,-1,0,0,0,4,1,2,0,0,1,1,E01010812,2012070085728,1,1,3,2,43,7,3,6,9,0,0,0,0,2,Bradford
1690424,2015132CO1334,417910.0,426342.0,-1.729991,53.733166,13,2,1,1,2015-12-24,5,20:56,203,E08000034,1,62,3,70,5,4,1,62,0,0,4,2,2,0,0,2,1,E01011062,2012070085945,2,1,1,1,44,7,3,0,0,0,0,0,9,1,Kirklees
1690425,2015132CO1392,436073.0,438337.0,-1.45328,53.840036,13,3,1,2,2015-12-24,5,21:42,204,E08000035,6,0,6,60,0,-1,-1,0,0,0,6,1,2,0,0,2,1,E01011714,2012070085964,2,1,1,1,19,4,3,0,0,0,0,0,1,1,Leeds
1690426,2015132CO1531,421503.0,423467.0,-1.675726,53.707191,13,3,1,1,2015-12-24,5,23:28,203,E08000034,6,0,9,30,0,-1,-1,0,0,0,4,1,1,0,0,1,1,E01011158,2012070086128,1,1,1,2,21,5,3,0,0,0,0,0,9,3,Kirklees
1690427,2015132CP0415,419160.0,412341.0,-1.711902,53.607281,13,3,2,2,2015-12-25,6,10:38,203,E08000034,3,629,6,50,0,-1,-1,0,0,0,1,2,2,0,0,2,1,E01011198,2012070086128,1,2,2,2,18,4,3,0,0,1,0,0,9,1,Kirklees
1690428,2015132CP0484,435542.0,438370.0,-1.461345,53.840369,13,2,3,1,2015-12-25,6,12:05,204,E08000035,6,0,6,30,6,4,6,0,0,0,1,2,2,0,0,1,1,E01011714,2012070086473,1,1,1,1,60,9,3,0,0,0,0,0,9,-1,Leeds
1690429,2015132CP0533,415209.0,413907.0,-1.771538,53.621485,13,3,1,3,2015-12-25,6,13:00,203,E08000034,6,0,6,30,0,-1,-1,0,0,0,1,2,2,0,0,2,1,E01011011,2012070086476,1,1,1,1,19,4,3,0,0,0,0,0,3,3,Kirklees
1690430,2015132CP0604,430858.0,424270.0,-1.533931,53.713941,13,3,1,1,2015-12-25,6,14:28,206,E08000036,3,650,3,40,0,-1,-1,0,0,0,1,5,2,0,0,1,1,E01011885,2012070086476,2,2,1,1,50,8,3,0,0,0,0,0,9,3,Leeds
1690431,2015132CP0705,436167.0,431152.0,-1.452693,53.775454,13,3,1,2,2015-12-25,6,16:46,204,E08000035,1,1,3,70,0,-1,-1,0,0,0,6,2,2,0,0,2,1,E01011420,2012070087061,2,1,1,1,25,5,3,0,0,0,0,0,9,3,Leeds
1690432,2015132CP0706,436058.0,431193.0,-1.454342,53.77583,13,3,2,1,2015-12-25,6,17:00,204,E08000035,1,1,3,70,0,-1,-1,0,0,0,6,2,2,0,3,2,1,E01011420,2012070087150,1,1,1,2,17,4,3,0,0,0,0,0,9,1,Leeds
1690433,2015132CP0716,445506.0,424831.0,-1.311924,53.717915,13,1,2,1,2015-12-25,6,16:55,206,E08000036,4,6136,6,30,0,-1,-1,0,0,0,4,2,2,0,0,1,1,E01011743,2012070087298,1,1,1,2,28,6,2,0,0,0,0,0,9,1,Wakefield