,Accident_Index_x,Location_Easting_OSGR,Location_Northing_OSGR,Longitude,Latitude,Police_Force,Accident_Severity,Number_of_Vehicles,Number_of_Casualties,Date,Day_of_Week,Time,Local_Authority_(District),Local_Authority_(Highway),1st_Road_Class,1st_Road_Number,Road_Type,Speed_limit,Junction_Detail,Junction_Control,2nd_Road_Class,2nd_Road_Number,Pedestrian_Crossing-Human_Control,Pedestrian_Crossing-Physical_Facilities,Light_Conditions,Weather_Conditions,Road_Surface_Conditions,Special_Conditions_at_Site,Carriageway_Hazards,Urban_or_Rural_Area,Did_Police_Officer_Attend_Scene_of_Accident,LSOA_of_Accident_Location,Accident_Index_y,Vehicle_Reference,Casualty_Reference,Casualty_Class,Sex_of_Casualty,Age_of_Casualty,Age_Band_of_Casualty,Casualty_Severity,Pedestrian_Location,Pedestrian_Movement,Car_Passenger,Bus_or_Coach_Passenger,Pedestrian_Road_Maintenance_Worker,Casualty_Type,Casualty_Home_Area_Type,city
1690434,2015132CP0738,418537.0,427297.0,-1.72043,53.741728,13,3,2,2,2015-12-25,6,18:00,203,E08000034,1,62,3,30,5,4,2,606,0,0,4,2,2,0,2,2,1,E01011068,2012070087341,1,1,1,1,16,4,3,0,0,0,0,0,1,-1,Kirklees
1690435,2015132CP0863,441247.0,412441.0,-1.378097,53.606911,13,3,1,1,2015-12-25,6,18:57,206,E08000036,6,0,6,30,0,-1,-1,0,0,0,4,1,2,0,0,2,1,E01011789,2012070087341,2,2,1,1,16,4,2,0,0,0,0,0,1,1,Wakefield
1690436,2015132CP0945,431824.0,430456.0,-1.518661,53.769481,13,3,1,1,2015-12-25,6,20:04,204,E08000035,1,621,7,50,0,-1,-1,0,0,0,4,2,2,0,0,1,1,E01011469,2012070087352,1,1,1,1,20,4,2,0,0,0,0,0,9,1,Leeds
1690437,2015132CQ0155,429829.0,431493.0,-1.548827,53.778919,13,3,2,1,2015-12-26,7,02:05,204,E08000035,6,0,6,20,0,-1,-1,0,0,0,4,2,2,0,0,1,1,E01011371,2012070087352,1,2,2,1,19,4,3,0,0,1,0,0,9,1,Leeds
1690438,2015132CQ0346,424238.0,421501.0,-1.634447,53.689401,13,3,2,1,2015-12-26,7,07:00,203,E08000034,6,0,6,30,6,2,6,0,0,5,4,2,2,0,0,1,1,E01011130,2012070087570,1,1,1,1,40,7,3,0,0,0,0,0,4,1,Kirklees
1690439,2015132CQ0360,443028.0,424460.0,-1.349522,53.71479,13,3,2,2,2015-12-26,7,07:20,206,E08000036,3,6539,6,30,1,4,3,639,0,0,4,1,2,0,0,2,1,E01011749,2012070087595,2,1,1,2,41,7,3,0,0,0,0,0,1,1,Wakefield
1690440,2015132CQ0562,409720.0,421899.0,-1.854276,53.693447,13,3,2,3,2015-12-26,7,10:15,202,E08000033,4,6112,6,30,0,-1,-1,0,0,0,1,2,2,0,0,2,1,E01010993,2012070087671,1,1,1,1,26,6,2,0,0,0,0,0,9,1,Calderdale
1690441,2015132CQ0576,442836.0,413126.0,-1.35399,53.61294,13,3,2,4,2015-12-26,7,10:30,206,E08000036,6,0,6,30,3,2,4,6273,0,4,1,1,2,0,0,2,1,E01011787,2012070087671,2,2,1,1,62,9,3,0,0,0,0,0,9,1,Wakefield
1690443,2015132CQ0643,429939.0,433786.0,-1.546936,53.799522,13,3,2,1,2015-12-26,7,11:20,204,E08000035,6,0,2,20,6,2,6,0,0,5,1,1,2,0,0,1,1,E01033010,2012070088863,2,1,1,2,34,6,3,0,0,0,0,0,20,1,Leeds
1690444,2015132CQ0711,435803.0,419059.0,-1.45961,53.666791,13,3,2,1,2015-12-26,7,12:00,206,E08000036,3,638,6,40,0,-1,-1,0,0,0,1,1,1,0,0,2,1,E01011815,2012070088869,1,1,1,1,59,9,3,0,0,0,0,0,9,1,Wakefield
1690445,2015132CQ0736,417661.0,420186.0,-1.734114,53.677844,13,2,2,4,2015-12-26,7,12:10,203,E08000034,4,6118,6,30,0,-1,-1,0,0,0,1,5,2,6,2,1,1,E01011103,2012070088869,1,3,2,2,54,8,3,0,0,1,0,0,9,1,Kirklees
1690446,2015132CQ0786,409178.0,425467.0,-1.862379,53.725526,13,3,2,1,2015-12-26,7,12:40,202,E08000033,3,629,3,30,1,2,3,58,0,0,1,1,1,0,0,1,2,E01010994,2012070088869,2,2,1,1,87,11,3,0,0,0,0,0,9,3,Calderdale
1690447,2015132CQ0796,430740.0,433546.0,-1.534799,53.797318,13,3,1,1,2015-12-26,7,12:45,204,E08000035,3,61,3,30,0,-1,-1,0,0,0,1,2,2,0,0,1,1,E01033011,2012070088869,2,4,2,2,89,11,2,0,0,1,0,0,9,3,Leeds
1690448,2015132CQ0836,440572.0,446161.0,-1.38388,53.910022,13,3,1,2,2015-12-26,7,13:20,204,E08000035,2,1,3,70,0,-1,-1,0,0,0,1,2,2,0,0,2,1,E01011704,2012070088887,2,1,1,2,71,10,3,0,0,0,0,0,9,2,Leeds
1690449,2015132CQ0845,433253.0,417024.0,-1.498419,53.648669,13,3,2,2,2015-12-26,7,13:00,206,E08000036,6,0,1,30,1,4,6,0,0,0,1,1,1,0,0,1,1,E01011939,2012070088927,1,1,3,1,50,8,2,10,9,0,0,0,0,3,Wakefield
1690450,2015132CQ0954,432293.0,420444.0,-1.512587,53.679467,13,3,2,2,2015-12-26,7,14:10,206,E08000036,3,638,3,30,9,4,3,638,0,0,1,1,2,0,0,1,1,E01011920,2012070088968,1,1,1,1,28,6,3,0,0,0,0,0,1,1,Wakefield
1690451,2015132CQ0972,430576.0,433604.0,-1.537283,53.797849,13,3,1,1,2015-12-26,7,14:25,204,E08000035,6,0,2,20,0,-1,-1,0,0,0,1,5,2,0,0,1,1,E01033010,2012070089472,1,2,2,1,34,6,3,0,0,1,0,0,9,1,Leeds
1690452,2015132CQ0989,414129.0,416750.0,-1.787738,53.647068,13,3,4,2,2015-12-26,7,14:38,203,E08000034,3,640,3,40,6,2,3,62,0,5,1,1,2,0,0,1,1,E01011236,2012070089472,1,3,2,2,45,7,3,0,0,2,0,0,9,1,Kirklees
1690453,2015132CQ1139,432438.0,435044.0,-1.508865,53.810679,13,2,2,1,2015-12-26,7,16:04,204,E08000035,6,0,6,30,6,4,6,0,0,0,4,1,1,0,0,1,1,E01011432,2012070089472,2,1,1,1,46,8,2,0,0,0,0,0,3,3,Leeds
1690454,2015132CQ1317,411078.0,420883.0,-1.833746,53.684289,13,3,2,1,2015-12-26,7,17:55,202,E08000033,6,0,6,30,3,4,4,6114,0,0,4,2,2,0,0,1,1,E01010890,2012070089560,1,1,1,1,41,7,2,0,0,0,0,0,5,1,Calderdale
1690455,2015132CQ1336,417756.0,433561.0,-1.731913,53.798055,13,3,1,1,2015-12-26,7,18:00,200,E08000032,4,6381,6,30,6,2,6,0,0,5,4,2,2,0,0,1,2,E01010607,2012070089747,1,1,3,1,44,7,2,4,1,0,0,0,0,1,Bradford
1690456,2015132CQ1362,411217.0,421332.0,-1.831625,53.688321,13,3,2,1,2015-12-26,7,18:22,202,E08000033,3,629,7,30,5,4,6,0,0,0,4,2,2,0,0,1,1,E01010890,2012070089855,1,1,3,1,33,6,2,9,5,0,0,0,0,1,Calderdale
1690457,2015132CQ1393,421940.0,441462.0,-1.667832,53.868909,13,3,3,2,2015-12-26,7,18:40,204,E08000035,3,658,3,40,0,-1,-1,0,0,0,4,5,2,0,0,2,1,E01011578,2012070090171,2,1,2,2,44,7,3,0,0,1,0,0,9,1,Leeds
1690458,2015132CQ1505,425254.0,432973.0,-1.61813,53.792462,13,3,2,2,2015-12-26,7,19:48,204,E08000035,3,6110,3,40,6,2,4,6154,0,5,4,2,2,0,0,1,1,E01011727,2012070090728,1,1,1,1,21,5,3,0,0,0,0,0,9,1,Leeds
1690459,2015132CQ1935,416142.0,417399.0,-1.757253,53.652844,13,3,1,1,2015-12-26,7,23:30,203,E08000034,6,0,6,30,3,4,6,0,0,0,4,5,2,0,0,1,1,E01011094,2012070090762,2,1,1,1,54,8,3,0,0,0,0,0,9,1,Kirklees
1690460,2015132CR0097,442651.0,411227.0,-1.357045,53.595888,13,3,1,1,2015-12-27,1,00:50,206,E08000036,4,6273,6,60,0,-1,-1,0,0,0,6,1,2,0,0,2,1,E01011865,2012070090762,2,2,2,2,53,8,3,0,0,1,0,0,9,1,Wakefield
1690461,2015132CR0657,418807.0,413572.0,-1.717163,53.618358,13,3,2,2,2015-12-27,1,10:13,203,E08000034,3,629,6,40,8,4,6,0,0,0,1,1,1,0,0,1,1,E01011190,2012070090803,1,1,2,2,19,4,3,0,0,2,0,0,9,1,Kirklees
1690462,2015132CR0734,415159.0,438960.0,-1.771076,53.846662,13,2,2,1,2015-12-27,1,11:17,200,E08000032,6,0,6,30,0,-1,-1,0,0,0,1,1,2,0,0,1,1,E01010569,2012070090842,1,1,1,2,32,6,3,0,0,0,0,0,9,1,Bradford
1690463,2015132CR0823,413542.0,414667.0,-1.796708,53.628361,13,2,2,1,2015-12-27,1,12:25,203,E08000034,6,0,6,30,0,-1,-1,0,0,0,1,1,2,0,0,1,1,E01011222,2012070090842,1,2,2,1,9,2,3,0,0,1,0,0,9,1,Kirklees
1690464,2015132CR0928,417873.0,430758.0,-1.730298,53.772858,13,3,2,2,2015-12-27,1,11:45,200,E08000032,3,6177,3,30,3,2,6,0,0,0,1,1,2,0,0,1,2,E01010615,2012070091120,1,1,1,2,37,7,2,0,0,0,0,0,9,1,Bradford
1690465,2015132CR1032,429171.0,417992.0,-1.560079,53.657612,13,2,2,1,2015-12-27,1,14:30,206,E08000036,3,642,6,40,0,-1,-1,0,0,0,1,1,1,0,0,1,1,E01011798,2012070091120,2,2,1,1,30,6,3,0,0,0,0,0,9,1,Wakefield
1690466,2015132CR1128,443068.0,441002.0,-1.346611,53.863456,13,3,1,1,2015-12-27,1,15:38,204,E08000035,2,1,3,70,0,-1,-1,0,0,0,1,2,2,0,0,2,1,E01011712,2012070091191,1,1,3,2,14,3,3,5,2,0,0,0,0,1,Leeds
1690467,2015132CR1330,413918.0,415560.0,-1.790983,53.636378,13,3,1,1,2015-12-27,1,17:50,203,E08000034,3,616,6,30,0,-1,-1,0,0,0,4,2,2,0,0,1,1,E01011229,2012070091195,1,1,1,2,69,10,2,0,0,0,0,0,9,3,Kirklees
1690468,2015132CR1423,406472.0,441593.0,-1.903058,53.870506,13,3,2,2,2015-12-27,1,19:08,200,E08000032,6,0,6,30,3,4,6,0,0,0,4,2,2,0,0,1,1,E01010700,2012070091195,2,2,1,1,49,8,3,0,0,0,0,0,9,1,Bradford
1690469,2015132CR1620,414036.0,432276.0,-1.788447,53.786618,13,3,2,1,2015-12-27,1,20:30,200,E08000032,6,0,6,30,3,4,6,0,0,0,4,1,1,0,0,1,1,E01033697,2012070091219,1,1,1,2,18,4,3,0,0,0,0,0,9,-1,Bradford
1690471,2015132CS0107,424447.0,424876.0,-1.631018,53.719726,13,3,2,2,2015-12-28,2,00:10,203,E08000034,6,0,6,30,0,-1,-1,0,0,0,7,1,1,0,0,1,2,E01011023,2012070091291,2,1,1,1,32,6,3,0,0,0,0,0,1,1,Kirklees
1690472,2015132CS0189,417169.0,432337.0,-1.740892,53.787074,13,3,2,1,2015-12-28,2,03:42,200,E08000032,3,650,3,40,1,4,6,0,0,0,4,1,1,0,0,1,1,E01010730,2012070091584,1,1,3,2,19,4,2,6,9,0,0,0,0,1,Bradford
1690473,2015132CS0359,430032.0,431022.0,-1.545792,53.774674,13,3,2,1,2015-12-28,2,11:00,204,E08000035,3,653,6,30,3,4,6,0,0,4,1,1,2,0,0,1,1,E01011312,2012070091635,1,1,3,1,37,7,3,9,5,0,0,0,0,1,Leeds
1690474,2015132CS0873,413650.0,416178.0,-1.795009,53.641939,13,3,2,1,2015-12-28,2,15:58,203,E08000034,3,62,6,30,0,-1,-1,0,0,0,4,1,1,0,0,1,2,E01011235,2012070091651,1,1,1,1,19,4,3,0,0,0,0,0,3,1,Kirklees
1690475,2015132CS0992,414215.0,437768.0,-1.785478,53.835975,13,2,2,1,2015-12-28,2,16:45,200,E08000032,3,657,6,20,3,4,6,0,0,4,4,1,1,0,0,1,1,E01033694,2012070091692,3,1,1,1,46,8,3,0,0,0,0,0,9,1,
1690476,2015132CS1056,415778.0,444122.0,-1.761404,53.893039,13,3,2,2,2015-12-28,2,17:35,200,E08000032,6,0,6,50,0,-1,-1,0,0,0,4,1,2,0,0,2,1,E01010770,2012070091706,2,1,1,1,81,11,3,0,0,0,0,0,9,3,Bradford
1690477,2015132CS1542,417787.0,434749.0,-1.731374,53.808732,13,2,1,1,2015-12-28,2,22:07,200,E08000032,3,6177,6,30,0,-1,-1,0,0,0,4,1,2,0,0,1,1,E01010828,2012070091756,2,1,1,2,48,8,3,0,0,0,0,0,9,1,Bradford
1690478,2015132CT0274,414573.0,432010.0,-1.780309,53.784213,13,3,1,2,2015-12-29,3,07:45,200,E08000032,6,0,6,30,0,-1,-1,0,0,0,1,1,1,0,0,1,1,E01010839,2012070091967,1,1,1,2,23,5,3,0,0,0,0,0,9,1,Bradford
1690479,2015132CT0358,438149.0,424732.0,-1.42341,53.717613,13,3,1,1,2015-12-29,3,09:51,206,E08000036,1,62,3,70,0,-1,-1,0,0,0,1,1,1,0,0,2,1,E01011883,2012070092160,2,1,1,1,57,9,3,0,0,0,0,0,9,1,Wakefield
1690480,2015132CT0509,415060.0,434370.0,-1.772803,53.805411,13,3,2,1,2015-12-29,3,11:15,200,E08000032,3,6177,6,30,3,4,6,0,0,0,1,1,1,0,0,1,2,E01010840,2012070092160,2,2,2,2,48,8,3,0,0,1,0,0,9,1,Bradford
1690481,2015132CT0586,412494.0,428811.0,-1.81199,53.755514,13,2,1,1,2015-12-29,3,12:20,202,E08000033,3,6036,6,30,0,-1,-1,0,0,0,1,1,1,0,0,1,1,E01010931,2012070092201,1,1,1,2,64,9,3,0,0,0,0,0,9,1,Calderdale
1690482,2015132CT0599,432870.0,422152.0,-1.503671,53.694783,13,3,2,1,2015-12-29,3,12:32,206,E08000036,3,61,6,30,1,4,6,0,0,0,1,1,1,0,0,1,1,E01011923,2012070092201,1,4,2,1,33,6,3,0,0,2,0,0,9,1,Wakefield
1690483,2015132CT0654,414538.0,432764.0,-1.780805,53.790991,13,3,1,1,2015-12-29,3,13:05,200,E08000032,6,0,6,30,0,-1,-1,0,0,5,1,1,1,0,0,1,1,E01010833,2012070092201,2,2,1,1,32,6,3,0,0,0,0,0,9,2,Bradford
1690484,2015132CT0716,438941.0,431535.0,-1.410555,53.778697,13,2,2,1,2015-12-29,3,13:45,204,E08000035,3,642,3,30,3,4,6,0,0,0,1,1,2,0,0,2,1,E01011402,2012070092201,2,3,2,2,27,6,3,0,0,2,0,0,9,2,Leeds
1690485,2015132CT0837,414185.0,429256.0,-1.786323,53.759471,13,2,2,1,2015-12-29,3,13:05,200,E08000032,3,6036,6,30,0,-1,-1,0,0,0,1,1,1,0,0,1,2,E01010851,2012070092201,2,5,2,2,0,1,3,0,0,1,0,0,9,2,Bradford
1690486,2015132CT0862,415993.0,433317.0,-1.758691,53.795919,13,2,1,1,2015-12-29,3,15:10,200,E08000032,3,6181,6,30,3,4,6,0,0,0,1,1,1,0,0,1,1,E01033691,2012070092309,2,1,1,2,46,8,3,0,0,0,0,0,1,1,Bradford
1690487,2015132CT1196,416477.0,422068.0,-1.751939,53.694798,13,3,2,1,2015-12-29,3,18:00,202,E08000033,3,644,1,50,1,4,1,62,0,0,4,1,2,0,0,2,1,E01010879,2012070092324,1,1,3,1,13,3,3,5,3,0,0,0,0,1,Calderdale
1690488,2015132CT1246,414035.0,416438.0,-1.789174,53.644266,13,3,2,1,2015-12-29,3,18:39,203,E08000034,6,0,6,30,3,4,6,0,0,0,4,1,2,0,0,1,2,E01011235,2012070092372,1,1,3,2,80,11,2,5,3,0,0,0,0,1,Kirklees
1690489,2015132CT1369,414699.0,415810.0,-1.77916,53.638604,13,2,2,1,2015-12-29,3,19:53,203,E08000034,4,6432,6,30,6,2,6,0,0,5,4,1,2,0,0,1,1,E01011229,2012070092906,1,1,3,1,57,9,3,1,3,0,0,0,0,1,Kirklees
1690490,2015132CT1455,433149.0,425902.0,-1.499046,53.728469,13,3,1,1,2015-12-29,3,20:44,204,E08000035,1,62,3,70,0,-1,-1,0,0,0,4,1,2,0,0,1,1,E01011500,2012070093152,1,1,1,1,28,6,2,0,0,0,0,0,9,1,Leeds
1690491,2015132CT1573,445822.0,413907.0,-1.308744,53.619708,13,3,1,1,2015-12-29,3,21:40,206,E08000036,3,638,6,50,0,-1,-1,0,0,0,6,4,2,0,0,2,1,E01011857,2012070093152,1,3,2,2,34,6,2,0,0,1,0,0,9,1,Wakefield
1690492,2015132CU0102,403865.0,435838.0,-1.942775,53.818806,13,3,1,1,2015-12-30,4,01:29,200,E08000032,3,6033,6,40,0,-1,-1,0,0,0,4,1,2,0,0,2,1,E01010857,2012070093152,3,2,1,1,41,7,3,0,0,0,0,0,19,1,Bradford
1690493,2015132CU0971,427873.0,434381.0,-1.578248,53.804984,13,3,1,1,2015-12-30,4,15:00,204,E08000035,3,65,6,30,3,4,6,0,0,0,1,2,2,0,0,1,2,E01011483,2012070093155,2,1,3,2,58,9,3,5,2,0,0,0,0,1,Leeds
1690494,2015132CU1159,437458.0,433290.0,-1.432845,53.794579,13,3,1,1,2015-12-30,4,17:58,204,E08000035,3,63,3,40,0,-1,-1,0,0,4,4,1,2,0,0,1,1,E01011411,2012070093168,2,1,1,1,43,7,3,0,0,0,0,0,19,1,Leeds
1690495,2015132CU1359,426075.0,435596.0,-1.605446,53.815997,13,2,1,1,2015-12-30,4,20:10,204,E08000035,6,0,6,30,0,-1,-1,0,0,0,1,2,2,0,0,1,1,E01011477,2012070093168,2,2,2,1,29,6,3,0,0,1,0,0,19,1,Leeds
1690498,2015132CV0503,432002.0,433573.0,-1.515638,53.797485,13,3,2,1,2015-12-30,4,15:55,204,E08000035,3,64,3,40,0,-1,-1,0,0,0,4,1,2,0,0,1,2,E01011623,2012070093173,2,3,2,1,66,10,3,0,0,1,0,0,9,1,Leeds
1690510,20151331H1381,424719.0,434444.0,-1.626133,53.805709,13,3,2,1,2015-12-21,2,16:50,204,E08000035,6,0,3,40,3,4,6,0,0,0,4,1,1,0,0,1,2,E01011336,2012070094475,1,1,1,2,23,5,2,0,0,0,0,0,9,1,Leeds
1690512,20151335C0610,437649.0,419897.0,-1.431572,53.674194,13,3,2,1,2015-12-27,1,09:30,206,E08000036,6,0,6,60,0,-1,-1,0,0,0,1,1,-1,0,0,2,2,E01011817,2012070095000,1,1,1,1,20,4,3,0,0,0,0,0,9,1,Wakefield
1691310,201514A191715,453736.0,396080.0,-1.192169,53.458738,14,3,1,1,2015-12-20,1,09:00,211,E08000017,4,6094,6,60,0,-1,-1,0,0,0,1,4,1,0,0,2,2,E01007545,2012070164746,2,2,1,2,54,8,3,0,0,0,0,0,9,1,Doncaster
1691312,201514A192215,456686.0,405931.0,-1.145968,53.546964,14,3,1,1,2015-12-21,2,13:20,211,E08000017,3,19,6,30,3,4,6,0,0,0,1,8,2,0,0,1,1,E01007510,2012070164866,1,2,2,1,56,9,2,0,0,1,0,0,9,1,Doncaster
1691313,201514A192315,471679.0,410666.0,-0.918649,53.587687,14,2,3,1,2015-12-21,2,12:00,211,E08000017,3,18,6,60,0,-1,-1,0,0,0,1,5,2,0,0,2,1,E01007632,2012070164949,1,1,1,1,36,7,1,0,0,0,0,0,9,2,Doncaster
1691314,201514A192415,453293.0,410616.0,-1.196371,53.589425,14,3,1,1,2015-12-22,3,18:07,211,E08000017,6,0,6,30,3,4,6,0,0,0,4,2,2,0,0,1,1,E01007470,2012070164949,1,2,2,2,39,7,2,0,0,1,0,0,9,2,Doncaster
1691315,201514A192615,453787.0,396015.0,-1.191412,53.458149,14,3,1,2,2015-12-21,2,13:40,211,E08000017,4,6094,6,60,3,4,6,0,0,0,1,1,1,0,0,2,2,E01007545,2012070165311,1,1,1,2,19,4,3,0,0,0,0,0,9,1,Doncaster
1691318,201514A193615,451836.0,405225.0,-1.219273,53.541119,14,2,2,1,2015-12-23,4,07:48,211,E08000017,3,635,6,40,0,-1,-1,0,0,0,4,1,2,0,0,2,1,E01007583,2012070165440,2,2,2,2,23,5,3,0,0,2,0,0,9,1,Doncaster
1691319,201514A193815,455771.0,415207.0,-1.15812,53.630428,14,3,2,1,2015-12-23,4,16:25,211,E08000017,6,0,6,60,0,-1,-1,0,0,0,6,1,1,0,0,2,1,E01007487,2012070165440,2,3,2,2,18,4,3,0,0,1,0,0,9,1,Doncaster
1691321,201514A194215,457570.0,403181.0,-1.133133,53.522153,14,3,1,1,2015-12-23,4,13:45,211,E08000017,6,0,6,20,3,4,6,0,0,0,1,1,1,0,0,1,1,E01007645,2012070165565,2,1,1,1,46,8,3,0,0,0,0,0,11,1,Doncaster
1691322,201514A194315,459724.0,402654.0,-1.100748,53.517177,14,3,1,1,2015-12-24,5,15:56,211,E08000017,6,0,6,40,3,2,3,638,0,5,1,1,2,0,0,2,1,E01007644,2012070165565,2,2,2,2,65,9,3,0,0,0,4,0,11,1,Doncaster
1691330,201514A195515,472065.0,409165.0,-0.913165,53.574146,14,3,2,2,2015-12-26,7,19:46,211,E08000017,1,180,3,70,0,-1,-1,0,0,0,4,1,1,0,0,2,1,E01007559,2012070166491,2,1,1,2,32,6,3,0,0,0,0,0,9,1,
1691331,201514A195615,461901.0,397598.0,-1.068917,53.471486,14,3,2,1,2015-12-26,7,13:35,211,E08000017,6,0,6,20,3,4,6,0,0,0,1,1,1,0,0,1,1,E01007595,2012070166491,2,2,2,2,10,2,3,0,0,2,0,0,9,1,Doncaster
1691333,201514A196015,463850.0,392981.0,-1.040494,53.42976,14,3,1,1,2015-12-25,6,21:00,211,E08000017,3,631,6,30,0,-1,-1,0,0,0,6,9,2,0,0,2,1,E01007610,2012070167120,1,1,1,1,46,8,3,0,0,0,0,0,9,3,Doncaster
1691334,201514A196415,457904.0,403163.0,-1.128099,53.521955,14,3,2,1,2015-12-28,2,07:35,211,E08000017,5,444,6,30,3,2,5,445,0,4,4,1,1,0,0,1,1,E01007645,2012070167120,2,2,1,1,30,6,3,0,0,0,0,0,9,1,Doncaster
1691335,201514A196615,460521.0,404098.0,-1.088452,53.530064,14,3,2,1,2015-12-28,2,17:20,211,E08000017,6,0,6,20,6,4,6,0,0,0,4,9,1,0,0,1,1,E01007566,2012070167411,1,1,2,1,20,4,3,0,0,1,0,0,9,1,Doncaster
1691336,201514A197515,463372.0,405950.0,-1.045074,53.546372,14,3,2,1,2015-12-23,4,09:24,211,E08000017,3,630,6,60,0,-1,-1,0,0,0,1,1,2,0,0,2,1,E01007479,2012070167446,1,1,3,1,62,9,3,5,3,0,0,2,0,2,Doncaster
1691337,201514A197715,460416.0,402043.0,-1.090431,53.511607,14,3,2,1,2015-12-23,4,11:29,211,E08000017,3,638,6,40,0,-1,-1,0,0,0,1,1,1,0,0,1,1,E01007526,2012070167593,1,1,1,1,37,7,3,0,0,0,0,0,19,3,Doncaster
1691338,201514A197815,449040.0,399976.0,-1.26228,53.494211,14,3,2,1,2015-12-30,4,17:59,211,E08000017,3,6023,6,40,3,4,6,0,0,8,4,9,1,0,0,2,1,E01007579,2012070167593,2,2,1,2,76,11,2,0,0,0,0,0,9,2,Doncaster
1691340,201514A198315,457801.0,402482.0,-1.129778,53.515846,14,3,2,3,2015-12-22,3,18:30,211,E08000017,3,638,3,40,1,4,3,18,0,0,4,2,2,0,0,1,1,E01007530,2012070168149,1,1,1,2,18,4,3,0,0,0,0,0,9,1,Doncaster
1691343,201514A198715,459510.0,404857.0,-1.103558,53.537,14,3,2,1,2015-12-24,5,15:30,211,E08000017,6,0,6,40,0,-1,-1,0,0,0,1,1,1,0,0,1,2,E01007652,2012070168176,2,2,1,2,26,6,3,0,0,0,0,0,9,1,Doncaster
1691345,201514A199015,455804.0,412827.0,-1.158047,53.609035,14,1,1,4,2015-12-26,7,22:57,211,E08000017,6,0,6,20,3,4,6,0,0,0,4,1,2,0,0,2,1,E01007491,2012070168397,2,1,1,1,50,8,3,0,0,0,0,0,5,1,Doncaster
1691347,201514A199415,456766.0,398431.0,-1.146116,53.47955,14,3,2,5,2015-12-27,1,14:15,211,E08000017,1,18,7,70,1,2,1,18,0,0,1,1,1,0,0,2,1,E01007611,2012070168573,2,1,1,1,51,8,3,0,0,0,0,0,9,1,Doncaster
1691349,201514A199615,465009.0,409392.0,-1.019657,53.577106,14,2,1,1,2015-12-26,7,22:52,211,E08000017,6,0,6,30,6,4,6,0,0,0,4,9,2,0,0,1,1,E01007556,2012070168655,1,1,1,1,51,8,3,0,0,0,0,0,9,3,Doncaster
1691350,201514A199715,457812.0,402430.0,-1.129622,53.515377,14,3,2,2,2015-12-27,1,19:45,211,E08000017,3,18,1,40,1,4,3,6182,0,0,4,9,1,0,0,1,1,E01007530,2012070168655,2,2,1,1,73,10,3,0,0,0,0,0,9,3,Doncaster
1691351,201514A199915,465258.0,400661.0,-1.017715,53.498609,14,3,2,1,2015-12-27,1,14:50,211,E08000017,4,1396,6,30,3,4,6,0,0,0,1,2,2,0,0,2,1,E01007599,2012070168655,2,3,2,2,70,10,2,0,0,1,0,0,9,3,Doncaster
1691352,201514A200015,456159.0,401120.0,-1.154781,53.503783,14,2,2,1,2015-12-23,4,13:45,211,E08000017,6,0,6,30,3,4,6,0,0,0,1,1,1,0,0,1,1,E01007495,2012070168730,1,1,1,1,12,3,3,0,0,0,0,0,1,1,Doncaster
1691353,201514A200115,461862.0,408831.0,-1.06729,53.572444,14,3,2,1,2015-12-23,4,10:20,211,E08000017,6,0,6,30,0,-1,-1,0,0,0,1,8,2,0,0,1,1,E01007621,2012070168733,1,2,2,1,10,2,3,0,0,2,0,0,9,3,Doncaster
1691354,201514A200215,461835.0,408911.0,-1.067682,53.573166,14,3,3,2,2015-12-23,4,11:10,211,E08000017,6,0,6,30,3,4,6,0,0,0,1,8,2,0,0,1,1,E01007621,2012070168733,1,3,2,1,37,7,3,0,0,1,0,0,9,3,Doncaster
1691830,201514B121015,433520.0,403300.0,-1.495849,53.525302,14,3,1,4,2015-12-24,5,02:20,210,E08000016,6,0,6,60,0,-1,-1,0,0,0,6,2,2,0,0,2,1,E01007459,2012070217050,1,1,2,2,40,7,3,0,0,0,2,0,11,1,
1691831,201514B121215,436180.0,400182.0,-1.456086,53.497101,14,2,2,1,2015-12-25,6,02:20,210,E08000016,6,0,6,30,3,4,6,0,0,0,4,1,2,0,0,1,1,E01007397,2012070217348,2,1,1,2,53,8,3,0,0,0,0,0,9,1,
1691832,201514B121415,441455.0,404927.0,-1.375948,53.539361,14,3,1,1,2015-12-27,1,07:49,210,E08000016,3,635,6,40,0,-1,-1,0,0,8,4,9,1,0,0,1,1,E01007348,2012070217464,2,1,1,1,71,10,2,0,0,0,0,0,1,1,
1691833,201514B121515,433514.0,410532.0,-1.495167,53.590303,14,3,2,1,2015-12-24,5,15:30,210,E08000016,3,61,6,40,3,4,4,6428,0,0,1,1,1,0,0,2,2,E01007356,2012070217631,1,1,1,2,48,8,3,0,0,0,0,0,9,1,
1691834,201514B121615,437086.0,406633.0,-1.441668,53.55502,14,3,1,3,2015-12-27,1,05:35,210,E08000016,3,628,6,30,1,4,3,628,0,0,4,1,2,0,0,1,1,E01007405,2012070217631,2,2,1,1,46,8,3,0,0,0,0,0,9,3,