,Accident_Index_x,Location_Easting_OSGR,Location_Northing_OSGR,Longitude,Latitude,Police_Force,Accident_Severity,Number_of_Vehicles,Number_of_Casualties,Date,Day_of_Week,Time,Local_Authority_(District),Local_Authority_(Highway),1st_Road_Class,1st_Road_Number,Road_Type,Speed_limit,Junction_Detail,Junction_Control,2nd_Road_Class,2nd_Road_Number,Pedestrian_Crossing-Human_Control,Pedestrian_Crossing-Physical_Facilities,Light_Conditions,Weather_Conditions,Road_Surface_Conditions,Special_Conditions_at_Site,Carriageway_Hazards,Urban_or_Rural_Area,Did_Police_Officer_Attend_Scene_of_Accident,LSOA_of_Accident_Location,Accident_Index_y,Vehicle_Reference,Casualty_Reference,Casualty_Class,Sex_of_Casualty,Age_of_Casualty,Age_Band_of_Casualty,Casualty_Severity,Pedestrian_Location,Pedestrian_Movement,Car_Passenger,Bus_or_Coach_Passenger,Pedestrian_Road_Maintenance_Worker,Casualty_Type,Casualty_Home_Area_Type,city
1691835,201514B121715,439424.0,408084.0,-1.406196,53.567891,14,3,2,1,2015-12-27,1,11:15,210,E08000016,6,0,6,30,3,4,6,0,0,0,1,9,1,0,0,1,1,E01007341,2012070217631,2,4,2,2,44,7,3,0,0,1,0,0,9,3,
1691836,201514B122115,440000.0,402801.0,-1.398173,53.520365,14,3,2,1,2015-12-22,3,08:50,210,E08000016,6,0,6,30,6,4,6,0,0,0,1,4,1,0,0,1,1,E01007451,2012070217631,2,5,2,1,19,4,3,0,0,2,0,0,9,3,
1691842,201514B123415,432805.0,406225.0,-1.506328,53.551637,14,2,2,1,2015-12-24,5,12:45,210,E08000016,3,628,6,30,0,-1,-1,0,0,0,1,1,1,0,0,1,1,E01007444,2012070219542,1,1,1,1,48,8,3,0,0,0,0,0,9,1,
1691843,201514B123715,436896.0,405633.0,-1.444653,53.546045,14,3,2,1,2015-12-25,6,10:30,210,E08000016,3,635,6,30,0,-1,-1,0,0,0,1,1,1,0,0,1,1,E01007322,2012070219924,1,1,1,1,44,7,3,0,0,0,0,0,19,1,
1691847,201514B124415,436184.0,399420.0,-1.456113,53.490252,14,3,2,2,2015-12-23,4,13:10,210,E08000016,3,6135,6,50,8,4,6,0,0,0,1,1,1,0,0,2,1,E01007390,2012070220668,2,1,1,1,52,8,3,0,0,0,0,0,3,1,
1692392,201514C139615,451158.0,388867.0,-1.23216,53.394166,14,3,2,1,2015-12-23,4,13:50,213,E08000018,6,0,6,30,3,4,6,0,0,0,1,1,1,0,0,2,1,E01007810,2012070284526,2,1,1,2,37,7,3,0,0,0,0,0,9,2,Rotherham
1692395,201514C139915,450439.0,385832.0,-1.243454,53.366957,14,3,2,6,2015-12-24,5,14:00,213,E08000018,4,6463,6,40,6,4,6,0,0,0,1,1,2,0,0,2,1,E01007658,2012070284571,2,2,2,2,71,10,3,0,0,1,0,0,9,1,Rotherham
1692396,201514C140015,446917.0,397461.0,-1.294652,53.4718,14,3,2,1,2015-12-25,6,18:52,213,E08000018,4,6090,6,60,0,-1,-1,0,0,0,4,8,2,0,0,2,1,E01007720,2012070284576,2,1,1,2,68,10,3,0,0,0,0,0,9,1,Rotherham
1692398,201514C140215,445098.0,397949.0,-1.321984,53.476345,14,3,2,1,2015-12-27,1,11:25,213,E08000018,4,6090,6,40,3,4,6,0,0,0,1,1,2,0,0,2,1,E01007793,2012070284730,2,2,2,1,47,8,3,0,0,1,0,0,9,1,Rotherham
1692399,201514C140415,448195.0,393708.0,-1.275974,53.437954,14,2,2,5,2015-12-26,7,12:00,213,E08000018,6,0,6,40,0,-1,-1,0,0,0,1,1,2,0,0,2,1,E01007692,2012070284770,2,1,1,1,55,8,2,0,0,0,0,0,9,1,Rotherham
1692400,201514C140515,442818.0,392743.0,-1.357041,53.429744,14,3,1,1,2015-12-27,1,02:00,213,E08000018,6,0,2,20,6,2,6,0,0,0,4,9,1,0,0,1,1,E01007714,2012070284849,2,1,1,2,28,6,3,0,0,0,0,0,9,1,Rotherham
1692403,201514C141315,444677.0,389323.0,-1.329548,53.398851,14,2,2,1,2015-12-30,4,00:13,213,E08000018,1,1,3,70,0,-1,-1,0,0,0,6,4,1,4,0,2,1,E01007814,2012070284918,2,2,1,1,78,11,3,0,0,0,0,0,9,1,Rotherham
1692404,201514C141915,442653.0,401686.0,-1.358313,53.510136,14,3,2,3,2015-12-30,4,16:40,213,E08000018,3,633,1,40,1,4,6,0,0,0,4,2,2,0,0,2,1,E01007693,2012070285185,2,1,1,1,19,4,2,0,0,0,0,0,3,1,Rotherham
1692405,201514C142215,445876.0,394426.0,-1.310776,53.444614,14,3,2,1,2015-12-25,6,19:04,213,E08000018,3,630,6,30,6,2,6,0,0,0,4,1,1,0,0,1,1,E01007721,2012070285285,1,1,3,2,53,8,2,6,9,0,0,0,0,1,Rotherham
1692406,201514C142315,447792.0,385762.0,-1.283241,53.366573,14,3,1,2,2015-12-30,4,21:15,213,E08000018,1,1,3,70,0,-1,-1,0,0,0,6,2,2,0,0,2,1,E01007670,2012070285332,2,1,1,2,22,5,2,0,0,0,0,0,3,2,Rotherham
1692407,201514C142415,443286.0,389086.0,-1.350498,53.396836,14,3,3,6,2015-12-25,6,10:45,213,E08000018,3,630,3,70,0,-1,-1,0,0,0,1,2,2,0,0,2,1,E01007706,2012070285453,6,1,1,1,29,6,3,0,0,0,0,0,9,1,Rotherham
1692410,201514C143715,445513.0,399652.0,-1.315485,53.491615,14,3,2,1,2015-12-28,2,09:30,213,E08000018,6,0,6,30,0,-1,-1,0,0,0,1,1,1,0,0,1,2,E01007796,2012070285995,2,1,1,2,12,3,3,0,0,0,0,0,1,1,Rotherham
1692412,201514C144015,445271.0,394151.0,-1.319923,53.442194,14,3,1,1,2015-12-30,4,17:18,213,E08000018,3,630,6,30,0,-1,-1,0,0,0,6,5,2,0,0,1,1,E01007737,2012070286267,1,1,3,1,55,8,3,6,9,0,0,0,0,1,Rotherham
1692416,201514C144715,451923.0,383871.0,-1.221476,53.349188,14,3,2,1,2015-12-27,1,12:20,213,E08000018,3,57,6,40,6,2,6,0,0,0,1,1,2,0,0,1,1,E01007661,2012070286802,2,2,2,2,8,2,3,0,0,1,0,0,9,1,Rotherham
1692417,201514C144815,444494.0,398968.0,-1.33094,53.485555,14,3,1,2,2015-12-23,4,18:00,213,E08000018,6,0,6,30,3,4,3,6022,0,1,1,1,1,0,0,1,2,E01007818,2012070286921,3,1,1,1,40,7,3,0,0,0,0,0,9,1,Rotherham
1692419,201514C145015,447070.0,394457.0,-1.292796,53.444787,14,3,1,1,2015-12-24,5,23:25,213,E08000018,6,0,6,30,3,4,6,0,0,0,4,1,2,0,0,2,1,E01007727,2012070287012,1,2,2,2,33,6,3,0,0,1,0,0,9,1,Rotherham
1693507,201514K325515,440244.0,390354.0,-1.396082,53.408473,14,3,3,1,2015-12-20,1,11:24,215,E08000019,1,1,7,70,5,4,1,1,0,0,1,1,1,0,0,1,1,E01007903,2012100003212,2,3,2,1,32,6,3,0,0,0,0,0,19,1,Sheffield
1693508,201514K327015,439810.0,390327.0,-1.402614,53.408263,14,3,2,1,2015-12-20,1,14:58,215,E08000019,3,631,3,40,0,-1,-1,0,0,0,1,1,1,0,0,1,1,E01007913,2012100003312,1,1,3,2,75,10,2,5,1,0,0,0,0,-1,Sheffield
1693515,201514K328415,437452.0,386415.0,-1.438545,53.373274,14,3,1,1,2015-12-21,2,16:30,215,E08000019,5,719,6,30,3,4,6,0,0,0,4,1,2,0,0,1,1,E01007881,2012100004612,2,1,1,1,49,8,3,0,0,0,0,0,1,1,Sheffield
1693516,201514K328515,434322.0,384282.0,-1.485819,53.354314,14,3,2,1,2015-12-20,1,17:09,215,E08000019,3,621,6,30,6,4,5,734,0,4,4,1,1,0,0,1,1,E01008045,2012100004712,1,1,3,2,68,10,3,1,1,0,0,0,0,1,Sheffield
1693518,201514K328815,435965.0,390318.0,-1.460451,53.408458,14,3,1,1,2015-12-22,3,13:00,215,E08000019,3,6102,6,30,0,-1,-1,0,0,0,1,9,1,0,0,1,2,E01007942,2012100005012,2,2,2,1,58,9,3,0,0,2,0,0,9,-1,Sheffield
1693519,201514K328915,433775.0,383197.0,-1.494152,53.344597,14,2,2,1,2015-12-21,2,14:00,215,E08000019,6,0,6,30,3,4,6,0,0,0,1,1,2,0,0,1,1,E01007829,2012100005112,2,1,1,1,18,4,3,0,0,0,0,0,1,-1,Sheffield
1693520,201514K329015,430683.0,393469.0,-1.539598,53.437112,14,3,1,1,2015-12-21,2,12:05,215,E08000019,3,6102,2,30,6,4,3,6102,0,8,1,2,2,0,0,2,1,E01008140,2012100005212,2,1,1,1,43,7,3,0,0,0,0,0,1,1,Sheffield
1693522,201514K329215,435708.0,388062.0,-1.464571,53.388198,14,3,2,1,2015-12-22,3,18:40,215,E08000019,6,0,6,30,6,4,6,0,0,0,4,2,2,0,0,1,1,E01033270,2012100005512,2,2,1,1,50,8,3,0,0,0,0,0,19,1,Sheffield
1693523,201514K329315,435345.0,388724.0,-1.469955,53.394172,14,1,2,7,2015-12-22,3,22:47,215,E08000019,6,0,6,30,0,-1,-1,0,0,0,4,1,2,0,0,1,1,E01007870,2012100005512,2,3,2,1,52,8,3,0,0,0,0,0,19,1,Sheffield
1693526,201514K329615,433772.0,386819.0,-1.493811,53.377152,14,2,2,1,2015-12-22,3,08:00,215,E08000019,6,0,6,30,9,4,4,6547,0,0,1,8,2,0,0,1,1,E01007866,2012100006012,1,1,2,1,19,4,3,0,0,2,0,0,9,-1,Sheffield
1693528,201514K330715,437266.0,385656.0,-1.44143,53.366465,14,3,2,1,2015-12-22,3,13:56,215,E08000019,6,0,6,30,3,4,6,0,0,0,1,2,2,0,0,1,1,E01008097,2012100006512,1,1,2,1,46,8,3,0,0,0,3,0,11,-1,Sheffield
1693530,201514K331215,435225.0,389764.0,-1.471644,53.403528,14,3,1,1,2015-12-23,4,12:13,215,E08000019,6,0,6,30,0,-1,-1,0,0,8,1,1,1,0,0,1,1,E01007871,2012100006712,3,2,1,1,39,7,3,0,0,0,0,0,9,1,Sheffield
1693536,201514K333015,439998.0,390720.0,-1.399736,53.411782,14,3,3,3,2015-12-27,1,17:21,215,E08000019,1,1,3,70,0,-1,-1,0,0,0,4,1,2,0,0,1,2,E01007913,2012100008512,2,1,1,1,57,9,3,0,0,0,0,0,9,1,Sheffield
1693538,201514K333215,430348.0,387063.0,-1.545255,53.379552,14,1,1,4,2015-12-27,1,01:10,215,E08000019,3,57,6,50,0,-1,-1,0,0,0,6,2,2,0,0,2,1,E01007953,2012100008812,1,1,1,1,55,8,3,0,0,0,0,0,9,-1,Sheffield
1693540,201514K334715,431838.0,387207.0,-1.522843,53.380759,14,3,2,1,2015-12-29,3,06:50,215,E08000019,3,57,6,30,6,4,6,0,0,0,7,1,2,0,0,1,1,E01007954,2012100009112,1,1,1,1,18,4,3,0,0,0,0,0,9,2,Sheffield
1693541,201514K335515,444310.0,383653.0,-1.33586,53.34792,14,3,3,5,2015-12-27,1,11:45,215,E08000019,5,412,6,30,3,4,6,0,0,0,1,1,1,0,0,1,1,E01008030,2012100009112,1,3,2,2,17,4,3,0,0,1,0,0,9,3,Sheffield
1693542,201514K335915,436360.0,387015.0,-1.454889,53.378743,14,3,2,4,2015-12-20,1,02:23,215,E08000019,4,6070,6,30,6,4,6,0,0,0,4,1,1,0,0,1,1,E01007879,2012100009112,2,2,1,1,65,9,3,0,0,0,0,0,9,1,Sheffield
1693543,201514K336215,440277.0,390319.0,-1.39559,53.408156,14,3,5,5,2015-12-29,3,11:27,215,E08000019,1,1,3,70,0,-1,-1,0,0,0,1,1,1,0,0,1,1,E01007903,2012100009212,1,1,3,1,2,1,3,5,2,0,0,0,0,-1,Sheffield
1693544,201514K337015,437955.0,393058.0,-1.430188,53.432946,14,1,1,1,2015-12-30,4,22:29,215,E08000019,4,6082,6,60,0,-1,-1,0,0,0,6,2,5,0,0,1,1,E01007856,2012100009312,2,1,2,1,55,8,3,0,0,1,0,0,9,-1,Sheffield
1693545,201514K337115,435338.0,387786.0,-1.470165,53.385742,14,3,1,2,2015-12-25,6,23:20,215,E08000019,4,6539,1,30,1,4,6,0,0,4,4,1,2,0,0,1,1,E01033262,2012100009812,2,1,2,2,61,9,3,0,0,0,4,0,11,1,Sheffield
1693547,201514K337415,432926.0,389465.0,-1.506253,53.400988,14,3,2,2,2015-12-25,6,01:30,215,E08000019,3,6101,6,30,3,4,6,0,0,0,4,1,1,0,0,1,1,E01008161,2012100010212,2,1,1,2,20,4,3,0,0,0,0,0,9,1,Sheffield
1693548,201514K337515,438204.0,392046.0,-1.426563,53.423832,14,3,3,5,2015-12-25,6,16:24,215,E08000019,6,0,6,30,3,4,6,0,0,0,4,2,2,0,0,1,1,E01007847,2012100010312,2,1,1,2,62,9,3,0,0,0,0,0,9,1,Sheffield
1693550,201514K338415,433325.0,386870.0,-1.500525,53.377639,14,3,1,4,2015-12-26,7,21:30,215,E08000019,3,57,6,30,6,2,6,0,0,0,4,5,2,0,0,1,1,E01007867,2012100010412,2,2,2,2,54,8,3,0,0,1,0,0,9,-1,Sheffield
1693551,201514K338515,433268.0,391152.0,-1.500932,53.41613,14,2,1,1,2015-12-22,3,07:35,215,E08000019,3,61,3,30,3,2,6,0,0,5,4,1,2,0,0,1,1,E01008089,2012100010512,2,1,2,2,53,8,3,0,0,1,0,0,9,-1,Sheffield
1693552,201514K338715,439263.0,388650.0,-1.41105,53.393231,14,3,1,1,2015-12-26,7,17:10,215,E08000019,6,0,6,30,3,4,6,0,0,0,4,2,2,0,0,1,1,E01007902,2012100011112,1,1,3,2,16,4,3,8,5,0,0,0,0,3,Sheffield
1693553,201514K338915,432273.0,388562.0,-1.516166,53.392912,14,3,2,1,2015-12-26,7,13:56,215,E08000019,3,6101,6,30,6,4,6,0,0,8,1,1,2,0,0,1,1,E01008152,2012100011312,1,1,3,2,17,4,3,5,1,0,0,0,0,1,Sheffield
1693554,201514K339015,441280.0,389500.0,-1.38061,53.400718,14,3,2,4,2015-12-27,1,10:49,213,E08000018,1,1,3,70,0,-1,-1,0,0,0,1,1,1,0,0,2,1,E01007707,2012100011812,2,1,1,1,18,4,3,0,0,0,0,0,3,2,Rotherham
1693555,201514K339115,439125.0,390196.0,-1.412933,53.407137,14,3,2,1,2015-12-28,2,21:28,215,E08000019,3,6178,3,40,3,2,6,0,0,0,4,1,1,0,0,1,1,E01007913,2012100012112,2,1,1,2,39,7,3,0,0,0,0,0,9,1,Sheffield
1693561,201514K340015,433117.0,380251.0,-1.504342,53.318158,14,3,2,1,2015-12-24,5,19:40,215,E08000019,4,6054,6,30,3,4,6,0,0,1,4,2,2,0,0,1,1,E01007917,2012100013212,2,1,1,2,20,4,3,0,0,0,0,0,9,2,Sheffield
1693562,201514K340115,455340.0,408470.0,-1.165831,53.569927,14,2,1,2,2015-12-22,3,17:20,211,E08000017,6,0,6,60,0,-1,-1,0,0,0,6,9,1,0,0,2,1,E01007504,2012100013812,1,1,3,1,17,4,3,1,1,0,0,0,0,1,Doncaster
1693564,201514K340415,436471.0,391384.0,-1.452717,53.418004,14,3,2,1,2015-12-27,1,17:45,215,E08000019,6,0,6,30,6,4,6,0,0,0,4,1,2,0,0,1,1,E01007948,2012100014312,2,1,1,1,49,8,3,0,0,0,0,0,9,1,Sheffield
1693566,201514K340815,438131.0,384845.0,-1.428529,53.359114,14,3,2,3,2015-12-26,7,06:25,215,E08000019,3,6102,3,30,6,2,3,6135,0,0,4,2,2,0,0,1,1,E01008003,2012100014512,2,1,1,1,39,7,3,0,0,0,0,0,9,-1,Sheffield
1693571,201514K341515,440546.0,386609.0,-1.392019,53.37479,14,3,2,2,2015-12-25,6,17:25,215,E08000019,4,6200,3,30,3,2,6,0,0,4,4,2,2,0,0,1,2,E01007909,2012100015212,2,2,2,2,78,11,3,0,0,2,0,0,9,-1,Sheffield
1693573,201514K342115,436133.0,387538.0,-1.458241,53.383459,14,3,2,1,2015-12-21,2,11:26,215,E08000019,6,0,6,30,0,-1,-1,0,0,4,1,2,2,0,0,1,1,E01033268,2012100015512,1,1,1,1,82,11,3,0,0,0,0,0,9,2,Sheffield
1693577,201514K342515,433575.0,385804.0,-1.49688,53.368042,14,3,3,1,2015-12-30,4,10:15,215,E08000019,6,0,6,30,3,4,6,0,0,0,1,1,1,0,0,1,1,E01007864,2012100016012,1,1,1,2,21,5,3,0,0,0,0,0,9,-1,Sheffield
1693968,2015160A04321,529484.0,406656.0,-0.047507,53.540593,16,3,2,1,2015-12-20,1,10:22,233,E06000012,3,1098,6,60,0,-1,-1,0,0,0,1,1,1,5,2,2,1,E01013170,2012100082012,1,4,2,1,19,4,2,0,0,2,0,0,9,1,
1693975,2015160A04401,521094.0,406315.0,-0.174174,53.539529,16,3,2,1,2015-12-21,2,08:40,233,E06000012,6,0,6,30,3,4,6,0,0,0,1,1,1,0,0,2,1,E01013226,2012100083212,2,6,2,1,38,7,3,0,0,1,0,0,9,1,
1693981,2015160A04461,527652.0,410019.0,-0.073763,53.571251,16,3,2,1,2015-12-24,5,14:22,233,E06000012,4,1213,6,30,6,4,6,0,0,0,1,2,2,0,0,1,1,E01013137,2012100083412,2,3,2,2,25,5,3,0,0,1,0,0,9,-1,
1693982,2015160A04471,525469.0,408298.0,-0.1074,53.556317,16,3,2,1,2015-12-30,4,22:00,233,E06000012,6,0,6,30,0,-1,-1,0,0,0,4,2,2,0,0,1,1,E01013211,2012100083412,2,4,2,2,3,1,3,0,0,2,0,0,9,-1,
1693989,2015160A04551,530422.0,408830.0,-0.032455,53.55989,16,3,2,1,2015-12-22,3,12:30,233,E06000012,6,0,6,30,3,4,4,1374,0,0,1,1,1,0,0,1,2,E01013128,2012100084612,1,1,1,1,21,5,3,0,0,0,0,0,9,1,
1693995,2015160A04611,520255.0,413461.0,-0.184078,53.603919,16,3,2,1,2015-12-29,3,10:38,233,E06000012,6,0,6,40,0,-1,-1,0,0,0,1,1,2,0,0,2,1,E01013173,2012100085212,2,1,1,2,29,6,3,0,0,0,0,0,9,1,
1693996,2015160A04621,529355.0,407367.0,-0.049158,53.547012,16,2,1,1,2015-12-22,3,18:10,233,E06000012,3,1031,6,30,3,4,6,0,0,0,4,1,1,0,0,1,2,E01013135,2012100085412,2,1,1,1,32,6,3,0,0,0,0,0,9,1,
1694009,2015160A04751,524846.0,408027.0,-0.116907,53.554031,16,3,2,1,2015-12-20,1,15:20,233,E06000012,6,0,6,30,3,4,6,0,0,0,1,1,4,0,0,1,2,E01013206,2012100088012,2,3,2,1,38,7,3,0,0,1,0,0,9,1,
1694011,2015160A04771,526197.0,409151.0,-0.096072,53.563806,16,3,2,2,2015-12-21,2,06:51,233,E06000012,6,0,6,30,3,2,3,1136,0,5,4,1,1,0,0,1,2,E01013187,2012100088112,2,1,1,1,49,8,3,0,0,0,0,0,9,1,
1694012,2015160A04781,529007.0,409446.0,-0.05355,53.565773,16,3,5,1,2015-12-22,3,20:35,233,E06000012,6,0,6,30,0,-1,-1,0,0,0,4,1,1,0,0,1,1,E01013197,2012100088112,2,2,2,2,49,8,3,0,0,1,0,0,9,-1,
1694424,2015160B04481,505552.0,410695.0,-0.407117,53.582232,16,3,2,5,2015-12-20,1,11:19,232,E06000013,3,18,6,50,0,-1,-1,0,0,0,1,1,1,0,0,2,1,E01013270,2012100158412,1,1,1,1,19,4,3,0,0,0,0,0,9,2,
1694428,2015160B04521,487336.0,409047.0,-0.68264,53.570769,16,2,2,1,2015-12-23,4,06:57,232,E06000013,6,0,6,40,0,-1,-1,0,0,8,4,4,2,0,0,2,1,E01013280,2012100159612,2,1,1,1,31,6,2,0,0,0,0,0,1,-1,
1694429,2015160B04531,491817.0,408623.0,-0.61512,53.566195,16,3,2,1,2015-12-23,4,11:20,232,E06000013,3,18,3,60,1,4,6,0,0,0,1,1,1,0,0,2,1,E01013240,2012100159812,1,3,1,1,63,9,3,0,0,0,0,0,11,1,
1694430,2015160B04541,507676.0,412046.0,-0.374582,53.593939,16,3,1,1,2015-12-22,3,17:53,232,E06000013,3,180,3,70,0,-1,-1,0,0,0,6,2,2,0,0,2,1,E01013270,2012100160912,2,1,1,1,37,7,3,0,0,0,0,0,19,2,
1694431,2015160B04551,489590.0,411634.0,-0.647872,53.593635,16,2,2,1,2015-12-23,4,11:55,232,E06000013,6,0,6,30,3,4,6,0,0,1,1,1,1,0,0,1,1,E01013330,2012100161912,2,1,1,1,47,8,3,0,0,0,0,0,9,1,
1694433,2015160B04571,494899.0,407024.0,-0.569085,53.551279,16,3,2,1,2015-12-24,5,10:57,232,E06000013,3,18,6,60,0,-1,-1,0,0,0,1,5,2,0,0,2,1,E01013324,2012100162812,1,1,3,2,18,4,3,5,3,0,0,0,0,1,
1694434,2015160B04581,508011.0,421320.0,-0.366306,53.677193,16,3,1,1,2015-12-26,7,10:58,232,E06000013,6,0,6,60,0,-1,-1,0,0,0,1,4,2,0,0,2,1,E01013305,2012100162912,1,1,3,2,75,10,2,6,9,0,0,0,0,1,
1694435,2015160B04591,487368.0,408528.0,-0.682302,53.5661,16,2,2,1,2015-12-27,1,10:55,232,E06000013,6,0,6,40,0,-1,-1,0,0,4,1,1,1,0,0,1,1,E01013280,2012100163212,2,1,1,1,28,6,3,0,0,0,0,0,9,1,
1694442,2015160B04681,490118.0,411275.0,-0.64,53.590319,16,3,2,2,2015-12-27,1,15:30,232,E06000013,3,1029,6,40,6,2,6,0,0,4,1,1,2,0,0,1,1,E01013331,2012100164412,1,1,1,2,18,4,3,0,0,0,0,0,9,-1,
1694451,2015160B04771,489229.0,410293.0,-0.653708,53.581647,16,3,2,1,2015-12-29,3,12:35,232,E06000013,6,0,3,30,0,-1,-1,0,0,5,1,1,1,0,0,1,1,E01013314,2012100165012,1,9,2,1,18,4,3,0,0,1,0,0,9,-1,
1694453,2015160B04791,502464.0,420310.0,-0.45058,53.669234,16,3,1,1,2015-12-29,3,08:16,232,E06000013,3,15,3,70,0,-1,-1,0,0,0,1,1,1,0,0,2,1,E01013257,2012100165012,2,2,1,1,19,4,3,0,0,0,0,0,9,2,
1694459,2015160B04851,488938.0,408225.0,-0.65869,53.563114,16,3,2,1,2015-12-29,3,21:29,232,E06000013,6,0,6,30,6,4,6,0,0,0,4,4,2,0,0,1,1,E01013282,2012100165012,3,6,2,2,41,7,3,0,0,1,0,0,9,-1,
1695184,2015160C07651,467071.0,421541.0,-0.985907,53.686027,16,3,2,1,2015-12-23,4,15:50,231,E06000011,3,614,1,60,2,4,3,1041,0,0,6,1,1,0,0,2,2,E01013072,2012100287612,2,1,2,2,67,10,3,0,0,1,0,0,9,1,
1695188,2015160C07691,501536.0,446302.0,-0.456071,53.902945,16,3,1,2,2015-12-25,6,00:55,231,E06000011,3,164,6,50,0,-1,-1,0,0,0,6,1,2,0,0,2,1,E01012923,2012100288712,2,1,1,1,16,4,3,0,0,0,0,0,5,1,
1695195,2015160C07771,506296.0,473002.0,-0.374325,54.141866,16,2,1,1,2015-12-24,5,16:56,231,E06000011,6,0,6,60,3,4,6,0,0,0,6,1,2,0,0,2,1,E01012990,2012100291412,1,1,1,1,20,4,3,0,0,0,0,0,1,3,
1695197,2015160C07801,518283.0,466904.0,-0.193309,54.084471,16,2,1,1,2015-12-28,2,17:54,231,E06000011,3,1038,1,20,2,4,6,0,0,0,4,1,2,0,0,1,1,E01012945,2012100291812,2,1,1,1,22,5,3,0,0,0,0,0,3,1,
1695199,2015160C07821,485291.0,443023.0,-0.704161,53.876406,16,3,2,1,2015-12-29,3,16:30,231,E06000011,3,1079,6,30,3,4,6,0,0,0,7,1,1,0,0,2,2,E01013120,2012100292612,1,1,3,1,43,7,3,8,3,0,0,0,0,1,
1695209,2015160C07921,503852.0,428995.0,-0.426672,53.746992,16,3,2,1,2015-12-23,4,10:00,231,E06000011,4,1231,6,30,0,-1,-1,0,0,1,1,1,1,0,0,1,2,E01013107,2012100294112,2,2,1,1,44,7,3,0,0,0,0,0,9,1,
1695212,2015160C07951,519624.0,427123.0,-0.188352,53.726799,16,3,2,1,2015-12-24,5,18:45,231,E06000011,4,1240,6,60,3,4,3,1033,0,0,4,1,2,0,0,2,2,E01013100,2012100294512,1,1,3,2,51,8,3,5,3,0,0,0,0,2,
1695217,2015160C08001,467110.0,421472.0,-0.985331,53.685402,16,3,1,1,2015-12-25,6,11:20,231,E06000011,3,614,6,60,0,-1,-1,0,0,0,1,2,2,0,0,2,1,E01013072,2012100295612,2,1,1,1,39,7,3,0,0,0,0,0,9,1,
1695218,2015160C08011,492462.0,430477.0,-0.598886,53.76245,16,3,2,1,2015-12-23,4,20:23,231,E06000011,3,1034,6,60,3,4,3,63,0,0,1,1,2,0,0,2,1,E01012967,2012100295712,1,1,3,1,22,5,2,4,3,0,0,0,0,1,
1695905,2015160D07281,508096.0,433302.0,-0.360838,53.784826,16,3,2,2,2015-12-20,1,15:54,228,E06000010,3,1079,3,40,3,4,6,0,0,0,1,1,1,0,0,1,1,E01012881,2012100405012,2,1,1,2,54,8,3,0,0,0,0,0,9,2,Hull
1695907,2015160D07301,510495.0,433561.0,-0.324351,53.78665,16,3,1,1,2015-12-21,2,15:10,228,E06000010,6,0,6,30,3,4,6,0,0,0,1,1,1,0,0,1,1,E01012787,2012100405412,2,1,1,2,40,7,3,0,0,0,0,0,9,2,Hull
1695911,2015160D07341,507265.0,426979.0,-0.375638,53.728189,16,3,3,1,2015-12-22,3,15:14,228,E06000010,3,63,3,50,0,-1,-1,0,0,0,4,5,2,0,0,1,1,E01012889,2012100405812,2,2,1,2,51,8,3,0,0,0,0,0,20,-1,Hull
1695918,2015160D07421,511208.0,433956.0,-0.313391,53.790047,16,2,1,1,2015-12-24,5,15:20,228,E06000010,6,0,6,20,0,-1,-1,0,0,0,1,1,2,0,0,1,1,E01012784,2012100408412,1,1,3,2,20,4,3,6,9,0,0,0,0,-1,
1695921,2015160D07451,504760.0,427444.0,-0.413434,53.732876,16,3,2,1,2015-12-22,3,17:33,228,E06000010,6,0,6,30,3,4,6,0,0,0,4,2,2,0,0,1,2,E01012887,2012100408612,2,1,1,1,23,5,3,0,0,0,0,0,9,1,Hull
1695922,2015160D07461,504601.0,429680.0,-0.415087,53.752997,16,3,2,1,2015-12-29,3,11:50,228,E06000010,6,0,6,40,0,-1,-1,0,0,0,1,1,1,0,0,1,1,E01012803,2012100408612,2,2,2,2,41,7,3,0,0,1,0,0,9,1,Hull
1695927,2015160D07521,507954.0,428679.0,-0.364607,53.743321,16,3,1,1,2015-12-20,1,19:40,228,E06000010,3,1105,3,30,3,4,6,0,0,0,4,1,1,0,0,1,1,E01012891,2012100409312,1,1,3,2,22,5,3,1,3,0,0,0,0,-1,Hull
1695928,2015160D07531,507297.0,430134.0,-0.37406,53.756529,16,3,1,1,2015-12-23,4,16:35,228,E06000010,6,0,6,30,0,-1,-1,0,0,0,4,2,2,0,0,1,1,E01012756,2012100409412,1,1,3,1,8,2,3,5,3,0,0,0,0,1,Hull
1695931,2015160D07561,508984.0,430057.0,-0.348511,53.755487,16,3,2,2,2015-12-20,1,10:35,228,E06000010,3,1079,6,30,0,-1,-1,0,0,0,1,1,1,0,0,1,1,E01012857,2012100411012,2,1,1,1,39,7,3,0,0,0,0,0,3,2,Hull