,Accident_Index_x,Location_Easting_OSGR,Location_Northing_OSGR,Longitude,Latitude,Police_Force,Accident_Severity,Number_of_Vehicles,Number_of_Casualties,Date,Day_of_Week,Time,Local_Authority_(District),Local_Authority_(Highway),1st_Road_Class,1st_Road_Number,Road_Type,Speed_limit,Junction_Detail,Junction_Control,2nd_Road_Class,2nd_Road_Number,Pedestrian_Crossing-Human_Control,Pedestrian_Crossing-Physical_Facilities,Light_Conditions,Weather_Conditions,Road_Surface_Conditions,Special_Conditions_at_Site,Carriageway_Hazards,Urban_or_Rural_Area,Did_Police_Officer_Attend_Scene_of_Accident,LSOA_of_Accident_Location,Accident_Index_y,Vehicle_Reference,Casualty_Reference,Casualty_Class,Sex_of_Casualty,Age_of_Casualty,Age_Band_of_Casualty,Casualty_Severity,Pedestrian_Location,Pedestrian_Movement,Car_Passenger,Bus_or_Coach_Passenger,Pedestrian_Road_Maintenance_Worker,Casualty_Type,Casualty_Home_Area_Type,city
1698039,2015200046794,402134.0,288590.0,-1.969997,52.495214,20,3,2,4,2015-12-27,1,15:42,305,E08000028,4,4169,6,30,3,4,4,4030,0,8,4,2,2,0,0,1,2,E01010062,201211ND13052,1,1,3,1,14,3,3,1,3,0,0,0,0,2,Sandwell
1698044,2015200050274,418996.0,279890.0,-1.722128,52.416679,20,3,2,1,2015-12-21,2,15:43,306,E08000029,1,42,3,70,0,-1,-1,0,0,0,1,9,1,0,0,2,2,E01010115,201211ND13382,1,5,2,2,46,8,3,0,0,0,4,0,11,1,
1698049,2015200052909,433170.0,280160.0,-1.513707,52.418434,20,3,2,1,2015-12-20,1,21:45,302,E08000026,5,0,6,30,3,4,5,0,0,0,5,1,1,0,0,1,2,E01009630,201211ND13382,1,10,2,2,20,4,3,0,0,0,4,0,11,1,Coventry
1698058,2015200056997,401550.0,292916.0,-1.97858,52.534107,20,2,2,2,2015-12-24,5,03:03,305,E08000028,3,4041,3,50,0,-1,-1,0,0,0,4,1,2,0,0,2,2,E01009947,201211ND14192,3,3,2,2,57,9,3,0,0,1,0,0,9,2,Sandwell
1698060,2015200059575,401459.0,282949.0,-1.979962,52.444504,20,3,2,1,2015-12-23,4,08:15,300,E08000025,6,0,6,30,0,-1,-1,0,0,1,1,1,1,0,0,1,2,E01008919,201211ND14282,3,1,1,1,32,6,3,0,0,0,0,0,9,1,Birmingham
1698063,2015200063704,412602.0,287933.0,-1.815837,52.489169,20,2,2,4,2015-12-27,1,08:13,300,E08000025,6,0,6,30,1,4,3,4040,0,0,1,1,2,0,0,1,1,E01009490,201211ND15572,1,1,1,2,28,6,3,0,0,0,0,0,9,1,Birmingham
1698065,2015200068724,404150.0,282364.0,-1.940378,52.439232,20,3,1,1,2015-12-21,2,15:07,300,E08000025,3,38,6,30,6,2,3,4040,0,4,1,1,-1,0,0,1,2,E01009295,201211ND16112,2,1,1,1,37,7,3,0,0,0,0,0,9,2,Birmingham
1704693,2015210036493,386240.0,284890.0,-2.203948,52.461779,21,3,2,8,2015-12-20,1,00:50,254,E10000028,3,449,6,60,3,4,3,458,0,0,4,1,2,0,0,2,1,E01029652,2012130157142,2,1,1,1,41,7,3,0,0,0,0,0,3,1,South Staffordshire
1704712,2015210036826,387269.0,347560.0,-2.191257,53.025177,21,3,6,2,2015-12-21,2,14:25,257,E06000021,3,53,3,40,0,-1,-1,0,0,0,1,1,2,0,0,1,1,E01014285,2012130158123,2,1,1,1,55,8,3,0,0,0,0,0,1,1,Stoke-on-Trent
1704713,2015210036830,421069.0,303909.0,-1.690134,52.632529,21,2,2,1,2015-12-22,3,12:40,258,E10000028,3,51,3,30,0,-1,-1,0,-1,0,1,2,2,0,0,1,2,E01029838,2012130158220,1,1,2,1,75,10,3,0,0,0,3,0,11,1,Tamworth
1704714,2015210036847,425907.0,326537.0,-1.616875,52.835732,21,3,2,3,2015-12-23,4,10:25,251,E10000028,3,38,3,70,0,-1,-1,0,0,0,1,1,1,0,0,1,2,E01029455,2012130158367,1,1,1,1,37,7,3,0,0,0,0,0,9,1,East Staffordshire
1704715,2015210036848,420953.0,303833.0,-1.691853,52.63185,21,3,3,1,2015-12-21,2,14:57,258,E10000028,3,51,2,30,8,4,6,0,0,4,1,4,2,0,0,1,2,E01029838,2012130158511,1,1,1,1,80,11,2,0,0,0,0,0,9,1,Tamworth
1704716,2015210036858,421773.0,302507.0,-1.679825,52.619898,21,3,2,1,2015-12-22,3,19:38,258,E10000028,6,26,1,30,2,4,6,59,0,0,7,1,1,0,0,1,2,E01029828,2012130158511,2,2,1,1,42,7,3,0,0,0,0,0,19,1,Tamworth
1704718,2015210036868,387432.0,347540.0,-2.188826,53.025001,21,3,3,2,2015-12-21,2,12:00,257,E06000021,3,53,3,40,0,-1,-1,0,0,0,1,2,2,0,0,1,1,E01014285,2012130158544,1,1,3,1,38,7,3,5,2,0,0,0,0,1,Stoke-on-Trent
1704719,2015210036898,386307.0,350182.0,-2.205712,53.048722,21,3,2,2,2015-12-21,2,10:50,257,E06000021,6,0,6,30,0,-1,-1,0,0,0,1,2,2,0,0,1,1,E01014252,2012130158748,1,1,3,1,39,7,3,8,3,0,0,0,0,1,Stoke-on-Trent
1704720,2015210036900,392310.0,323086.0,-2.115513,52.80527,21,3,2,1,2015-12-21,2,13:10,255,E10000028,4,5066,6,30,3,4,6,1,0,0,1,2,2,0,0,1,2,E01029701,2012130158840,1,1,1,1,60,9,3,0,0,0,0,0,9,1,Stafford
1704721,2015210036903,396720.0,315316.0,-2.050015,52.735468,21,2,3,4,2015-12-24,5,09:04,254,E10000028,3,34,6,60,0,-1,-1,0,0,0,1,2,2,0,0,2,2,E01029656,2012130158840,2,2,1,2,26,6,3,0,0,0,0,0,9,1,South Staffordshire
1704724,2015210036918,390162.0,340773.0,-2.147916,52.964229,21,3,2,2,2015-12-21,2,08:54,255,E10000028,6,0,6,60,3,4,6,0,0,0,1,1,2,0,0,2,1,E01029681,2012130158895,2,1,1,1,33,6,3,0,0,0,0,0,9,1,Stafford
1704726,2015210036931,398224.0,340076.0,-2.027885,52.958052,21,3,3,4,2015-12-21,2,16:50,256,E10000028,5,109,6,40,8,4,6,0,0,0,4,1,2,0,0,2,1,E01029789,2012130158998,1,1,3,2,16,4,2,6,9,0,0,0,0,1,Staffordshire Moorlands
1704728,2015210036934,421877.0,303491.0,-1.678224,52.628739,21,2,1,1,2015-12-26,7,21:26,258,E10000028,4,5000,1,30,1,4,6,21,0,0,4,4,2,0,0,1,2,E01029830,2012130159108,1,1,1,1,38,7,3,0,0,0,0,0,1,1,Tamworth
1704729,2015210036941,423802.0,323071.0,-1.648373,52.804672,21,3,2,1,2015-12-22,3,12:10,251,E10000028,3,5121,1,30,1,4,3,5189,0,0,1,2,2,0,0,1,1,E01029448,2012130159173,2,1,2,2,45,7,3,0,0,0,3,0,11,1,East Staffordshire
1704731,2015210036952,382410.0,351770.0,-2.263931,53.062882,21,3,2,2,2015-12-23,4,07:20,253,E10000028,3,500,3,70,0,-1,-1,0,0,0,7,1,1,0,0,2,2,E01029596,2012130159433,1,1,3,2,3,1,3,5,4,0,0,0,0,1,
1704732,2015210036955,392362.0,322530.0,-2.114728,52.800273,21,2,1,1,2015-12-22,3,14:10,255,E10000028,3,449,6,30,0,-1,-1,0,0,0,1,2,2,0,0,1,2,E01029701,2012130159446,1,1,1,1,47,8,3,0,0,0,0,0,1,1,Stafford
1704733,2015210036960,377734.0,352328.0,-2.333744,53.067722,21,3,3,1,2015-12-20,1,12:40,253,E10000028,1,6,7,70,0,-1,-1,0,0,0,1,1,1,0,0,2,2,E01029532,2012130159502,1,1,3,2,5,1,3,9,9,0,0,0,0,1,
1704734,2015210036963,387213.0,287840.0,-2.189742,52.488323,21,3,2,2,2015-12-28,2,14:50,254,E10000028,3,449,6,60,3,4,5,307,0,0,1,1,1,0,0,2,1,E01029652,2012130159637,1,1,3,1,76,11,2,1,3,0,0,0,0,1,
1704735,2015210036972,407684.0,334668.0,-1.88719,52.909389,21,3,1,2,2015-12-26,7,11:30,251,E10000028,3,522,6,30,3,4,6,594,0,0,1,1,1,0,0,1,2,E01029430,2012130159937,2,1,2,2,61,9,2,0,0,1,0,0,9,1,East Staffordshire
1704736,2015210036978,425283.0,326271.0,-1.626158,52.83337,21,2,2,1,2015-12-22,3,16:25,251,E10000028,5,147,6,30,8,4,6,0,0,0,4,2,2,0,0,1,1,E01029456,2012130160262,1,1,1,1,16,4,3,0,0,0,0,0,2,1,East Staffordshire
1704737,2015210036980,383309.0,299432.0,-2.247822,52.592426,21,3,2,1,2015-12-23,4,08:45,254,E10000028,5,84,6,60,0,-1,-1,0,0,0,1,1,2,0,0,2,2,E01029654,2012130160390,1,1,1,1,14,3,3,0,0,0,0,0,1,1,South Staffordshire
1704739,2015210036989,407955.0,320153.0,-1.883509,52.778904,21,3,1,2,2015-12-26,7,18:30,252,E10000028,5,107,6,60,3,4,6,183,0,0,6,2,5,0,0,2,2,E01029498,2012130160534,2,1,1,2,22,5,3,0,0,0,0,0,9,1,Lichfield
1704740,2015210036993,391897.0,323927.0,-2.12166,52.812824,21,3,2,1,2015-12-21,2,15:20,255,E10000028,3,34,6,30,3,2,6,43,0,0,1,1,1,0,0,1,2,E01029701,2012130160534,2,2,2,2,13,3,2,0,0,2,0,0,9,1,Stafford
1704741,2015210037001,405481.0,316170.0,-1.920251,52.743129,21,3,2,1,2015-12-22,3,19:02,250,E10000028,3,460,6,30,3,4,5,130,0,0,7,5,2,0,0,1,2,E01029348,2012130160534,2,3,2,1,23,5,3,0,0,1,0,0,9,1,Cannock Chase
1704742,2015210037004,414859.0,312222.0,-1.781516,52.707464,21,3,2,2,2015-12-22,3,11:57,252,E10000028,6,199,6,30,3,4,6,548,0,0,1,1,1,0,0,2,2,E01029477,2012130160535,2,1,1,1,21,5,3,0,0,0,0,0,1,-1,Lichfield
1704743,2015210037034,413183.0,349581.0,-1.804822,53.043338,21,3,1,1,2015-12-22,3,19:47,256,E10000028,6,0,6,60,0,-1,-1,0,0,0,6,1,2,0,0,2,1,E01029801,2012130160866,1,1,1,1,63,9,3,0,0,0,0,0,9,1,Staffordshire Moorlands
1704744,2015210037045,393384.0,343271.0,-2.099999,52.986734,21,3,2,1,2015-12-24,5,14:30,257,E06000021,3,520,6,30,0,-1,-1,0,0,0,1,1,1,0,0,1,2,E01014365,2012130160866,2,2,1,1,32,6,3,0,0,0,0,0,1,2,Stoke-on-Trent
1704745,2015210037050,396084.0,340484.0,-2.059746,52.961708,21,3,2,1,2015-12-21,2,15:05,256,E10000028,3,50,3,70,0,-1,-1,0,0,0,1,1,1,0,0,2,1,E01029800,2012130161131,2,1,1,2,63,9,3,0,0,0,0,0,9,1,Staffordshire Moorlands
1704750,2015210037183,392227.0,322896.0,-2.116739,52.803561,21,3,1,1,2015-12-24,5,13:30,255,E10000028,3,518,6,30,0,-1,-1,0,0,4,1,1,2,0,0,1,1,E01029701,2012130161244,1,1,3,1,25,5,3,6,9,0,0,0,0,2,Stafford
1704751,2015210037184,391842.0,342353.0,-2.122945,52.97846,21,3,2,1,2015-12-24,5,11:25,257,E06000021,6,0,6,30,0,-1,-1,0,0,0,1,9,1,0,0,1,2,E01014307,2012130161943,1,1,3,2,80,11,2,8,3,0,0,0,0,1,Stoke-on-Trent
1704752,2015210037189,424121.0,324100.0,-1.643566,52.813908,21,3,2,3,2015-12-22,3,17:10,251,E10000028,6,5,6,30,3,4,6,6,0,0,4,2,2,0,0,1,2,E01029447,2012130162050,1,1,3,1,14,3,3,9,9,0,0,0,0,1,East Staffordshire
1704753,2015210037195,397164.0,307183.0,-2.043367,52.662358,21,2,1,1,2015-12-26,7,23:15,254,E10000028,5,161,6,30,0,-1,-1,0,0,0,4,2,1,0,0,1,1,E01029621,2012130162185,1,1,1,1,49,8,3,0,0,0,0,0,11,1,South Staffordshire
1704754,2015210037196,379709.0,350711.0,-2.304168,53.053266,21,3,4,1,2015-12-28,2,20:08,253,E10000028,5,7,6,30,0,-1,-1,0,-1,-1,4,1,1,0,0,2,2,E01029535,2012130162185,1,2,2,2,12,3,3,0,0,0,3,0,11,-1,
1704755,2015210037213,388983.0,293721.0,-2.163872,52.541232,21,3,1,1,2015-12-22,3,22:26,254,E10000028,3,463,6,60,0,-1,-1,0,0,0,6,1,2,0,0,2,1,E01029645,2012130162209,1,1,3,1,18,4,3,5,3,0,0,0,0,1,South Staffordshire
1704756,2015210037229,411496.0,348602.0,-1.830018,53.034576,21,3,1,1,2015-12-27,1,23:52,256,E10000028,3,52,6,60,0,-1,-1,0,0,0,6,7,2,0,0,2,2,E01029801,2012130162351,2,1,1,1,29,6,3,0,0,0,0,0,9,1,Staffordshire Moorlands
1704757,2015210037234,385898.0,344528.0,-2.211564,52.997887,21,3,2,1,2015-12-23,4,16:55,257,E06000021,3,34,3,30,3,4,6,0,0,0,4,1,1,0,0,1,2,E01014341,2012130162559,2,1,1,1,48,8,2,0,0,0,0,0,5,1,Stoke-on-Trent
1704759,2015210037263,424216.0,323486.0,-1.642201,52.808384,21,3,1,1,2015-12-23,4,11:40,251,E10000028,3,5121,2,30,3,2,3,5121,0,5,1,1,1,0,0,1,1,E01029445,2012130162630,1,1,3,1,92,11,3,5,1,0,0,0,0,1,East Staffordshire
1704760,2015210037302,425532.0,322371.0,-1.622766,52.798301,21,3,2,2,2015-12-29,3,10:10,251,E10000028,6,14,6,30,3,4,3,444,0,0,1,1,1,0,0,1,2,E01029451,2012130162707,2,1,1,2,27,6,3,0,0,0,0,0,9,1,East Staffordshire
1704761,2015210037324,388543.0,349637.0,-2.172338,53.043876,21,3,2,2,2015-12-23,4,17:30,257,E06000021,3,5272,6,30,9,-1,3,53,0,0,4,1,1,0,0,1,2,E01014253,2012130162707,2,2,2,1,11,3,3,0,0,1,0,0,9,1,Stoke-on-Trent
1704762,2015210037331,388606.0,347212.0,-2.171311,53.022079,21,3,2,1,2015-12-26,7,10:35,257,E06000021,3,50,6,30,6,4,6,0,0,0,1,1,2,0,0,1,1,E01014231,2012130162795,2,1,1,1,42,7,3,0,0,0,0,0,1,1,Stoke-on-Trent
1704764,2015210037341,391482.0,342459.0,-2.128309,52.979408,21,3,2,2,2015-12-27,1,16:50,257,E06000021,6,0,6,30,0,-1,-1,0,0,0,1,1,1,0,0,1,2,E01014312,2012130163085,1,1,1,1,16,4,3,0,0,0,0,0,1,1,Stoke-on-Trent
1704765,2015210037343,390963.0,346347.0,-2.136149,53.014349,21,3,2,1,2015-12-23,4,19:26,257,E06000021,3,5272,6,30,0,-1,-1,0,0,0,4,1,1,0,0,1,1,E01014221,2012130163412,1,1,3,1,46,8,3,5,1,0,0,0,0,1,Stoke-on-Trent
1704766,2015210037344,389455.0,343959.0,-2.158547,52.992855,21,3,1,1,2015-12-20,1,14:18,257,E06000021,6,0,6,30,3,4,6,0,0,0,1,1,1,0,0,1,2,E01014279,2012130163452,1,1,3,1,7,2,3,5,2,0,0,0,0,1,Stoke-on-Trent
1704767,2015210037347,409097.0,333851.0,-1.866202,52.902023,21,3,2,1,2015-12-28,2,16:05,251,E10000028,3,522,6,30,3,4,6,536,0,0,7,1,1,0,0,1,1,E01029461,2012130163526,2,1,2,2,32,6,3,0,0,2,0,0,9,1,East Staffordshire
1704768,2015210037357,406169.0,348314.0,-1.909461,53.032074,21,3,1,2,2015-12-25,6,00:10,256,E10000028,3,52,6,60,0,-1,-1,0,0,0,6,1,2,0,0,2,1,E01029795,2012130163526,2,2,2,2,18,4,3,0,0,2,0,0,9,1,Staffordshire Moorlands
1704769,2015210037360,422408.0,303367.0,-1.670387,52.627603,21,3,1,1,2015-12-22,3,17:30,258,E10000028,4,5000,6,30,0,-1,-1,0,2,4,4,2,2,0,0,1,1,E01029832,2012130163526,3,3,1,1,56,9,3,0,0,0,0,0,9,3,Tamworth
1704770,2015210037385,384857.0,346492.0,-2.227167,53.015513,21,3,2,3,2015-12-28,2,23:45,253,E10000028,5,365,6,30,3,4,6,0,0,0,4,1,1,0,0,1,1,E01029604,2012130163652,2,1,1,2,25,5,3,0,0,0,0,0,9,1,
1704771,2015210037414,388330.0,346952.0,-2.175417,53.019736,21,3,2,1,2015-12-21,2,14:30,257,E06000021,6,0,6,30,0,-1,-1,0,0,0,1,1,1,0,0,1,2,E01014287,2012130163662,3,1,2,1,35,6,3,0,0,1,0,0,9,1,Stoke-on-Trent
1704773,2015210037448,390458.0,333689.0,-2.143299,52.900555,21,3,1,1,2015-12-30,4,17:22,255,E10000028,6,396,6,30,0,-1,-1,0,0,0,4,2,2,0,0,1,1,E01029745,2012130163713,2,1,2,1,56,9,3,0,0,2,0,0,9,1,Stafford
1704774,2015210037460,389014.0,330750.0,-2.164665,52.874107,21,3,2,1,2015-12-24,5,09:15,255,E10000028,1,6,3,70,0,-1,-1,0,0,0,1,5,2,0,0,2,2,E01029695,2012130163863,1,1,1,1,38,7,3,0,0,0,0,0,9,1,Stafford
1704775,2015210037468,389030.0,343694.0,-2.16487,52.990464,21,3,2,1,2015-12-22,3,07:45,257,E06000021,3,50,3,50,0,-1,-1,0,0,0,1,4,1,0,0,2,1,E01014240,2012130163965,1,1,1,1,21,5,3,0,0,0,0,0,9,1,Stoke-on-Trent
1704776,2015210037474,385306.0,327968.0,-2.219629,52.84901,21,3,2,2,2015-12-29,3,15:30,255,E10000028,3,5013,6,60,0,-1,-1,0,0,0,1,1,1,0,0,2,2,E01029698,2012130164131,1,1,3,1,25,5,3,10,9,0,0,0,0,-1,Stafford
1704777,2015210037485,382682.0,343246.0,-2.259412,52.986268,21,3,2,1,2015-12-29,3,17:50,253,E10000028,3,53,6,60,6,4,6,0,0,0,4,1,2,0,0,2,1,E01029570,2012130164159,1,1,3,1,55,8,3,5,3,0,0,0,0,1,
1704778,2015210037496,397697.0,306952.0,-2.035484,52.660284,21,3,1,1,2015-12-29,3,13:15,254,E10000028,4,4156,2,30,3,4,6,0,0,0,1,1,1,0,0,1,1,E01029622,2012130164391,2,1,1,1,78,11,3,0,0,0,0,0,9,1,South Staffordshire
1704781,2015210037527,395054.0,320089.0,-2.074763,52.778362,21,3,2,1,2015-12-23,4,15:50,255,E10000028,3,34,6,40,3,4,6,24,0,0,1,2,2,0,0,1,1,E01029656,2012130164645,1,1,1,1,37,7,3,0,0,0,0,0,9,1,Stafford
1704782,2015210037534,388946.0,309093.0,-2.164937,52.679421,21,3,2,2,2015-12-30,4,19:20,254,E10000028,5,184,6,30,0,-1,-1,0,0,0,4,5,2,0,0,2,1,E01029618,2012130164793,1,1,2,1,3,1,3,0,0,2,0,0,9,-1,South Staffordshire
1704783,2015210037547,422515.0,322002.0,-1.667537,52.795117,21,2,2,3,2015-12-27,1,11:51,251,E10000028,3,5121,1,30,1,4,3,5121,0,0,1,1,2,0,0,1,2,E01029413,2012130164793,1,2,2,2,6,2,3,0,0,2,0,0,9,-1,East Staffordshire
1704784,2015210037550,423617.0,321221.0,-1.65125,52.78805,21,3,2,1,2015-12-30,4,07:30,251,E10000028,4,5018,6,30,8,4,6,0,0,0,4,4,2,0,0,1,1,E01029414,2012130164847,1,1,1,1,45,7,3,0,0,0,0,0,9,1,East Staffordshire
1704785,2015210037556,415352.0,311830.0,-1.774237,52.703926,21,3,2,3,2015-12-30,4,17:50,252,E10000028,5,183,7,60,3,4,3,38,0,0,6,2,2,-1,0,2,2,E01029477,2012130164847,1,3,2,2,19,4,3,0,0,1,0,0,9,-1,Lichfield
1704786,2015210037594,385906.0,344392.0,-2.211439,52.996665,21,3,2,1,2015-12-29,3,08:10,257,E06000021,3,34,3,30,6,-1,6,0,-1,-1,4,1,2,-1,-1,1,2,E01014341,2012130164847,2,2,1,2,21,5,3,0,0,0,0,0,9,1,Stoke-on-Trent
1704788,2015210037881,384593.0,347145.0,-2.231134,53.021375,21,3,2,1,2015-12-30,4,20:07,253,E10000028,3,34,6,40,3,2,5,361,0,0,4,2,2,0,0,1,1,E01029553,2012130164986,1,1,1,1,41,7,3,0,0,0,0,0,9,1,
1704789,2015210037913,392954.0,310900.0,-2.105694,52.695733,21,3,2,1,2015-12-29,3,17:30,254,E10000028,1,6,3,70,5,4,1,6,0,0,6,2,2,4,0,2,2,E01029658,2012130165087,1,1,2,2,7,2,3,0,0,1,0,0,9,1,South Staffordshire
1704792,2015210038391,404355.0,317858.0,-1.936908,52.758313,21,3,2,1,2015-12-28,2,07:00,250,E10000028,3,460,1,30,1,4,4,5013,0,0,4,2,2,0,0,1,2,E01029404,2012130165283,1,2,1,2,51,8,3,0,0,0,0,0,9,1,Cannock Chase
1704794,2015210038476,423087.0,303287.0,-1.660362,52.626856,21,3,2,1,2015-12-26,7,19:45,258,E10000028,6,50,6,30,3,4,6,51,0,0,4,1,1,0,0,1,2,E01029845,2012130165681,2,1,1,2,42,7,3,0,0,0,0,0,9,1,Tamworth
1704796,2015210038544,387921.0,346075.0,-2.18148,53.011843,21,3,1,1,2015-12-23,4,13:55,257,E06000021,6,0,2,30,0,-1,-1,0,0,0,1,1,1,0,0,1,1,E01014283,2012130165873,2,1,1,1,23,5,3,0,0,0,0,0,3,1,Stoke-on-Trent
1704797,2015210038612,387358.0,349024.0,-2.189988,53.038339,21,3,2,2,2015-12-23,4,11:59,257,E06000021,6,0,6,30,0,-1,-1,0,0,0,4,1,1,0,0,1,1,E01014255,2012130166012,1,1,2,1,23,5,3,0,0,1,0,0,9,1,Stoke-on-Trent
1704798,2015210038616,397288.0,312838.0,-2.041582,52.713195,21,3,2,1,2015-12-28,2,17:30,254,E10000028,3,34,6,30,8,4,6,0,0,0,4,1,1,0,0,1,2,E01029647,2012130166751,2,1,1,2,44,7,3,0,0,0,0,0,9,3,Cannock Chase
1704799,2015210039572,387517.0,333565.0,-2.187015,52.899379,21,2,1,2,2015-12-26,7,09:16,255,E10000028,1,6,3,70,0,-1,-1,0,0,0,1,1,2,0,0,2,1,E01029683,2012130166935,1,1,3,1,35,6,2,4,1,0,0,0,0,1,Stafford
1704800,2015210039726,400514.0,306556.0,-1.993837,52.656729,21,3,1,1,2015-12-29,3,16:25,254,E10000028,6,12,6,60,0,-1,-1,0,0,0,6,1,1,0,0,2,2,E01029395,2012130166959,1,1,3,2,73,10,3,5,3,0,0,0,0,1,Cannock Chase
1704802,2015210040090,389014.0,330729.0,-2.164664,52.873918,21,3,2,1,2015-12-30,4,11:45,255,E10000028,1,6,3,70,0,-1,-1,0,0,0,1,2,2,0,0,2,1,E01029695,2012130167212,1,2,2,2,51,8,3,0,0,1,0,0,9,1,Stafford
1704808,2015210043201,399750.0,307804.0,-2.005133,52.667948,21,3,2,1,2015-12-30,4,05:40,254,E10000028,3,5,6,60,0,-1,-1,0,0,0,4,5,2,0,0,2,1,E01029642,2012130167915,1,1,2,1,67,10,3,0,0,0,1,0,11,-1,Cannock Chase
1705743,2015220037413,349722.0,315760.0,-2.746091,52.737121,22,1,2,2,2015-12-23,4,11:10,286,E06000051,3,528,6,40,3,4,6,0,0,0,1,1,2,0,0,1,1,E01028956,2012130233918,1,1,1,2,38,7,3,0,0,0,0,0,9,2,
1705770,2015220037922,374234.0,307854.0,-2.382442,52.66778,22,3,1,2,2015-12-20,1,04:00,286,E06000051,3,464,6,60,0,-1,-1,0,0,0,6,1,2,0,6,2,2,E01028855,2012130235337,1,1,1,1,31,6,1,0,0,0,0,0,9,1,
1705774,2015220038163,380616.0,275934.0,-2.286199,52.381093,22,1,1,1,2015-12-20,1,17:52,278,E10000034,3,456,3,60,0,-1,-1,0,0,0,6,1,2,0,0,2,1,E01032480,2012130235714,1,1,3,1,4,1,3,6,5,0,0,0,0,1,Wyre Forest
1705775,2015220038165,339751.0,276749.0,-2.88665,52.38544,22,3,1,1,2015-12-30,4,03:05,285,E06000019,4,4367,6,60,3,4,4,4385,0,0,6,5,2,0,0,2,1,E01014051,2012130235766,1,1,1,1,40,7,3,0,0,0,0,0,9,3,
1705776,2015220038202,384509.0,276290.0,-2.229023,52.384419,22,2,2,1,2015-12-20,1,08:55,278,E10000034,6,0,6,30,0,-1,-1,0,0,0,1,1,2,0,0,1,1,E01032466,2012130235782,1,1,3,1,29,6,3,5,1,0,0,0,0,2,Wyre Forest
1705777,2015220038228,329620.0,256520.0,-3.031245,52.202396,22,2,1,1,2015-12-22,3,14:15,285,E06000019,6,0,6,30,0,-1,-1,0,0,0,1,1,1,0,2,2,2,E01014033,2012130235796,2,1,2,2,48,8,3,0,0,1,0,0,9,2,
1705785,2015220038573,352936.0,258446.0,-2.690378,52.222199,22,3,1,1,2015-12-20,1,14:00,285,E06000019,6,0,6,60,0,-1,-1,0,0,0,1,8,1,0,0,2,2,E01014045,2012130235963,2,2,2,1,18,4,3,0,0,2,0,0,8,1,
1705786,2015220038605,339902.0,278789.0,-2.884798,52.403794,22,2,2,1,2015-12-21,2,08:55,286,E06000051,4,4367,6,30,3,4,6,0,0,0,1,2,2,0,0,2,1,E01028994,2012130235963,2,3,2,1,25,5,3,0,0,2,0,0,8,1,
1705787,2015220038618,351092.0,240716.0,-2.714812,52.062649,22,3,1,1,2015-12-20,1,15:10,285,E06000019,4,4359,6,30,0,-1,-1,0,0,0,1,1,1,0,0,1,2,E01014010,2012130236048,1,1,1,2,30,6,3,0,0,0,0,0,9,1,
1705788,2015220038637,390183.0,239396.0,-2.144577,52.052862,22,2,2,2,2015-12-29,3,05:15,276,E10000034,6,0,6,30,3,4,6,0,0,0,4,1,2,0,0,2,1,E01032372,2012130236048,1,2,2,1,1,1,3,0,0,2,0,0,9,1,Worcester
1705794,2015220038705,377592.0,247994.0,-2.32876,52.129792,22,3,1,1,2015-12-29,3,13:05,273,E10000034,6,0,6,30,0,-1,-1,0,0,0,1,1,1,0,0,1,1,E01032188,2012130236533,2,1,1,1,46,8,3,0,0,0,0,0,9,2,Malvern Hills
1705795,2015220038707,367903.0,304455.0,-2.475724,52.636886,22,3,2,1,2015-12-25,6,12:40,284,E06000020,6,0,6,30,9,4,6,0,0,0,1,1,2,0,0,1,2,E01014199,2012130236589,1,1,1,2,31,6,3,0,0,0,0,0,9,1,
1705796,2015220038714,404637.0,267624.0,-1.933413,52.306714,22,3,2,2,2015-12-21,2,13:45,274,E10000034,3,4023,3,30,0,-1,-1,0,0,0,1,1,2,0,0,1,2,E01032262,2012130236631,1,2,2,2,36,7,3,0,0,1,0,0,9,1,
1705797,2015220038758,345361.0,278907.0,-2.804585,52.405429,22,2,2,1,2015-12-21,2,09:55,286,E06000051,3,49,6,60,3,4,6,0,0,0,1,2,2,0,0,2,2,E01029013,2012130236631,2,1,1,2,25,5,3,0,0,0,0,0,9,1,
1705801,2015220038837,402740.0,243152.0,-1.961425,52.086713,22,2,1,1,2015-12-23,4,18:00,277,E10000034,4,4084,6,60,0,-1,-1,0,0,0,4,1,2,0,0,1,1,E01032384,2012130236693,1,1,1,1,69,10,2,0,0,0,0,0,9,1,Wychavon