,Accident_Index_x,Location_Easting_OSGR,Location_Northing_OSGR,Longitude,Latitude,Police_Force,Accident_Severity,Number_of_Vehicles,Number_of_Casualties,Date,Day_of_Week,Time,Local_Authority_(District),Local_Authority_(Highway),1st_Road_Class,1st_Road_Number,Road_Type,Speed_limit,Junction_Detail,Junction_Control,2nd_Road_Class,2nd_Road_Number,Pedestrian_Crossing-Human_Control,Pedestrian_Crossing-Physical_Facilities,Light_Conditions,Weather_Conditions,Road_Surface_Conditions,Special_Conditions_at_Site,Carriageway_Hazards,Urban_or_Rural_Area,Did_Police_Officer_Attend_Scene_of_Accident,LSOA_of_Accident_Location,Accident_Index_y,Vehicle_Reference,Casualty_Reference,Casualty_Class,Sex_of_Casualty,Age_of_Casualty,Age_Band_of_Casualty,Casualty_Severity,Pedestrian_Location,Pedestrian_Movement,Car_Passenger,Bus_or_Coach_Passenger,Pedestrian_Road_Maintenance_Worker,Casualty_Type,Casualty_Home_Area_Type,city
1711503,2015300017272,436250.0,333240.0,-1.462605,52.895391,30,3,3,1,2015-12-23,4,11:30,323,E06000015,3,5111,6,30,3,4,6,0,0,0,1,1,1,0,0,1,1,E01013583,201214A149912,1,1,1,2,39,7,3,0,0,0,0,0,9,3,Derby
1711504,2015300017274,412690.0,366610.0,-1.811507,53.196422,30,3,2,3,2015-12-23,4,17:00,329,E10000007,3,515,6,50,3,4,5,211,0,0,6,1,2,0,0,2,1,E01019613,201214A149912,1,2,2,2,13,3,3,0,0,1,0,0,9,3,Derbyshire Dales
1711505,2015300017275,438270.0,370850.0,-1.428122,53.233313,30,3,1,1,2015-12-23,4,20:00,322,E10000007,3,619,6,30,3,4,6,0,0,0,4,1,1,0,0,1,1,E01033387,201214A149912,1,3,2,2,11,3,3,0,0,2,0,0,9,3,Chesterfield
1711506,2015300017276,430870.0,333850.0,-1.542516,52.901209,30,2,2,2,2015-12-22,3,16:20,323,E06000015,6,0,6,30,3,4,6,0,0,0,4,2,2,0,0,1,1,E01013562,201214A150312,2,1,1,2,19,4,3,0,0,0,0,0,9,1,Derby
1711507,2015300017281,434920.0,347330.0,-1.48086,53.022132,30,3,1,1,2015-12-23,4,11:50,320,E10000007,3,609,6,30,6,2,6,0,0,5,1,1,2,0,0,1,1,E01019407,201214A150412,2,1,1,2,56,9,3,0,0,0,0,0,9,1,Amber Valley
1711509,2015300017285,445250.0,335120.0,-1.328572,52.911609,30,3,1,2,2015-12-24,5,11:20,324,E10000007,3,52,3,70,0,-1,-1,0,0,0,1,5,2,0,0,2,1,E01019656,201214A150612,2,1,1,2,22,5,3,0,0,0,0,0,9,1,Erewash
1711510,2015300017286,437940.0,333620.0,-1.437441,52.89869,30,1,2,1,2015-12-24,5,08:45,323,E06000015,6,0,6,30,6,4,6,0,0,0,1,2,2,0,0,1,1,E01013471,201214A150612,4,2,1,2,42,7,3,0,0,0,0,0,9,1,Derby
1711511,2015300017288,437910.0,330210.0,-1.438283,52.86804,30,3,1,1,2015-12-24,5,20:45,323,E06000015,3,514,6,30,0,-1,-1,0,0,8,4,1,1,0,0,1,1,E01033170,201214A150712,1,1,1,1,22,5,3,0,0,0,0,0,9,1,Derby
1711512,2015300017289,449100.0,333760.0,-1.271532,52.899048,30,2,1,1,2015-12-24,5,20:50,324,E10000007,4,6540,6,30,0,-1,-1,0,0,0,4,1,1,0,0,1,1,E01019647,201214A150712,2,2,1,1,25,5,3,0,0,0,0,0,19,1,
1711513,2015300017291,436850.0,332950.0,-1.45372,52.892743,30,3,2,1,2015-12-22,3,15:27,323,E06000015,3,514,3,30,3,4,6,0,0,4,1,2,2,0,0,1,1,E01013583,201214A150712,2,3,2,1,26,6,3,0,0,0,0,0,19,1,Derby
1711514,2015300017292,436590.0,335550.0,-1.457292,52.916132,30,3,1,1,2015-12-24,5,04:32,323,E06000015,3,6,6,40,1,4,3,6,0,0,4,4,2,0,0,1,1,E01033172,201214A150912,1,1,3,2,16,4,3,1,1,0,0,0,0,1,Derby
1711515,2015300017293,428710.0,361480.0,-1.572177,53.149691,30,3,1,1,2015-12-25,6,09:10,329,E10000007,5,290,6,30,0,-1,-1,0,0,0,1,2,2,0,0,1,1,E01019609,201214A151012,2,1,1,2,42,7,3,0,0,0,0,0,9,1,Derbyshire Dales
1711516,2015300017296,434710.0,333580.0,-1.485459,52.898548,30,3,2,1,2015-12-25,6,18:50,323,E06000015,6,0,6,30,3,4,6,0,0,0,4,5,2,0,0,1,1,E01013570,201214A151212,2,1,1,2,64,9,2,0,0,0,0,0,1,1,Derby
1711517,2015300017298,437690.0,338250.0,-1.440621,52.940326,30,3,2,1,2015-12-25,6,22:35,323,E06000015,6,0,6,30,0,-1,-1,0,0,0,4,2,2,0,0,1,1,E01013581,201214A151612,2,1,1,1,56,9,3,0,0,0,0,0,2,1,Derby
1711518,2015300017300,441930.0,334420.0,-1.378028,52.905586,30,3,2,1,2015-12-24,5,13:30,324,E10000007,3,6005,6,30,3,4,6,0,0,0,1,1,2,0,0,1,2,E01019685,201214A151812,1,1,1,1,51,8,3,0,0,0,0,0,9,1,Erewash
1711519,2015300017304,433470.0,331140.0,-1.504142,52.876693,30,3,2,1,2015-12-24,5,19:40,328,E10000007,6,0,6,30,3,4,6,0,0,0,4,2,2,0,0,1,1,E01019873,201214A152212,1,1,1,2,37,7,3,0,0,0,0,0,9,2,Derby
1711520,2015300017311,445170.0,356600.0,-1.326765,53.10469,30,3,2,2,2015-12-22,3,11:57,321,E10000007,1,1,3,70,0,-1,-1,0,0,0,1,9,1,4,0,1,2,E01019513,201214A152212,2,2,2,2,28,6,3,0,0,1,0,0,9,1,Bolsover
1711521,2015300017313,434840.0,334660.0,-1.483411,52.908248,30,3,2,3,2015-12-28,2,11:15,323,E06000015,6,0,6,30,6,4,6,0,0,0,1,1,1,0,0,1,1,E01013566,201214A152212,2,3,2,2,4,1,3,0,0,2,0,0,9,1,Derby
1711522,2015300017314,434240.0,337340.0,-1.492051,52.932377,30,3,2,1,2015-12-28,2,13:25,323,E06000015,5,1,6,30,3,4,6,0,0,0,1,1,1,0,0,1,1,E01013529,201214A152412,1,1,1,1,33,6,3,0,0,0,0,0,9,2,Derby
1711523,2015300017319,438030.0,340690.0,-1.435277,52.962235,30,3,1,2,2015-12-29,3,00:09,324,E10000007,5,162,6,60,0,-1,-1,0,0,0,6,1,1,0,0,2,1,E01019671,201214A152412,2,2,1,1,39,7,3,0,0,0,0,0,9,2,Erewash
1711524,2015300017325,438230.0,372740.0,-1.428495,53.250304,30,2,1,1,2015-12-29,3,13:06,322,E10000007,4,6057,3,30,1,4,6,0,0,8,1,1,1,0,0,1,1,E01019569,201214A152812,1,1,3,1,14,3,2,5,1,0,0,0,0,2,Chesterfield
1711525,2015300017331,440000.0,349330.0,-1.404884,53.039754,30,3,1,1,2015-12-30,4,00:01,320,E10000007,4,6179,6,30,0,-1,-1,0,0,0,7,1,1,0,0,1,2,E01019460,201214A152912,1,2,2,2,18,4,3,0,0,2,0,0,9,1,Amber Valley
1711527,2015300017335,425440.0,374610.0,-1.620028,53.267877,30,3,1,1,2015-12-27,1,13:35,329,E10000007,5,54,6,30,3,4,6,0,0,0,1,1,1,0,7,2,1,E01019604,201214A153012,1,1,1,1,31,6,3,0,0,0,0,0,9,-1,Derbyshire Dales
1711528,2015300017336,438190.0,371180.0,-1.429281,53.236285,30,3,2,1,2015-12-30,4,14:15,322,E10000007,6,0,6,30,6,4,6,0,0,0,1,2,2,0,0,1,2,E01033387,201214A153212,1,1,1,1,43,7,1,0,0,0,0,0,9,1,Chesterfield
1711529,2015300017339,410800.0,334500.0,-1.840863,52.907825,30,2,2,2,2015-12-30,4,22:11,329,E10000007,3,50,3,70,0,-1,-1,0,0,0,4,2,2,0,0,2,1,E01019612,201214A153612,2,1,1,2,45,7,3,0,0,0,0,0,9,1,Derbyshire Dales
1711530,2015300017342,445870.0,355400.0,-1.316481,53.093844,30,2,1,1,2015-12-29,3,00:15,321,E10000007,6,0,6,30,0,-1,-1,0,0,0,4,1,1,0,0,1,2,E01019501,201214A153712,2,1,1,2,49,8,3,0,0,0,0,0,9,1,Bolsover
1711536,2015300017353,445290.0,366530.0,-1.323572,53.193934,30,3,3,1,2015-12-30,4,17:40,327,E10000007,1,1,3,70,5,4,1,1,0,0,6,5,2,4,0,2,1,E01019799,201214A154812,1,1,1,2,35,6,3,0,0,0,0,0,9,1,Bolsover
1711538,2015300017355,447410.0,340660.0,-1.295647,52.96122,30,3,1,1,2015-12-30,4,18:31,324,E10000007,3,609,6,30,8,4,6,0,0,0,4,5,2,0,0,1,1,E01019657,201214A155012,2,1,1,1,31,6,3,0,0,0,0,0,9,1,Erewash
1711539,2015300017357,444000.0,345770.0,-1.345715,53.007442,30,2,1,1,2015-12-29,3,17:45,320,E10000007,3,6007,6,30,0,-1,-1,0,0,0,4,1,1,0,0,1,2,E01019436,201214A155212,1,1,1,1,24,5,3,0,0,0,0,0,9,2,Amber Valley
1711541,2015300017370,438400.0,370940.0,-1.426164,53.234113,30,3,1,2,2015-12-22,3,14:58,322,E10000007,6,0,6,30,0,-1,-1,0,0,0,1,1,1,0,0,1,2,E01033387,201214A156112,1,1,1,2,65,9,3,0,0,0,0,0,9,1,Chesterfield
1711542,2015300017380,434720.0,334400.0,-1.485223,52.905919,30,2,1,1,2015-12-30,4,16:45,323,E06000015,6,0,6,30,6,4,6,0,0,0,4,9,1,0,6,1,2,E01013566,201214A156312,1,1,1,1,31,6,2,0,0,0,0,0,9,1,Derby
1711544,2015300017403,437810.0,335920.0,-1.439107,52.919374,30,3,5,1,2015-12-29,3,17:16,323,E06000015,3,52,3,70,0,-1,-1,0,0,0,7,9,1,0,0,1,1,E01013509,201214A156312,1,3,2,2,26,6,3,0,0,2,0,0,9,1,Derby
1711545,2015300017413,433120.0,335290.0,-1.508921,52.914019,30,3,2,1,2015-12-22,3,21:50,323,E06000015,3,5111,7,30,5,3,3,516,0,0,1,1,1,0,0,1,2,E01013542,201214A156912,1,1,1,2,34,6,3,0,0,0,0,0,9,1,Derby
1712038,201531A273815,454267.0,350006.0,-1.19201,53.044576,31,3,2,1,2015-12-21,2,17:24,340,E10000024,6,0,6,30,0,-1,-1,0,0,0,4,1,1,0,0,1,1,E01027931,201214B046112,1,1,1,2,27,6,3,0,0,0,0,0,9,3,Ashfield
1712042,201531A275215,456838.0,368742.0,-1.150352,53.212709,31,3,2,1,2015-12-22,3,07:57,344,E10000024,3,60,6,30,3,3,6,0,0,8,1,1,2,0,0,2,1,E01028258,201214B046712,1,1,1,1,24,5,3,0,0,0,0,0,9,1,Mansfield
1712048,201531A276715,450080.0,359606.0,-1.252965,53.131271,31,3,1,1,2015-12-26,7,18:06,340,E10000024,6,0,6,30,3,4,4,6023,0,0,5,1,1,0,0,1,1,E01027978,201214B048812,1,1,2,2,-1,-1,3,0,0,0,3,0,11,1,Ashfield
1712049,201531A277615,452920.0,359780.0,-1.210494,53.132561,31,3,2,1,2015-12-23,4,12:09,344,E10000024,6,0,6,40,0,-1,-1,0,0,0,1,1,1,0,0,1,1,E01028270,201214B049312,2,1,1,2,56,9,3,0,0,0,0,0,9,2,Mansfield
1712051,201531A278515,448079.0,354523.0,-1.283628,53.085767,31,3,1,1,2015-12-22,3,08:04,340,E10000024,4,6018,6,60,0,-1,-1,0,0,0,6,2,2,0,0,2,1,E01027996,201214B049512,2,2,1,1,50,8,3,0,0,0,0,0,19,2,Ashfield
1712064,201531A291015,449196.0,352067.0,-1.267327,53.063591,31,3,1,1,2015-12-23,4,05:04,340,E10000024,3,608,1,60,1,4,1,1,0,0,4,2,3,6,0,2,1,E01027995,201214B051712,1,1,3,1,50,8,3,10,9,0,0,2,0,3,Ashfield
1712065,201531A291215,450613.0,356345.0,-1.245512,53.10191,31,2,2,1,2015-12-29,3,18:00,340,E10000024,4,6021,6,30,3,4,6,0,0,0,4,1,1,0,0,1,1,E01027952,201214B052212,2,1,2,1,9,2,3,0,0,2,0,0,9,3,Ashfield
1712067,201531A291815,449577.0,356507.0,-1.260959,53.103464,31,3,2,1,2015-12-24,5,06:55,340,E10000024,6,0,6,30,3,4,6,0,0,0,4,1,2,0,0,1,1,E01027958,201214B052712,1,1,2,2,-1,-1,3,0,0,0,4,0,11,1,Ashfield
1712069,201531A293615,449118.0,357651.0,-1.26764,53.113788,31,3,2,2,2015-12-20,1,16:00,340,E10000024,6,0,6,30,6,2,3,38,0,5,1,2,2,0,0,1,2,E01027974,201214B053012,2,1,1,1,19,4,3,0,0,0,0,0,9,3,Ashfield
1712070,201531A293915,456844.0,359371.0,-1.151924,53.128482,31,3,2,1,2015-12-22,3,09:55,344,E10000024,3,6191,3,30,3,2,6,0,0,5,1,1,2,0,0,1,1,E01028256,201214B053412,1,1,1,2,40,7,3,0,0,0,0,0,9,1,Mansfield
1712645,201531B277415,463471.0,385284.0,-1.047743,53.36063,31,3,1,1,2015-12-24,5,09:30,341,E10000024,3,1,3,70,0,-1,-1,0,0,0,1,5,2,0,0,2,1,E01028029,201214C030512,1,1,3,1,81,11,3,5,1,0,0,0,0,1,Bassetlaw
1712646,201531B277515,461532.0,378381.0,-1.078212,53.298819,31,3,2,2,2015-12-24,5,07:49,341,E10000024,6,0,6,30,3,4,6,0,0,0,4,5,2,0,0,2,1,E01028064,201214C030612,2,1,1,1,61,9,2,0,0,0,0,0,5,2,Bassetlaw
1712647,201531B277815,456380.0,381812.0,-1.154896,53.330227,31,3,2,1,2015-12-27,1,10:16,341,E10000024,3,57,1,60,1,4,6,0,0,0,1,1,2,0,0,2,1,E01028047,201214C030812,2,1,1,1,40,7,3,0,0,0,0,0,3,1,Bassetlaw
1712653,201531B281615,482654.0,360344.0,-0.766027,53.133856,31,3,2,2,2015-12-25,6,17:30,345,E10000024,3,1133,6,60,3,4,6,0,0,0,6,1,2,0,0,2,1,E01028315,201214C031312,2,1,1,1,23,5,3,0,0,0,0,0,9,1,Newark and Sherwood
1712656,201531B283615,464448.0,358681.0,-1.038437,53.121417,31,3,2,1,2015-12-24,5,22:58,345,E10000024,3,617,6,60,3,4,6,0,0,0,4,1,2,0,0,2,1,E01028295,201214C031812,1,2,2,1,54,8,3,0,0,1,0,0,9,1,Newark and Sherwood
1712661,201531B287815,458636.0,378956.0,-1.121553,53.304314,31,2,1,1,2015-12-29,3,16:38,341,E10000024,4,6040,6,30,6,2,4,6024,0,5,4,4,1,0,0,1,1,E01028062,201214C032612,2,3,1,1,40,7,3,0,0,0,0,0,19,1,Bassetlaw
1712665,201531B288915,479744.0,353881.0,-0.811115,53.076215,31,3,1,1,2015-12-23,4,10:50,345,E10000024,6,0,6,30,3,4,6,0,0,0,1,1,1,0,0,1,1,E01028310,201214C032612,3,7,2,1,44,7,3,0,0,1,0,0,9,1,Newark and Sherwood
1712666,201531B289015,458147.0,379811.0,-1.128734,53.312052,31,3,2,1,2015-12-22,3,08:35,341,E10000024,3,60,6,30,0,-1,-1,0,0,0,4,1,2,0,0,1,1,E01028055,201214C033112,1,2,1,2,44,7,3,0,0,0,0,0,9,2,Bassetlaw
1712668,201531B289315,461930.0,375220.0,-1.072856,53.270363,31,3,2,1,2015-12-23,4,09:22,341,E10000024,6,0,6,60,6,4,6,0,0,0,1,4,2,0,0,2,1,E01028040,201214C033312,1,1,1,1,42,7,3,0,0,0,0,0,1,1,Bassetlaw
1712670,201531B291115,480240.0,352492.0,-0.804059,53.063658,31,3,1,1,2015-12-23,4,16:30,345,E10000024,6,0,6,30,3,4,6,0,0,0,4,1,1,0,0,1,2,E01028334,201214C033512,2,1,1,1,5,1,3,0,0,0,0,0,1,2,Newark and Sherwood
1712675,201531B293515,461129.0,390638.0,-1.081894,53.409025,31,3,4,1,2015-12-27,1,14:00,341,E10000024,2,1,3,70,0,-1,-1,0,0,0,1,1,1,0,0,2,1,E01028000,201214C034412,1,1,3,1,16,4,3,4,1,0,0,0,0,1,Bassetlaw
1712676,201531B294115,456245.0,378093.0,-1.157581,53.296816,31,3,2,1,2015-12-30,4,13:15,341,E10000024,3,60,6,30,9,4,3,619,0,0,1,1,1,0,0,2,2,E01028063,201214C034512,1,1,3,1,14,3,3,10,9,0,0,0,0,1,Bassetlaw
1713567,201531C275315,453974.0,344694.0,-1.197266,52.99686,31,3,2,1,2015-12-22,3,08:07,346,E06000018,6,0,1,30,2,4,6,0,0,8,1,1,2,0,0,1,1,E01013877,201214K051412,2,1,1,1,19,4,3,0,0,0,0,0,9,1,City of Nottingham
1713569,201531C276415,454902.0,343052.0,-1.183719,52.982007,31,3,2,1,2015-12-23,4,15:16,346,E06000018,6,0,6,30,3,4,6,0,0,0,1,1,1,0,0,1,1,E01013832,201214K051612,1,2,2,2,27,6,3,0,0,1,0,0,9,1,City of Nottingham
1713576,201531C279115,455650.0,343942.0,-1.172427,52.98993,31,3,2,1,2015-12-21,2,13:10,346,E06000018,4,683,6,30,3,4,4,6004,0,8,1,2,2,0,0,1,2,E01013835,201214K051912,2,3,2,2,21,5,3,0,0,1,0,0,9,1,City of Nottingham
1713578,201531C279815,453537.0,343575.0,-1.203962,52.986846,31,3,2,2,2015-12-22,3,14:58,346,E06000018,3,610,1,30,1,2,6,0,0,4,1,2,2,0,0,1,1,E01013825,201214K052912,1,2,2,2,33,6,3,0,0,1,0,0,9,1,Broxtowe
1713581,201531C280615,457134.0,338602.0,-1.151263,52.941777,31,2,1,1,2015-12-24,5,19:00,346,E06000018,6,0,6,30,9,1,6,0,0,5,7,9,-1,0,0,1,2,E01013871,201214K053312,1,1,3,1,20,4,2,10,9,0,0,0,0,1,City of Nottingham
1713583,201531C280815,457122.0,339372.0,-1.151306,52.948699,31,3,1,1,2015-12-29,3,12:50,346,E06000018,3,6005,6,30,3,2,3,6008,0,5,1,1,1,0,0,1,1,E01032522,201214K053512,1,1,2,2,64,9,3,0,0,0,2,0,11,1,City of Nottingham
1713584,201531C280915,455236.0,341093.0,-1.179079,52.964365,31,3,2,2,2015-12-27,1,16:55,346,E06000018,3,610,6,30,0,-1,-1,0,0,4,4,9,-1,0,0,1,1,E01013810,201214K053512,1,2,2,2,84,11,3,0,0,0,2,0,11,1,City of Nottingham
1713585,201531C281015,451593.0,340059.0,-1.233476,52.955433,31,3,3,2,2015-12-26,7,13:56,346,E06000018,3,609,6,30,3,4,6,0,0,0,1,1,1,0,0,1,1,E01013863,201214K053712,1,1,3,1,26,6,3,6,9,0,0,0,0,1,City of Nottingham
1713588,201531C281715,456908.0,344662.0,-1.153562,52.99627,31,3,2,1,2015-12-22,3,18:00,346,E06000018,6,0,3,30,6,2,4,6004,0,5,4,2,2,0,0,1,2,E01013853,201214K054412,1,1,2,1,32,6,3,0,0,1,0,0,9,1,City of Nottingham
1713596,201531C283715,455816.0,346043.0,-1.169592,53.008797,31,3,2,2,2015-12-22,3,14:30,346,E06000018,6,0,6,30,3,4,6,0,0,0,1,2,2,0,0,1,1,E01013887,201214K056012,2,2,1,1,68,10,3,0,0,0,0,0,9,1,City of Nottingham
1713600,201531C284515,455258.0,338853.0,-1.179133,52.944229,31,2,2,2,2015-12-25,6,18:30,346,E06000018,3,6005,6,30,6,2,6,0,0,5,4,2,2,0,0,1,1,E01013926,201214K056912,2,2,1,1,18,4,3,0,0,0,0,0,9,1,City of Nottingham
1713602,201531C285015,456692.0,342795.0,-1.157107,52.979511,31,3,2,1,2015-12-25,6,11:30,346,E06000018,3,611,6,30,6,2,6,0,0,5,1,1,1,0,0,1,1,E01013970,201214K057312,1,2,2,1,49,8,2,0,0,1,0,0,9,1,City of Nottingham
1713603,201531C285315,458006.0,339633.0,-1.138104,52.95095,31,3,3,2,2015-12-24,5,20:47,346,E06000018,3,6008,2,30,6,2,3,612,0,5,4,9,-1,0,0,1,1,E01013920,201214K057412,1,1,2,1,18,4,3,0,0,1,0,0,9,1,City of Nottingham
1713608,201531C286815,455053.0,335044.0,-1.182828,52.910013,31,3,2,2,2015-12-30,4,17:07,346,E06000018,6,0,6,30,3,4,6,0,0,0,4,2,2,0,0,1,1,E01013898,201214K057912,2,2,2,2,47,8,3,0,0,1,0,0,9,1,City of Nottingham
1713609,201531C286915,456882.0,340004.0,-1.154767,52.954405,31,2,2,1,2015-12-24,5,14:40,346,E06000018,3,6008,1,30,1,2,3,610,0,5,1,1,2,0,0,1,1,E01013816,201214K058512,1,1,1,1,25,5,2,0,0,0,0,0,3,1,City of Nottingham
1713612,201531C288115,454766.0,346188.0,-1.185215,53.010208,31,3,2,1,2015-12-30,4,14:50,346,E06000018,3,611,6,30,3,2,6,0,0,5,1,4,2,0,0,1,2,E01013892,201214K059812,1,1,1,1,40,7,3,0,0,0,0,0,9,1,City of Nottingham
1713614,201531C289215,452608.0,340984.0,-1.218219,52.963649,31,3,2,2,2015-12-27,1,14:34,346,E06000018,6,0,6,20,3,4,6,0,0,0,1,2,2,0,0,1,1,E01013861,201214K060312,1,1,1,1,61,9,3,0,0,0,0,0,9,1,City of Nottingham
1713616,201531C289615,450986.0,340530.0,-1.242436,52.959725,31,2,3,1,2015-12-22,3,07:47,346,E06000018,3,6002,6,40,3,4,6,0,0,8,4,2,2,0,0,1,1,E01013862,201214K060412,1,1,3,2,12,3,3,5,1,0,0,0,0,1,City of Nottingham
1713620,201531C290415,455813.0,341211.0,-1.170469,52.965366,31,3,2,5,2015-12-21,2,13:45,346,E06000018,3,6130,6,30,6,2,6,0,0,5,1,1,1,0,0,1,2,E01013811,201214K062312,1,1,1,2,36,7,3,0,0,0,0,0,9,1,City of Nottingham
1713621,201531C290815,455750.0,339177.0,-1.171756,52.94709,31,2,2,1,2015-12-21,2,20:15,346,E06000018,3,6130,1,30,1,4,3,6005,0,4,4,1,1,0,0,1,2,E01033408,201214K062412,1,2,2,1,3,1,3,0,0,2,0,0,9,1,City of Nottingham
1713627,201531C292815,455847.0,342669.0,-1.169712,52.978467,31,3,2,1,2015-12-23,4,17:47,346,E06000018,4,682,6,30,3,4,6,0,0,0,4,1,-1,0,0,1,1,E01013840,201214K063612,1,1,1,2,18,4,3,0,0,0,0,0,9,1,City of Nottingham
1713631,201531C293815,455756.0,342209.0,-1.171146,52.974342,31,3,4,1,2015-12-29,3,18:41,346,E06000018,6,0,6,20,3,4,6,0,0,0,4,1,1,0,0,1,1,E01013841,201214K064612,1,1,2,2,-1,-1,3,0,0,0,1,0,11,1,City of Nottingham
1714241,201531D274515,472219.0,335375.0,-0.927545,52.910959,31,3,2,1,2015-12-21,2,09:40,347,E10000024,6,0,6,60,0,-1,-1,0,0,0,1,1,2,0,0,2,1,E01028420,201214K184012,1,1,1,1,63,9,3,0,0,0,0,0,9,1,Rushcliffe
1714243,201531D275615,449388.0,336333.0,-1.266861,52.922149,31,3,1,1,2015-12-23,4,02:49,342,E10000024,4,6003,6,30,3,4,6,0,0,4,4,1,2,0,0,1,1,E01028128,201214K184112,1,1,3,2,3,1,3,10,9,0,0,0,0,1,City of Nottingham
1714250,201531D278615,455160.0,355335.0,-1.17778,53.092383,31,3,3,1,2015-12-23,4,13:43,343,E10000024,3,60,6,30,6,2,4,6020,0,0,1,1,1,0,0,2,1,E01028200,201214K185412,1,1,2,2,68,10,3,0,0,0,2,0,11,1,Gedling
1714251,201531D278715,450509.0,337921.0,-1.249942,52.936319,31,3,2,1,2015-12-23,4,21:05,342,E10000024,3,52,1,30,1,2,3,6007,0,5,4,1,2,0,0,1,2,E01028090,201214K185612,2,1,1,1,65,9,3,0,0,0,0,0,5,1,Broxtowe
1714253,201531D278915,459414.0,336572.0,-1.11771,52.923284,31,3,2,3,2015-12-29,3,13:15,347,E10000024,6,0,6,30,6,4,6,0,0,0,1,1,1,0,0,1,1,E01028397,201214K185812,1,1,1,1,47,8,3,0,0,0,0,0,9,1,Rushcliffe
1714254,201531D279615,452528.0,337319.0,-1.220002,52.930714,31,3,4,1,2015-12-29,3,11:32,342,E10000024,4,6006,6,30,0,-1,-1,0,0,0,1,1,1,0,0,1,1,E01028085,201214K185812,1,2,2,2,43,7,3,0,0,2,0,0,9,1,Broxtowe
1714256,201531D280015,465017.0,334995.0,-1.034698,52.908462,31,3,2,1,2015-12-30,4,20:38,347,E10000024,6,0,6,30,0,-1,-1,0,0,0,4,2,2,0,0,2,1,E01028367,201214K186012,1,1,1,2,29,6,3,0,0,0,0,0,9,1,Rushcliffe
1714257,201531D280415,458277.0,338128.0,-1.134341,52.937394,31,3,2,1,2015-12-25,6,14:09,347,E10000024,3,6520,6,30,3,2,3,60,0,5,1,1,2,0,0,1,1,E01028416,201214K186012,2,2,1,2,51,8,3,0,0,0,0,0,11,1,Rushcliffe
1714270,201531D285615,468544.0,339559.0,-0.981301,52.949045,31,3,2,1,2015-12-25,6,09:45,347,E10000024,3,52,1,40,1,4,3,46,0,0,1,5,2,0,0,2,1,E01028419,201214K189512,1,1,1,1,25,5,3,0,0,0,0,0,9,1,Rushcliffe
1714278,201531D288615,462998.0,338214.0,-1.064091,52.937635,31,3,2,1,2015-12-23,4,17:59,347,E10000024,3,52,6,50,3,2,6,0,0,5,4,1,2,0,0,2,1,E01028376,201214K190312,2,5,2,2,46,8,3,0,0,1,0,0,9,1,Rushcliffe
1714279,201531D289915,465205.0,328310.0,-1.03324,52.848354,31,3,1,2,2015-12-24,5,11:08,347,E10000024,3,46,3,70,0,-1,-1,0,0,0,1,2,2,0,0,2,1,E01028421,201214K190712,1,1,1,1,19,4,3,0,0,0,0,0,9,3,Rushcliffe
1714280,201531D290515,455159.0,355312.0,-1.177799,53.092176,31,3,2,1,2015-12-26,7,08:28,343,E10000024,3,60,6,40,6,2,4,6020,0,4,1,1,2,0,0,2,1,E01028200,201214K191312,1,1,1,2,50,8,3,0,0,0,0,0,9,1,Gedling
1714281,201531D290715,456139.0,350881.0,-1.163939,53.052248,31,2,1,1,2015-12-25,6,01:52,343,E10000024,4,6011,6,50,0,-1,-1,0,0,0,6,8,2,7,0,2,1,E01028189,201214K191712,1,1,1,1,46,8,3,0,0,0,0,0,11,1,Gedling
1714283,201531D292415,464264.0,338702.0,-1.04516,52.941871,31,3,2,1,2015-12-22,3,16:57,347,E10000024,3,52,6,60,0,-1,-1,0,0,0,4,2,2,0,0,2,1,E01028394,201214K191912,1,1,1,1,85,11,2,0,0,0,0,0,9,1,Rushcliffe
1714284,201531D292615,457423.0,337174.0,-1.147215,52.928911,31,3,1,2,2015-12-29,3,10:25,347,E10000024,6,0,1,30,2,4,6,0,0,0,1,1,1,0,0,1,1,E01028365,201214K191912,1,2,2,2,82,11,2,0,0,1,0,0,9,1,
1714285,201531D292715,468351.0,339629.0,-0.984158,52.949699,31,2,2,2,2015-12-23,4,19:55,347,E10000024,3,52,6,50,1,4,3,46,0,0,4,1,1,0,0,2,1,E01028419,201214K192512,2,1,1,1,63,9,3,0,0,0,0,0,9,1,Rushcliffe