,Accident_Index_x,Location_Easting_OSGR,Location_Northing_OSGR,Longitude,Latitude,Police_Force,Accident_Severity,Number_of_Vehicles,Number_of_Casualties,Date,Day_of_Week,Time,Local_Authority_(District),Local_Authority_(Highway),1st_Road_Class,1st_Road_Number,Road_Type,Speed_limit,Junction_Detail,Junction_Control,2nd_Road_Class,2nd_Road_Number,Pedestrian_Crossing-Human_Control,Pedestrian_Crossing-Physical_Facilities,Light_Conditions,Weather_Conditions,Road_Surface_Conditions,Special_Conditions_at_Site,Carriageway_Hazards,Urban_or_Rural_Area,Did_Police_Officer_Attend_Scene_of_Accident,LSOA_of_Accident_Location,Accident_Index_y,Vehicle_Reference,Casualty_Reference,Casualty_Class,Sex_of_Casualty,Age_of_Casualty,Age_Band_of_Casualty,Casualty_Severity,Pedestrian_Location,Pedestrian_Movement,Car_Passenger,Bus_or_Coach_Passenger,Pedestrian_Road_Maintenance_Worker,Casualty_Type,Casualty_Home_Area_Type,city
1714289,201531D294315,451537.0,343131.0,-1.233821,52.983051,31,3,2,1,2015-12-29,3,21:00,342,E10000024,3,6002,6,40,0,-1,-1,0,0,5,7,1,1,0,0,2,2,E01028119,201214K193812,2,1,1,1,30,6,3,0,0,0,0,0,1,1,Broxtowe
1714357,2015320001913,493300.0,334390.0,-0.614441,52.898865,32,3,2,1,2015-12-28,2,22:30,355,E10000019,3,52,6,50,0,-1,-1,0,0,0,7,1,1,0,0,2,2,E01026293,201214K204812,2,2,1,1,29,6,3,0,0,0,0,0,9,1,South Kesteven
1714361,2015320002218,497518.0,371186.0,-0.540624,53.228773,32,3,1,1,2015-12-30,4,09:45,352,E10000019,4,1262,2,30,0,-1,-1,0,0,0,1,9,1,0,0,1,2,E01026143,201214K205112,1,1,1,2,20,4,3,0,0,0,0,0,9,2,Lincoln
1714394,2015320002892,504776.0,307818.0,-0.452396,52.657973,32,3,1,1,2015-12-25,6,12:40,355,E10000019,3,1175,6,60,3,4,6,350,0,0,1,2,2,0,0,2,1,E01026363,201214K212612,1,1,3,2,8,2,3,5,4,0,0,0,0,1,South Kesteven
1714408,2015320003376,496599.0,360084.0,-0.557737,53.129178,32,3,1,2,2015-12-28,2,23:00,353,E10000019,5,154,6,40,0,-1,-1,0,0,0,6,1,1,0,0,2,1,E01026195,201214K216012,1,1,1,2,52,8,3,0,0,0,0,0,9,1,North Kesteven
1714409,2015320003394,491537.0,336809.0,-0.639961,52.920907,32,3,4,2,2015-12-29,3,12:15,355,E10000019,3,607,6,30,0,-1,-1,0,0,0,1,1,1,0,0,1,1,E01026352,201214K216212,1,1,3,1,18,4,3,5,1,0,0,0,0,1,South Kesteven
1714411,2015320003449,544828.0,318710.0,0.144148,52.746612,32,3,2,2,2015-12-29,3,17:24,354,E10000019,3,1101,6,60,6,4,5,739,0,0,6,1,2,0,0,2,1,E01026254,201214K216412,2,1,1,1,42,7,3,0,0,0,0,0,1,1,South Holland
1716381,2015320139659,497793.0,350228.0,-0.542892,53.040393,32,3,1,3,2015-12-20,1,12:17,355,E10000019,3,17,6,60,0,-1,-1,0,0,0,1,1,1,0,7,2,1,E01026329,2012160B04391,1,2,1,1,17,4,3,0,0,0,0,0,9,2,South Kesteven
1716382,2015320139691,493610.0,367357.0,-0.600269,53.195067,32,3,1,1,2015-12-20,1,10:00,353,E10000019,5,109,6,30,0,-1,-1,0,0,0,1,4,1,0,0,1,1,E01032991,2012160B04391,2,1,1,1,25,5,3,0,0,0,0,0,9,1,North Kesteven
1716383,2015320139815,493344.0,396452.0,-0.595691,53.456561,32,3,1,2,2015-12-20,1,18:50,356,E10000019,4,1205,6,60,0,-1,-1,0,0,0,6,1,2,0,0,2,1,E01026386,2012160B04401,1,1,1,1,41,7,3,0,0,0,0,0,9,1,West Lindsey
1716384,2015320139908,545515.0,377765.0,0.180906,53.276902,32,3,1,1,2015-12-21,2,07:00,351,E10000019,3,1104,6,60,0,-1,-1,0,0,0,6,1,1,0,0,2,1,E01026117,2012160B04411,1,1,1,2,22,5,3,0,0,0,0,0,9,2,East Lindsey
1716385,2015320140025,530714.0,323803.0,-0.062779,52.795964,32,3,2,1,2015-12-21,2,10:30,354,E10000019,5,716,6,30,3,4,4,1357,0,0,1,1,2,0,0,2,1,E01026282,2012160B04411,1,2,2,2,2,1,3,0,0,2,0,0,9,2,South Holland
1716387,2015320140160,531217.0,392696.0,-0.027199,53.414759,32,3,1,2,2015-12-20,1,21:30,351,E10000019,3,16,6,50,0,-1,-1,0,0,0,4,1,1,0,0,2,1,E01026045,2012160B04431,1,1,3,1,14,3,3,9,5,0,0,0,0,2,East Lindsey
1716388,2015320140171,489118.0,335606.0,-0.676259,52.910502,32,3,2,1,2015-12-21,2,12:20,355,E10000019,3,1,3,70,0,-1,-1,0,0,0,1,1,2,0,0,2,1,E01026291,2012160B04441,1,1,1,2,82,11,2,0,0,0,0,0,22,1,
1716393,2015320140641,494985.0,361599.0,-0.581402,53.143081,32,3,1,1,2015-12-22,3,07:20,353,E10000019,5,30,6,60,0,-1,-1,0,0,0,1,4,2,0,0,2,1,E01026195,2012160B04501,1,1,1,1,17,4,3,0,0,0,0,0,9,2,North Kesteven
1716394,2015320140742,490372.0,335241.0,-0.657719,52.907013,32,3,1,1,2015-12-22,3,16:25,355,E10000019,6,300,6,30,0,-1,-1,0,0,4,6,2,2,0,0,1,1,E01026311,2012160B04511,2,1,1,2,65,9,3,0,0,0,0,0,9,3,South Kesteven
1716395,2015320140763,537706.0,325475.0,0.041555,52.809247,32,3,2,2,2015-12-22,3,17:14,354,E10000019,3,17,6,60,3,4,5,746,0,0,4,1,1,0,0,2,1,E01026253,2012160B04521,2,1,2,2,51,8,3,0,0,1,0,0,9,3,South Holland
1716396,2015320140797,512994.0,309897.0,-0.330241,52.675006,32,3,2,1,2015-12-22,3,19:23,355,E10000019,3,15,1,60,1,4,4,1166,0,0,4,2,2,0,0,2,1,E01026334,2012160B04531,1,1,1,1,59,9,3,0,0,0,0,0,9,1,South Kesteven
1716397,2015320140808,517829.0,344339.0,-0.246347,52.983447,32,3,2,2,2015-12-22,3,18:23,353,E10000019,3,17,6,60,9,4,-1,-1,0,0,6,2,2,0,0,2,1,E01026200,2012160B04541,1,1,1,2,23,5,3,0,0,0,0,0,9,1,North Kesteven
1716398,2015320140828,507304.0,361411.0,-0.397367,53.139057,32,2,2,1,2015-12-22,3,20:32,353,E10000019,4,1189,6,30,0,-1,-1,0,0,0,4,2,2,0,0,2,1,E01026213,2012160B04551,1,1,1,2,46,8,3,0,0,0,0,0,9,1,North Kesteven
1716399,2015320140849,532293.0,343931.0,-0.031199,52.97641,32,3,2,1,2015-12-21,2,22:08,350,E10000019,3,52,1,30,1,4,6,0,0,0,4,1,2,0,0,1,1,E01026006,2012160B04561,2,1,3,1,10,2,3,9,5,0,0,0,0,-1,
1716401,2015320141056,534216.0,391774.0,0.017501,53.405723,32,3,2,1,2015-12-23,4,10:50,351,E10000019,5,657,6,60,0,-1,-1,0,0,0,1,4,1,0,0,2,1,E01026076,2012160B04571,1,1,1,1,41,7,3,0,0,0,0,0,9,1,East Lindsey
1716402,2015320141084,496774.0,387867.0,-0.546685,53.378801,32,3,2,2,2015-12-23,4,10:48,356,E10000019,3,15,6,60,3,4,6,0,0,0,1,1,1,0,0,2,1,E01026399,2012160B04581,1,1,3,2,25,5,3,5,3,0,0,0,0,1,West Lindsey
1716404,2015320141137,532206.0,344092.0,-0.032428,52.977878,32,3,1,1,2015-12-22,3,09:30,350,E10000019,6,0,6,30,1,4,6,0,0,0,1,1,1,0,0,1,2,E01026032,2012160B04601,1,1,1,1,17,4,2,0,0,0,0,0,9,2,
1716405,2015320141198,523967.0,359810.0,-0.149022,53.121062,32,3,3,1,2015-12-22,3,19:13,351,E10000019,3,155,6,60,0,-1,-1,0,0,0,6,1,2,0,0,2,1,E01026075,2012160B04621,1,1,1,2,34,6,3,0,0,0,0,0,9,1,East Lindsey
1716406,2015320141340,532774.0,387205.0,-0.006095,53.365044,32,3,2,5,2015-12-23,4,20:23,351,E10000019,4,1520,6,30,3,4,6,515,0,0,4,1,2,0,0,1,1,E01026081,2012160B04631,2,1,1,2,48,8,3,0,0,0,0,0,9,1,East Lindsey
1716407,2015320141347,531247.0,341743.0,-0.047653,52.95701,32,3,1,1,2015-12-22,3,21:40,350,E10000019,6,0,6,30,3,4,6,0,0,0,4,2,2,0,0,1,1,E01026039,2012160B04641,1,1,1,1,58,9,3,0,0,0,0,0,9,1,Boston
1716408,2015320141364,511024.0,389039.0,-0.33215,53.386533,32,3,1,1,2015-12-22,3,17:00,356,E10000019,6,0,6,30,3,4,3,631,0,-1,7,9,-1,0,0,2,2,E01026389,2012160B04651,1,1,1,1,32,6,3,0,0,0,0,0,9,2,West Lindsey
1716409,2015320141405,499366.0,371414.0,-0.51288,53.23048,32,3,3,1,2015-12-23,4,22:43,352,E10000019,4,1308,6,30,0,-1,-1,0,0,8,4,1,2,0,0,1,1,E01026123,2012160B04671,1,1,1,1,26,6,3,0,0,0,0,0,2,1,Lincoln
1716411,2015320141533,500000.0,372774.0,-0.50296,53.242582,32,3,2,1,2015-12-22,3,17:45,352,E10000019,6,0,6,30,9,4,6,0,0,0,4,2,2,0,0,1,2,E01026153,2012160B04691,1,1,1,1,17,4,2,0,0,0,0,0,3,2,Lincoln
1716412,2015320141640,506163.0,342499.0,-0.420642,52.969348,32,2,1,1,2015-12-24,5,13:50,353,E10000019,6,370,6,60,0,-1,-1,0,0,0,1,1,1,0,7,2,2,E01026221,2012160B04701,2,1,1,1,20,4,3,0,0,0,0,0,3,3,
1716413,2015320141701,492125.0,331832.0,-0.632627,52.87608,32,3,3,2,2015-12-23,4,11:25,355,E10000019,3,1,3,70,5,4,6,0,0,0,1,1,1,0,0,2,1,E01026315,2012160B04711,2,1,2,2,52,8,3,0,0,1,0,0,9,1,South Kesteven
1716414,2015320141702,483496.0,388983.0,-0.745939,53.391093,32,3,2,2,2015-12-24,5,15:00,356,E10000019,6,0,6,30,9,-1,-1,-1,0,0,1,1,2,0,0,1,2,E01026375,2012160B04721,2,1,1,2,69,10,3,0,0,0,0,0,1,1,West Lindsey
1716415,2015320141729,512495.0,329661.0,-0.33084,52.852703,32,3,1,1,2015-12-24,5,20:51,355,E10000019,4,1397,6,60,0,-1,-1,0,0,0,6,1,2,0,0,2,1,E01026290,2012160B04731,2,1,1,1,61,9,3,0,0,0,0,0,9,1,South Kesteven
1716416,2015320142240,501482.0,359690.0,-0.48491,53.124731,32,1,2,3,2015-12-26,7,09:39,353,E10000019,3,15,6,60,0,-1,-1,0,0,0,1,4,2,0,0,2,1,E01026211,2012160B04741,1,1,3,1,11,3,3,5,1,0,0,0,0,1,North Kesteven
1716417,2015320142314,525363.0,323358.0,-0.142266,52.793234,32,3,2,1,2015-12-25,6,18:35,354,E10000019,6,0,6,30,0,-1,-1,0,0,0,4,1,2,0,0,1,2,E01032996,2012160B04751,2,1,1,1,32,6,3,0,0,0,0,0,1,1,South Holland
1716418,2015320142786,529057.0,397355.0,-0.057769,53.457145,32,3,1,2,2015-12-28,2,02:10,351,E10000019,3,16,6,60,0,-1,-1,0,0,0,4,1,2,0,0,2,1,E01026080,2012160B04761,1,1,1,1,74,10,2,0,0,0,0,0,9,2,East Lindsey
1716419,2015320142799,495745.0,368140.0,-0.568088,53.201724,32,3,1,1,2015-12-28,2,05:59,352,E10000019,6,0,6,30,0,-1,-1,0,0,0,4,2,2,0,0,1,1,E01026170,2012160B04761,2,2,1,1,46,8,3,0,0,0,0,0,21,1,Lincoln
1716420,2015320142831,524573.0,319716.0,-0.155359,52.760694,32,3,1,1,2015-12-28,2,08:32,354,E10000019,3,16,6,60,0,-1,-1,0,0,0,1,1,2,0,0,2,1,E01026268,2012160B04761,2,3,2,1,53,8,3,0,0,0,0,0,21,2,South Holland
1716421,2015320142936,488053.0,362290.0,-0.684817,53.15048,32,3,1,1,2015-12-28,2,13:55,353,E10000019,3,46,3,60,3,4,6,0,0,0,1,1,2,0,0,2,1,E01026193,2012160B04761,2,4,2,1,53,8,3,0,0,0,0,0,21,1,Newark and Sherwood
1716422,2015320143012,535155.0,349112.0,0.013562,53.022241,32,3,1,1,2015-12-27,1,11:50,351,E10000019,3,16,6,60,3,4,3,16,0,0,1,1,2,0,0,2,1,E01026098,2012160B04771,1,1,1,1,17,4,3,0,0,0,0,0,9,1,East Lindsey
1716423,2015320143063,489859.0,338673.0,-0.664396,52.937942,32,3,1,1,2015-12-28,2,22:45,355,E10000019,5,421,6,30,0,-1,-1,0,0,0,4,1,2,0,0,1,1,E01026340,2012160B04781,1,1,1,2,32,6,3,0,0,0,0,0,9,1,South Kesteven
1716424,2015320143078,498931.0,372444.0,-0.519075,53.239816,32,3,2,1,2015-12-28,2,15:34,352,E10000019,3,15,6,30,9,2,6,0,-1,4,4,1,2,0,0,1,1,E01026154,2012160B04791,2,1,1,2,44,7,3,0,0,0,0,0,19,3,Lincoln
1716425,2015320143277,499096.0,373702.0,-0.516213,53.25109,32,3,1,1,2015-12-29,3,10:03,352,E10000019,6,0,6,30,3,4,6,0,0,0,1,1,1,0,0,1,1,E01026157,2012160B04801,1,1,2,2,63,9,3,0,0,1,0,0,9,2,Lincoln
1716426,2015320143317,492524.0,336472.0,-0.625381,52.91771,32,3,3,2,2015-12-29,3,11:11,355,E10000019,6,300,6,30,3,4,6,340,0,0,1,1,1,0,0,1,1,E01026326,2012160B04801,2,2,2,2,74,10,3,0,0,1,0,0,9,2,South Kesteven
1716427,2015320143448,545264.0,390800.0,0.183117,53.394053,32,3,2,1,2015-12-29,3,17:10,351,E10000019,4,1200,6,40,0,-1,-1,0,0,0,6,1,1,0,0,2,1,E01026099,2012160B04811,1,1,1,2,43,7,3,0,0,0,0,0,9,3,East Lindsey
1716428,2015320143463,523788.0,340208.0,-0.159212,52.94499,32,3,1,1,2015-12-29,3,18:34,350,E10000019,5,781,6,30,3,4,5,781,0,0,4,1,4,0,0,2,1,E01026034,2012160B04821,1,1,1,1,63,9,3,0,0,0,0,0,1,1,Boston
1716429,2015320143538,525394.0,323596.0,-0.141715,52.795365,32,1,1,1,2015-12-28,2,22:25,354,E10000019,3,151,6,30,0,-1,-1,0,0,0,4,1,1,0,0,1,1,E01032996,2012160B04831,1,1,1,1,27,6,3,0,0,0,0,0,4,1,South Holland
1716431,2015320143679,508881.0,346492.0,-0.378845,53.004684,32,2,2,1,2015-12-29,3,12:10,353,E10000019,3,17,3,70,0,-1,-1,0,0,0,1,1,1,0,0,2,1,E01026208,2012160B04841,1,1,1,1,64,9,3,0,0,0,0,0,3,2,North Kesteven
1716432,2015320143785,536818.0,320172.0,0.026175,52.761832,32,2,1,1,2015-12-27,1,18:45,354,E10000019,4,1165,6,60,0,-1,-1,0,0,0,4,1,2,0,0,2,1,E01026245,2012160B04851,1,1,1,2,23,5,2,0,0,0,0,0,9,3,South Holland
1716433,2015320143791,499913.0,390177.0,-0.498785,53.398974,32,3,1,1,2015-12-30,4,12:15,356,E10000019,3,631,6,30,0,-1,-1,0,0,0,1,4,2,0,2,2,1,E01026411,2012160B04851,1,2,2,1,20,4,3,0,0,1,0,0,9,3,West Lindsey
1716434,2015320143881,505594.0,347394.0,-0.427515,53.013446,32,3,2,1,2015-12-30,4,16:00,353,E10000019,3,17,6,60,0,-1,-1,0,0,0,4,2,2,0,0,1,1,E01026229,2012160B04851,1,3,2,2,14,3,3,0,0,2,0,0,9,3,North Kesteven
1716435,2015320143888,516205.0,344095.0,-0.270612,52.981609,32,2,2,1,2015-12-29,3,18:31,353,E10000019,3,17,6,60,0,-1,-1,0,0,0,4,1,1,0,0,2,1,E01026200,2012160B04861,1,1,1,1,48,8,2,0,0,0,0,0,5,1,North Kesteven
1716436,2015320143945,486432.0,346368.0,-0.713321,53.007658,32,3,1,1,2015-12-29,3,15:40,355,E10000019,6,0,9,20,0,-1,-1,0,0,0,1,2,2,0,0,2,2,E01026355,2012160B04871,1,1,2,1,19,4,3,0,0,1,0,0,9,2,South Kesteven
1716437,2015320144069,533182.0,388906.0,0.000749,53.380222,32,3,2,3,2015-12-20,1,18:30,351,E10000019,5,628,6,30,0,-1,-1,0,0,0,4,1,1,0,0,2,2,E01026087,2012160B04881,2,1,1,1,18,4,3,0,0,0,0,0,9,3,East Lindsey
1718226,2015331501957,449155.0,325425.0,-1.271969,52.824122,33,1,2,4,2015-12-20,1,15:45,366,E10000018,3,6,6,60,0,-1,-1,0,0,0,1,8,2,0,0,2,1,E01025944,2012160D04811,2,1,1,1,49,8,3,0,0,0,0,0,1,1,North West Leicestershire
1718303,2015331502038,458845.0,305152.0,-1.13181,52.640929,33,3,3,2,2015-12-27,1,18:30,364,E06000016,3,594,3,30,0,-1,-1,0,0,0,4,1,1,0,0,1,2,E01032867,2012160D05491,1,1,1,1,38,7,3,0,0,0,0,0,9,1,Leicester
1718304,2015331502039,460640.0,305315.0,-1.105257,52.642197,33,3,2,1,2015-12-25,6,22:05,364,E06000016,3,47,6,30,3,4,6,515,0,4,4,1,1,0,0,1,2,E01013654,2012160D05511,1,1,1,2,29,6,3,0,0,0,0,0,9,1,Leicester
1718305,2015331502040,459126.0,304141.0,-1.127839,52.631811,33,3,1,1,2015-12-27,1,17:30,364,E06000016,6,280,6,30,8,4,6,6,0,0,4,1,1,0,0,1,2,E01032873,2012160D05521,1,1,1,1,19,4,3,0,0,0,0,0,9,1,Leicester
1718306,2015331502041,459237.0,304260.0,-1.126178,52.632869,33,2,2,1,2015-12-25,6,22:13,364,E06000016,3,594,3,30,3,2,6,2830,0,5,4,9,1,0,0,1,2,E01032872,2012160D05521,1,2,2,2,18,4,3,0,0,1,0,0,9,1,Leicester
1718307,2015331502042,461183.0,311707.0,-1.096048,52.699591,33,3,2,1,2015-12-26,7,17:15,362,E10000018,3,46,3,70,1,2,3,46,0,0,4,1,2,0,0,2,2,E01025758,2012160D05531,1,1,1,2,49,8,3,0,0,0,0,0,9,1,Charnwood
1718308,2015331502043,459023.0,298391.0,-1.130384,52.580137,33,3,2,1,2015-12-23,4,17:20,367,E10000018,6,3307,6,30,3,4,4,582,0,0,4,1,1,0,0,1,2,E01025987,2012160D05541,1,1,1,2,12,3,3,0,0,0,0,0,1,1,Oadby and Wigston
1718311,2015331502046,449860.0,285305.0,-1.267555,52.46342,33,1,2,2,2015-12-29,3,18:13,363,E10000018,3,5,3,70,0,-1,-1,0,0,0,6,1,1,0,0,2,1,E01025816,2012160D05551,2,2,1,2,27,6,3,0,0,0,0,0,9,1,Harborough
1718312,2015331502047,463258.0,305824.0,-1.066474,52.646474,33,3,1,1,2015-12-30,4,13:10,364,E06000016,6,1029,6,30,0,-1,-1,0,0,0,1,9,2,0,0,1,2,E01013700,2012160D05551,2,4,2,2,34,6,3,0,0,2,0,0,9,1,Leicester
1718324,2015331502059,455184.0,300463.0,-1.186688,52.599164,33,3,2,4,2015-12-20,1,20:00,360,E10000018,3,563,3,50,3,2,3,5460,0,5,4,1,1,0,0,1,1,E01025626,2012160D05651,2,1,1,2,28,6,3,0,0,0,0,0,9,3,
1718330,2015331502066,458128.0,318771.0,-1.140003,52.763422,33,2,1,1,2015-12-28,2,12:45,362,E10000018,5,3213,6,60,0,-1,-1,0,0,0,1,1,1,0,0,2,1,E01025676,2012160D05711,2,2,1,1,40,7,3,0,0,0,0,0,8,1,Charnwood
1718334,2015331502070,460749.0,302206.0,-1.104217,52.614239,33,3,2,1,2015-12-26,7,19:15,364,E06000016,3,6,6,30,6,2,3,6030,0,5,4,2,2,0,0,1,2,E01013712,2012160D05751,1,1,3,1,65,9,2,8,1,0,0,0,0,1,Leicester
1718346,2015331502082,455341.0,300137.0,-1.184425,52.596218,33,3,2,2,2015-12-20,1,18:24,360,E10000018,3,563,1,50,1,2,4,4114,0,5,4,1,2,0,0,1,1,E01025627,2012160D05811,2,2,2,2,6,2,3,0,0,2,0,0,9,1,
1718348,2015331502085,457771.0,316178.0,-1.145748,52.740153,33,3,1,1,2015-12-20,1,05:00,362,E10000018,5,5212,6,60,0,-1,-1,0,0,0,4,1,1,0,0,2,2,E01025735,2012160D05831,1,1,1,1,24,5,3,0,0,0,0,0,1,1,Charnwood
1718359,2015331502097,455334.0,307803.0,-1.183247,52.665127,33,3,2,1,2015-12-22,3,14:40,362,E10000018,3,5630,1,50,1,4,5,3201,0,0,1,5,2,0,0,2,2,E01025673,2012160D05901,1,1,1,1,14,3,3,0,0,0,0,0,1,1,Charnwood
1718361,2015331502099,448024.0,310750.0,-1.290897,52.692313,33,3,1,1,2015-12-30,4,22:17,361,E10000018,1,1,7,70,5,4,1,1,0,0,6,5,2,0,0,2,1,E01025871,2012160D05921,3,2,1,1,38,7,3,0,0,0,0,0,1,1,Hinckley and Bosworth
1718362,2015331502100,444771.0,296605.0,-1.340935,52.565439,33,3,2,1,2015-12-20,1,10:56,361,E10000018,6,5101,6,30,3,4,6,5107,0,0,1,1,1,0,0,1,1,E01025824,2012160D05931,1,1,1,1,20,4,3,0,0,0,0,0,3,1,Hinckley and Bosworth
1718369,2015331502108,459175.0,310090.0,-1.126049,52.685279,33,3,1,1,2015-12-20,1,14:15,362,E10000018,3,6,3,40,3,2,6,3300,0,5,1,1,2,0,0,2,1,E01025679,2012160D05981,2,2,1,2,32,6,3,0,0,0,0,0,9,3,Charnwood
1718370,2015331502109,459041.0,312699.0,-1.127564,52.708745,33,3,7,3,2015-12-21,2,11:35,362,E10000018,5,8207,6,30,6,2,5,5214,0,5,1,1,1,0,0,1,1,E01025737,2012160D05981,2,3,2,2,11,3,3,0,0,2,0,0,9,3,Charnwood
1718372,2015331502111,459910.0,305060.0,-1.11609,52.639986,33,3,2,3,2015-12-22,3,13:30,364,E06000016,3,47,6,30,3,4,6,501,0,0,1,2,2,0,0,1,1,E01013746,2012160D05991,1,2,1,2,17,4,3,0,0,0,0,0,9,2,Leicester
1718376,2015331502115,459467.0,306780.0,-1.122326,52.655495,33,3,2,2,2015-12-28,2,20:00,364,E06000016,5,1768,6,30,3,2,6,1215,0,5,4,1,1,0,0,1,1,E01013628,2012160D06021,1,1,3,1,37,7,2,5,2,0,0,0,0,1,Leicester
1718377,2015331502116,450820.0,298320.0,-1.251441,52.580326,33,3,1,1,2015-12-22,3,00:25,360,E10000018,1,69,3,70,0,-1,-1,0,0,0,4,2,2,0,0,2,1,E01025645,2012160D06031,1,2,1,1,19,4,3,0,0,0,0,0,9,-1,
1718378,2015331502117,457836.0,304508.0,-1.146832,52.635249,33,3,3,1,2015-12-23,4,06:09,364,E06000016,6,1429,6,30,0,-1,-1,0,0,0,4,1,1,0,0,1,1,E01013684,2012160D06031,1,3,2,2,19,4,3,0,0,1,0,0,9,1,Leicester
1718379,2015331502118,459506.0,306261.0,-1.121843,52.650825,33,3,3,1,2015-12-21,2,16:34,364,E06000016,3,607,3,30,6,2,6,1231,0,5,4,4,2,0,0,1,1,E01013713,2012160D06031,2,1,1,1,38,7,3,0,0,0,0,0,9,1,Leicester
1718380,2015331502119,456998.0,305245.0,-1.159086,52.641962,33,3,1,1,2015-12-22,3,23:25,364,E06000016,6,1518,2,30,3,4,6,1515,0,0,5,9,1,0,0,1,2,E01013682,2012160D06041,2,1,1,2,44,7,3,0,0,0,0,0,9,1,Leicester
1718382,2015331502121,457031.0,303913.0,-1.158828,52.629985,33,3,2,1,2015-12-23,4,18:30,364,E06000016,5,1761,6,30,3,4,5,1750,0,0,4,1,1,0,0,1,2,E01013782,2012160D06051,2,1,1,1,40,7,2,0,0,0,0,0,1,1,Leicester
1718385,2015331502124,461357.0,310028.0,-1.093786,52.68448,33,3,1,1,2015-12-30,4,22:05,362,E10000018,3,607,3,30,0,-1,-1,0,0,5,4,2,2,0,0,1,1,E01025766,2012160D06071,1,1,3,1,12,3,3,5,4,0,0,0,0,-1,Charnwood
1718386,2015331502125,460611.0,307565.0,-1.105273,52.662424,33,3,1,1,2015-12-22,3,16:34,364,E06000016,6,923,6,30,0,-1,-1,0,0,1,4,2,2,0,0,1,1,E01013739,2012160D06101,2,1,1,2,50,8,2,0,0,0,0,0,1,1,Leicester
1718388,2015331502127,454780.0,288702.0,-1.194589,52.493486,33,3,3,2,2015-12-22,3,15:56,363,E10000018,3,426,6,60,3,4,6,6,0,0,6,5,2,0,0,2,1,E01025777,2012160D06131,2,1,1,1,42,7,3,0,0,0,0,0,1,1,Harborough
1718390,2015331502129,442403.0,293746.0,-1.376232,52.539928,33,3,2,1,2015-12-21,2,14:40,361,E10000018,4,4666,6,30,6,2,4,590,0,5,1,9,2,0,0,1,1,E01025849,2012160D06151,1,1,3,1,7,2,3,5,1,0,0,0,0,1,Hinckley and Bosworth
1718391,2015331502130,449291.0,302629.0,-1.273363,52.6192,33,2,2,2,2015-12-24,5,18:27,361,E10000018,4,582,6,40,8,4,6,6,0,0,4,1,1,0,0,2,1,E01025876,2012160D06161,1,1,1,1,49,8,3,0,0,0,0,0,8,1,
1718394,2015331502134,450811.0,298299.0,-1.251577,52.580138,33,3,2,4,2015-12-30,4,03:30,360,E10000018,1,69,3,70,0,-1,-1,0,0,0,6,4,2,0,0,2,1,E01025645,2012160D06171,1,1,1,1,17,4,3,0,0,0,0,0,1,1,
1718395,2015331502135,457472.0,303365.0,-1.152409,52.625013,33,3,3,2,2015-12-28,2,12:48,364,E06000016,3,5460,6,30,6,4,6,1632,0,8,1,1,2,0,0,1,1,E01013776,2012160D06181,2,1,1,1,65,9,3,0,0,0,0,0,1,1,Leicester
1718396,2015331502137,445394.0,293643.0,-1.332149,52.538762,33,2,1,1,2015-12-23,4,05:00,361,E10000018,4,4669,6,60,0,-1,-1,0,0,0,4,2,2,0,0,2,1,E01025664,2012160D06201,1,1,1,1,52,8,2,0,0,0,0,0,4,1,
1718397,2015331502138,462762.0,304648.0,-1.074027,52.635961,33,3,2,2,2015-12-26,7,16:14,364,E06000016,6,2218,1,30,2,4,6,2671,0,8,4,1,1,0,0,1,1,E01013671,2012160D06211,2,1,1,1,44,7,3,0,0,0,0,0,9,1,Leicester
1718398,2015331502139,473908.0,287276.0,-0.913222,52.478416,33,2,2,1,2015-12-23,4,17:20,363,E10000018,3,4304,6,30,8,4,6,6,0,5,4,1,1,0,0,1,1,E01025796,2012160D06221,2,1,1,1,26,6,3,0,0,0,0,0,9,1,Harborough
1718399,2015331502140,459005.0,304459.0,-1.12957,52.634683,33,2,1,1,2015-12-30,4,14:20,364,E06000016,6,2830,6,30,3,2,5,1039,0,5,1,5,2,0,0,1,1,E01032867,2012160D06221,2,2,2,2,23,5,3,0,0,1,0,0,9,1,Leicester
1718400,2015331502141,454455.0,284197.0,-1.20011,52.453022,33,3,2,1,2015-12-29,3,21:45,363,E10000018,3,426,6,30,0,-1,-1,0,0,0,4,1,1,0,0,2,1,E01025792,2012160D06231,1,1,3,1,31,6,2,1,1,0,0,0,0,1,Harborough