,Accident_Index_x,Location_Easting_OSGR,Location_Northing_OSGR,Longitude,Latitude,Police_Force,Accident_Severity,Number_of_Vehicles,Number_of_Casualties,Date,Day_of_Week,Time,Local_Authority_(District),Local_Authority_(Highway),1st_Road_Class,1st_Road_Number,Road_Type,Speed_limit,Junction_Detail,Junction_Control,2nd_Road_Class,2nd_Road_Number,Pedestrian_Crossing-Human_Control,Pedestrian_Crossing-Physical_Facilities,Light_Conditions,Weather_Conditions,Road_Surface_Conditions,Special_Conditions_at_Site,Carriageway_Hazards,Urban_or_Rural_Area,Did_Police_Officer_Attend_Scene_of_Accident,LSOA_of_Accident_Location,Accident_Index_y,Vehicle_Reference,Casualty_Reference,Casualty_Class,Sex_of_Casualty,Age_of_Casualty,Age_Band_of_Casualty,Casualty_Severity,Pedestrian_Location,Pedestrian_Movement,Car_Passenger,Bus_or_Coach_Passenger,Pedestrian_Road_Maintenance_Worker,Casualty_Type,Casualty_Home_Area_Type,city
1718401,2015331502142,443052.0,293982.0,-1.366633,52.541999,33,3,1,1,2015-12-24,5,21:30,361,E10000018,6,7706,6,30,3,4,6,7718,0,0,4,1,2,0,0,1,1,E01025852,2012160D06241,2,1,1,2,28,6,3,0,0,0,0,0,9,1,Hinckley and Bosworth
1718402,2015331502143,457199.0,303269.0,-1.156458,52.624179,33,3,2,2,2015-12-22,3,22:30,364,E06000016,5,1746,6,30,3,4,6,1644,0,8,4,1,2,0,0,1,1,E01013641,2012160D06251,1,1,1,2,62,9,3,0,0,0,0,0,1,1,Leicester
1718403,2015331502144,462344.0,319874.0,-1.077322,52.772867,33,3,1,1,2015-12-20,1,08:30,362,E10000018,5,5207,6,60,0,-1,-1,0,0,0,1,1,2,0,0,2,1,E01025768,2012160D06261,1,1,3,2,25,5,3,6,8,0,0,0,0,1,Charnwood
1718404,2015331502145,449068.0,310478.0,-1.275492,52.689774,33,3,2,3,2015-12-26,7,12:00,361,E10000018,5,5108,6,40,3,4,6,5826,0,0,1,4,1,0,0,2,1,E01025869,2012160D06271,2,1,1,1,61,9,3,0,0,0,0,0,9,1,Charnwood
1718406,2015331502147,460882.0,305305.0,-1.101683,52.64208,33,3,2,1,2015-12-29,3,19:50,364,E06000016,3,47,6,30,3,4,6,529,0,8,4,1,1,0,0,1,1,E01013658,2012160D06291,2,1,1,1,22,5,3,0,0,0,0,0,2,1,Leicester
1718407,2015331502148,458420.0,302608.0,-1.138539,52.618108,33,3,2,3,2015-12-30,4,21:25,364,E06000016,3,426,6,30,3,2,4,5366,0,5,4,5,2,0,0,1,1,E01013688,2012160D06301,1,1,1,1,43,7,3,0,0,0,0,0,1,1,Leicester
1718409,2015331502150,459250.0,305646.0,-1.125737,52.645325,33,3,2,1,2015-12-21,2,20:00,364,E06000016,3,607,3,30,1,2,3,607,0,5,4,1,1,0,0,1,1,E01013720,2012160D06321,2,1,1,2,20,4,3,0,0,0,0,0,9,1,Leicester
1718410,2015331502151,457877.0,301619.0,-1.146731,52.609276,33,3,1,1,2015-12-25,6,18:10,364,E06000016,3,426,6,30,0,-1,-1,0,0,0,4,2,2,6,0,1,1,E01013612,2012160D06321,3,2,1,1,36,7,3,0,0,0,0,0,9,1,Leicester
1718412,2015331502153,460016.0,300658.0,-1.115322,52.600406,33,3,2,1,2015-12-23,4,20:00,364,E06000016,3,563,6,30,6,2,3,5199,0,5,4,1,1,0,0,1,1,E01013707,2012160D06341,1,1,1,1,93,11,3,0,0,0,0,0,9,1,Leicester
1718414,2015331502158,458889.0,310364.0,-1.130231,52.687773,33,3,1,1,2015-12-28,2,20:40,362,E10000018,6,3341,6,30,0,-1,-1,0,0,0,6,1,1,0,0,2,1,E01025679,2012160D06341,2,3,2,2,54,8,3,0,0,1,0,0,9,2,Charnwood
1718415,2015331502159,460006.0,306696.0,-1.114375,52.654681,33,3,1,1,2015-12-28,2,19:30,364,E06000016,6,906,6,30,3,4,6,871,0,0,4,9,1,0,0,1,1,E01013630,2012160D06351,1,1,3,1,9,2,2,1,4,0,0,0,0,1,Leicester
1718418,2015331502162,455379.0,303273.0,-1.18334,52.624403,33,3,1,1,2015-12-22,3,14:10,364,E06000016,6,1703,6,30,0,-1,-1,0,0,0,1,1,1,0,0,1,1,E01013632,2012160D06381,2,1,1,1,31,6,2,0,0,0,0,0,4,1,Leicester
1718420,2015331502165,460070.0,299243.0,-1.114781,52.587681,33,3,2,1,2015-12-21,2,14:55,367,E10000018,6,3220,6,30,0,-1,-1,0,0,0,1,1,1,0,0,1,1,E01025994,2012160D06401,1,3,2,2,3,1,3,0,0,2,0,0,9,1,Oadby and Wigston
1718610,2015331505435,460425.0,308145.0,-1.107916,52.667659,33,3,2,1,2015-12-28,2,16:30,364,E06000016,3,563,6,40,6,2,3,607,0,5,4,1,1,0,0,2,1,E01013734,2012160D08081,2,1,1,1,24,5,3,0,0,0,0,0,1,1,Leicester
1718681,2015331505809,441640.0,293420.0,-1.387522,52.537056,33,3,2,1,2015-12-20,1,16:27,361,E10000018,4,4666,6,30,3,4,6,6197,0,0,7,1,1,0,0,1,1,E01025856,2012160D08771,1,1,1,2,40,7,3,0,0,0,0,0,9,3,Hinckley and Bosworth
1718682,2015331505810,455230.0,299730.0,-1.186131,52.592571,33,2,1,1,2015-12-24,5,11:21,360,E10000018,5,3603,6,40,3,2,4,4114,0,5,1,1,1,0,0,2,1,E01025627,2012160D08781,1,1,1,1,26,6,3,0,0,0,0,0,9,1,
1718683,2015331505815,488490.0,300310.0,-0.695107,52.593394,33,3,1,1,2015-12-25,6,08:20,368,E06000017,3,47,6,60,0,-1,-1,0,0,0,1,1,1,0,0,2,2,E01013794,2012160D08791,1,1,3,2,17,4,3,9,5,0,0,0,0,1,
1718684,2015331505819,472480.0,287375.0,-0.934222,52.479497,33,3,1,1,2015-12-26,7,23:05,363,E10000018,6,7345,6,30,0,-1,-1,0,0,0,7,1,1,0,0,1,2,E01025802,2012160D08801,1,1,1,1,26,6,3,0,0,0,0,0,8,1,Harborough
1718685,2015331505823,447300.0,326100.0,-1.299398,52.830355,33,3,2,1,2015-12-27,1,21:15,366,E10000018,1,1,3,70,0,-1,-1,0,0,0,7,1,1,0,0,2,1,E01025944,2012160D08811,2,1,1,2,36,7,3,0,0,0,0,0,1,1,North West Leicestershire
1718686,2015331505824,443145.0,310830.0,-1.363068,52.693441,33,3,2,1,2015-12-27,1,20:30,366,E10000018,5,5112,6,30,3,4,6,6838,0,0,7,1,1,0,0,1,1,E01025939,2012160D08821,1,1,3,1,32,6,3,5,1,0,0,0,0,1,North West Leicestershire
1718776,201534NC33205,488442.0,288261.0,-0.69902,52.485111,34,3,1,1,2015-12-22,3,08:55,380,E10000021,3,427,3,40,0,-1,-1,0,0,0,1,1,1,0,0,1,1,E01026960,2012170H10652,1,3,2,2,18,4,3,0,0,1,0,0,9,1,
1718777,201534NC33375,489610.0,289180.0,-0.681578,52.49318,34,3,1,1,2015-12-21,2,18:45,380,E10000021,3,6086,1,30,1,4,3,6086,0,8,4,1,2,0,0,1,1,E01026957,2012170H10652,2,2,1,1,18,4,3,0,0,0,0,0,9,1,
1718778,201534NC33815,488131.0,288382.0,-0.703567,52.486249,34,3,2,1,2015-12-29,3,16:30,380,E10000021,3,427,1,30,1,2,3,427,0,4,5,1,1,0,0,1,1,E01026949,2012170H10662,2,1,2,2,48,8,3,0,0,1,0,0,9,1,
1718886,201534NE33355,495610.0,265429.0,-0.600002,52.278703,34,2,3,1,2015-12-20,1,11:40,382,E10000021,5,143,6,30,3,4,6,3511,0,0,1,1,1,0,0,1,2,E01027067,2012170H11502,1,1,1,2,38,7,3,0,0,0,0,0,9,1,
1718887,201534NE33845,500048.0,278696.0,-0.531028,52.397148,34,3,1,2,2015-12-29,3,08:30,382,E10000021,6,3022,6,30,3,4,6,3023,0,0,1,1,1,0,0,2,2,E01027076,2012170H11512,1,1,1,1,47,8,3,0,0,0,0,0,3,1,
1718890,201534NE34125,500742.0,278131.0,-0.521002,52.391943,34,3,1,1,2015-12-27,1,06:40,382,E10000021,3,14,3,70,5,4,3,45,0,0,7,2,2,0,0,2,1,E01027077,2012170H11522,1,4,2,2,73,10,3,0,0,2,0,0,9,1,
1718892,201534NE34165,499906.0,273463.0,-0.534672,52.350144,34,2,1,1,2015-12-24,5,23:38,382,E10000021,4,663,6,40,8,4,6,0,0,0,4,1,1,0,0,2,1,E01027055,2012170H11532,1,1,3,2,13,3,3,4,3,0,0,0,0,1,
1719171,201534NW33315,488625.0,267656.0,-0.701771,52.299888,34,3,2,1,2015-12-22,3,16:30,386,E10000021,6,9475,6,30,3,4,3,5128,0,0,1,1,1,0,0,1,3,E01027351,2012170L32122,1,1,1,1,64,9,3,0,0,0,0,0,9,1,
1719172,201534NW33325,490038.0,268542.0,-0.680819,52.307622,34,3,2,1,2015-12-23,4,15:10,386,E10000021,4,573,6,30,0,-1,-1,0,0,0,1,1,1,0,0,1,1,E01027316,2012170L32122,1,2,2,2,59,9,3,0,0,1,0,0,9,1,
1719173,201534NW33385,489205.0,267324.0,-0.693356,52.29681,34,3,2,1,2015-12-21,2,14:16,386,E10000021,5,147,6,30,6,2,4,571,0,0,1,2,2,0,0,1,1,E01027350,2012170L32132,2,1,1,1,72,10,3,0,0,0,0,0,9,2,
1719175,201534NW33835,488597.0,267665.0,-0.702179,52.299973,34,3,1,1,2015-12-29,3,16:50,386,E10000021,3,5128,6,30,3,4,6,9475,0,0,4,1,1,0,0,1,1,E01027351,2012170L32142,1,1,1,2,46,8,3,0,0,0,0,0,9,1,
1719252,201534TW80295,488816.0,261992.0,-0.700461,52.248949,34,1,1,1,2015-12-29,3,13:59,386,E10000021,5,25,6,60,0,-1,-1,0,0,0,1,1,1,0,0,2,1,E01027354,2012170M10172,1,1,3,1,23,5,3,5,1,0,0,0,0,1,
1719405,201534WD33415,456370.0,259684.0,-1.176039,52.232476,34,3,1,1,2015-12-23,4,19:30,381,E10000021,4,4037,6,60,0,-1,-1,0,0,0,6,1,1,0,0,2,1,E01026993,2012170M11902,1,1,3,1,16,4,3,4,4,0,0,0,0,-1,
1719406,201534WD33425,465121.0,268542.0,-1.046216,52.311137,34,2,2,1,2015-12-23,4,16:00,381,E10000021,3,428,6,60,3,4,4,5385,0,0,1,1,1,0,0,2,1,E01027021,2012170M11912,2,1,1,1,38,7,3,0,0,0,0,0,8,1,
1719407,201534WD33575,465179.0,263492.0,-1.04634,52.265735,34,2,1,1,2015-12-29,3,13:42,381,E10000021,5,5,6,60,0,-1,-1,0,0,0,1,1,1,0,0,2,1,E01026998,2012170M11912,2,2,2,1,25,5,3,0,0,1,0,0,8,1,
1719408,201534WD33665,451728.0,253436.0,-1.244953,52.176763,34,3,2,1,2015-12-28,2,09:30,381,E10000021,3,361,1,30,1,4,5,53,0,0,1,2,2,0,0,2,3,E01027004,2012170M11912,2,3,2,1,23,5,3,0,0,2,0,0,8,-1,
1719849,201534WN32985,474390.0,258128.0,-0.912573,52.216353,34,3,2,1,2015-12-20,1,11:20,384,E10000021,3,5076,1,40,1,2,3,5076,0,0,1,1,1,0,0,1,1,E01027160,2012170S12272,1,2,2,1,-1,-1,3,0,0,0,4,0,11,1,
1719851,201534WN33145,474003.0,262810.0,-0.917213,52.258491,34,3,2,2,2015-12-22,3,18:10,384,E10000021,6,8083,6,30,6,4,6,8300,0,0,4,2,2,0,0,1,1,E01027243,2012170S12312,1,1,3,2,14,3,3,5,1,0,0,0,0,1,
1719852,201534WN33155,475784.0,262449.0,-0.891206,52.255004,34,3,2,1,2015-12-22,3,16:40,384,E10000021,6,8426,6,20,3,4,6,8020,0,0,4,2,2,0,0,1,1,E01027185,2012170S12332,1,1,1,1,26,6,3,0,0,0,0,0,9,1,
1719853,201534WN33165,475242.0,262116.0,-0.899219,52.252085,34,2,2,1,2015-12-22,3,18:44,384,E10000021,3,508,3,30,6,2,6,8020,0,0,4,2,2,0,0,1,1,E01027152,2012170S12332,1,2,2,1,27,6,3,0,0,1,0,0,9,1,
1719854,201534WN33335,477461.0,261324.0,-0.866902,52.244658,34,3,1,1,2015-12-23,4,05:45,384,E10000021,6,8059,6,20,0,-1,-1,0,0,0,4,1,1,0,0,1,1,E01027135,2012170S12352,1,1,1,2,52,8,3,0,0,0,0,0,9,1,
1719855,201534WN33365,476758.0,262253.0,-0.876985,52.253107,34,3,2,1,2015-12-21,2,13:15,384,E10000021,3,5123,6,30,3,4,6,8394,0,0,1,1,2,0,0,1,1,E01027184,2012170S12372,1,1,1,1,46,8,3,0,0,0,0,0,19,1,
1719856,201534WN33455,475150.0,262938.0,-0.900384,52.259486,34,3,2,1,2015-12-27,1,15:14,384,E10000021,3,508,6,30,6,2,5,151,0,0,1,1,2,0,0,1,1,E01027191,2012170S12382,2,1,1,1,25,5,3,0,0,0,0,0,9,-1,
1719857,201534WN33825,479608.0,262804.0,-0.835114,52.257655,34,3,1,1,2015-12-29,3,15:30,384,E10000021,6,8026,6,30,8,4,6,0,0,0,1,1,1,0,0,1,3,E01027198,2012170S12392,2,1,1,2,28,6,3,0,0,0,0,0,9,1,
1719859,201534WN34085,476720.0,261017.0,-0.877822,52.242002,34,3,1,1,2015-12-23,4,19:30,384,E10000021,6,8001,6,30,3,4,3,4500,0,0,4,1,1,0,0,1,2,E01027134,2012170S12412,2,2,2,1,43,7,3,0,0,1,0,0,19,1,
1720007,201534WS32975,467455.0,250815.0,-1.015516,52.151507,34,3,2,1,2015-12-20,1,09:50,385,E10000021,6,4101,6,30,8,4,6,0,0,0,1,1,1,0,0,2,1,E01027289,2012170S22222,1,1,1,2,20,4,3,0,0,0,0,0,9,1,
1720008,201534WS33345,472759.0,253124.0,-0.937515,52.171591,34,3,1,1,2015-12-20,1,14:00,385,E10000021,5,27,6,30,0,-1,-1,0,0,0,4,1,1,0,0,2,1,E01027263,2012170S22242,2,1,1,1,49,8,3,0,0,0,0,0,9,1,
1720009,201534WS33405,457837.0,237635.0,-1.158304,52.034114,34,3,2,1,2015-12-22,3,18:13,385,E10000021,6,4809,6,30,3,4,6,4811,0,0,4,2,2,0,0,1,1,E01027268,2012170S22242,2,2,2,2,42,7,3,0,0,2,0,0,9,1,
1720010,201534WS33785,454674.0,243626.0,-1.20345,52.088292,34,3,2,1,2015-12-23,4,13:30,385,E10000021,4,4525,6,60,3,4,6,4205,0,0,1,1,2,0,0,2,1,E01027305,2012170S22242,2,3,2,2,44,7,3,0,0,2,0,0,9,1,
1720011,201534WS33795,464986.0,250230.0,-1.051709,52.146544,34,3,2,2,2015-12-23,4,10:40,385,E10000021,5,2,6,60,0,-1,-1,0,0,0,1,1,2,0,0,2,1,E01027289,2012170S22292,2,1,1,1,31,6,3,0,0,0,0,0,9,1,
1720012,201534WS33805,475308.0,253120.0,-0.900251,52.171213,34,3,4,1,2015-12-24,5,12:25,385,E10000021,3,508,6,50,3,4,6,4123,0,0,1,1,2,0,0,2,1,E01032985,2012170S22342,2,1,1,1,48,8,3,0,0,0,0,0,3,1,
1721835,2015350207315,546620.0,275370.0,0.151542,52.356787,35,3,3,1,2015-12-21,2,08:45,391,E10000003,3,1123,6,30,0,-1,-1,0,0,0,1,1,1,0,0,2,1,E01018037,201220K002042,2,2,1,2,20,4,3,0,0,0,0,0,9,1,East Cambridgeshire
1721857,2015350209815,547790.0,263350.0,0.163438,52.248488,35,2,2,2,2015-12-23,4,22:45,395,E10000003,3,10,6,50,3,4,6,0,0,0,4,5,2,0,0,1,1,E01018272,201220K003132,2,1,1,1,42,7,2,0,0,0,0,0,1,1,South Cambridgeshire
1721876,2015350212815,518890.0,296370.0,-0.247941,52.552199,35,3,2,1,2015-12-20,1,15:30,394,E06000031,6,0,2,30,3,4,6,0,0,0,1,1,1,0,0,1,2,E01033179,201220K003532,3,2,1,1,38,7,3,0,0,0,0,0,9,1,Peterborough
1721877,2015350212915,546150.0,256700.0,0.136564,52.189181,35,3,2,1,2015-12-21,2,12:45,390,E10000003,5,235,6,30,0,-1,-1,0,0,0,1,1,1,0,0,1,2,E01017966,201220K003572,1,1,3,2,15,3,2,5,2,0,0,0,0,-1,Cambridge
1721878,2015350213015,546040.0,261210.0,0.1369,52.229729,35,3,2,1,2015-12-21,2,19:00,390,E10000003,6,0,6,20,0,-1,-1,0,0,0,1,1,2,0,0,1,2,E01017977,201220K003592,2,1,1,2,42,7,3,0,0,0,0,0,9,1,Cambridge
1721879,2015350213115,518820.0,300060.0,-0.247651,52.585371,35,3,2,2,2015-12-22,3,19:15,394,E06000031,6,0,6,30,6,4,6,0,0,0,4,1,2,0,0,1,1,E01015601,201220K003622,1,1,3,2,11,3,2,1,2,0,0,0,0,1,Peterborough
1721880,2015350213215,518090.0,296690.0,-0.25962,52.555248,35,3,2,1,2015-12-22,3,18:20,394,E06000031,6,0,6,30,3,4,6,0,0,0,4,2,2,0,0,1,1,E01033179,201220K003682,1,3,2,2,59,9,3,0,0,1,0,0,8,1,Peterborough
1721881,2015350213315,517510.0,299680.0,-0.267112,52.582241,35,3,2,1,2015-12-23,4,22:20,394,E06000031,5,299,6,30,3,4,6,0,0,0,4,1,2,0,0,1,1,E01015663,201220K003682,2,1,1,1,27,6,3,0,0,0,0,0,9,1,Peterborough
1721882,2015350213415,515680.0,298540.0,-0.294505,52.572389,35,3,2,1,2015-12-23,4,08:50,394,E06000031,3,1260,1,70,1,4,3,47,0,0,1,1,1,0,0,2,2,E01015689,201220K003682,2,2,2,2,27,6,3,0,0,1,0,0,9,1,Peterborough
1721883,2015350213515,539240.0,286320.0,0.047803,52.457088,35,3,2,1,2015-12-25,6,18:55,392,E10000003,5,332,6,30,0,-1,-1,0,0,0,4,1,2,0,0,1,1,E01018110,201220K003702,1,1,1,1,57,9,2,0,0,0,0,0,1,1,Fenland
1721892,2015350214515,547860.0,259310.0,0.162698,52.212174,35,3,2,1,2015-12-21,2,07:20,390,E10000003,3,1134,1,30,1,4,3,1303,0,0,1,1,1,0,0,1,1,E01017946,201220K003872,1,1,1,1,28,6,3,0,0,0,0,0,9,1,Cambridge
1721893,2015350214615,561350.0,253020.0,0.356977,52.151891,35,3,1,1,2015-12-22,3,18:00,395,E10000003,4,1052,6,60,0,-1,-1,0,0,0,6,5,2,7,0,2,1,E01018218,201220K003892,1,1,3,1,64,9,3,5,1,0,0,0,0,1,South Cambridgeshire
1721894,2015350214715,518390.0,259960.0,-0.268165,52.225129,35,3,1,1,2015-12-22,3,13:47,393,E10000003,4,1043,6,30,0,-1,-1,0,0,0,1,1,1,0,0,1,1,E01018185,201220K003992,1,1,1,1,21,5,3,0,0,0,0,0,9,1,Huntingdonshire
1721895,2015350214815,544610.0,291190.0,0.128888,52.499445,35,2,3,3,2015-12-22,3,18:32,392,E10000003,4,1098,6,60,6,4,4,1093,0,0,4,1,2,0,0,2,1,E01018111,201220K004002,2,1,1,1,59,9,3,0,0,0,0,0,9,1,Fenland
1721896,2015350214915,551740.0,278930.0,0.228273,52.387376,35,2,1,1,2015-12-23,4,16:30,391,E10000003,6,0,3,20,8,4,6,0,0,0,4,1,1,0,0,2,1,E01033428,201220K004012,1,1,3,1,2,1,2,1,1,0,0,0,0,1,East Cambridgeshire
1721897,2015350215015,528750.0,285200.0,-0.106917,52.449596,35,2,2,1,2015-12-24,5,10:56,393,E10000003,6,0,6,30,0,-1,-1,0,0,0,1,2,2,0,0,2,1,E01018158,201220K004022,2,1,1,2,28,6,3,0,0,0,0,0,9,1,Huntingdonshire
1721898,2015350215115,520090.0,296250.0,-0.230295,52.550857,35,3,2,2,2015-12-24,5,15:21,394,E06000031,3,1139,3,70,0,-1,-1,0,0,0,1,1,1,0,0,2,1,E01015671,201220K004072,2,1,1,2,19,4,3,0,0,0,0,0,9,1,Peterborough
1721899,2015350215315,519240.0,297670.0,-0.242314,52.563803,35,3,2,1,2015-12-26,7,17:30,394,E06000031,3,15,6,50,3,2,3,603,0,5,4,1,1,0,0,1,1,E01015621,201220K004112,1,1,1,1,11,3,3,0,0,0,0,0,1,1,Peterborough
1721900,2015350215415,545170.0,312570.0,0.146501,52.691363,35,3,1,1,2015-12-27,1,15:00,392,E10000003,3,1101,6,50,0,-1,-1,0,0,0,1,2,2,0,0,2,1,E01018096,201220K004122,2,1,1,1,25,5,3,0,0,0,0,0,3,1,Fenland
1721912,2015350216815,540770.0,248610.0,0.054568,52.117893,35,3,2,3,2015-12-21,2,13:30,395,E10000003,3,10,6,50,0,-1,-1,0,0,0,1,2,2,0,0,2,1,E01018240,201220K004292,1,1,2,2,80,11,3,0,0,0,3,0,11,1,South Cambridgeshire
1721913,2015350216915,545740.0,251040.0,0.128143,52.138439,35,2,1,1,2015-12-22,3,17:49,395,E10000003,5,284,6,40,0,-1,-1,0,0,0,6,1,1,0,0,2,1,E01018291,201220K004372,2,1,1,2,30,6,3,0,0,0,0,0,9,1,South Cambridgeshire
1721914,2015350217015,530600.0,246890.0,-0.094535,52.104932,35,3,2,2,2015-12-23,4,11:22,395,E10000003,6,0,6,60,0,-1,-1,0,0,0,1,1,1,0,0,2,1,E01018226,201220K004392,2,1,1,2,35,6,3,0,0,0,0,0,9,1,South Cambridgeshire
1721915,2015350217115,535690.0,265760.0,-0.012716,52.273255,35,3,2,1,2015-12-23,4,12:09,395,E10000003,3,14,3,70,9,4,3,14,0,0,1,1,1,0,0,2,1,E01018223,201220K004502,1,1,3,1,10,2,3,5,2,0,0,0,0,1,South Cambridgeshire
1721916,2015350217215,530570.0,269590.0,-0.086227,52.308907,35,3,2,1,2015-12-23,4,15:35,393,E10000003,3,1096,6,60,3,4,6,0,0,0,1,1,2,0,0,2,1,E01018203,201220K004532,1,1,1,1,21,5,3,0,0,0,0,0,1,1,Huntingdonshire
1721917,2015350217315,519360.0,299230.0,-0.239984,52.577795,35,3,3,7,2015-12-24,5,11:45,394,E06000031,6,0,6,30,6,4,6,0,0,0,1,2,2,0,0,1,1,E01015602,201220K004562,2,1,1,1,42,7,2,0,0,0,0,0,1,-1,Peterborough
1721918,2015350217415,529140.0,269270.0,-0.107313,52.30637,35,3,1,1,2015-12-25,6,09:00,393,E10000003,3,14,3,70,0,-1,-1,0,0,0,1,1,2,0,0,2,1,E01018204,201220K004602,2,1,1,2,45,7,3,0,0,0,0,0,9,1,Huntingdonshire
1721919,2015350217515,547860.0,259310.0,0.162698,52.212174,35,3,2,1,2015-12-29,3,17:18,390,E10000003,3,1134,1,30,1,4,3,1303,0,0,4,1,1,0,0,1,1,E01017946,201220K004732,2,1,1,1,40,7,3,0,0,0,0,0,9,1,Cambridge
1721921,2015350217715,518640.0,303090.0,-0.249222,52.612636,35,3,2,3,2015-12-25,6,15:30,394,E06000031,6,0,6,30,6,4,6,0,0,0,1,4,2,0,0,1,2,E01015685,201220K004732,2,3,3,1,28,6,3,9,6,0,0,0,0,1,Peterborough
1721930,2015350218815,546100.0,308370.0,0.15839,52.653384,35,3,1,2,2015-12-22,3,22:00,392,E10000003,6,0,6,30,0,-1,-1,0,0,0,4,9,1,0,0,1,2,E01033111,201220K004942,2,1,1,1,39,7,3,0,0,0,0,0,1,-1,Fenland
1721934,2015350219215,510510.0,297100.0,-0.371237,52.560522,35,2,1,1,2015-12-21,2,12:20,393,E10000003,3,1,3,70,0,-1,-1,0,0,0,1,1,2,0,0,2,1,E01018127,201220K004972,1,1,2,2,73,10,3,0,0,1,0,0,9,1,Huntingdonshire
1721935,2015350219315,538120.0,256220.0,0.018981,52.186936,35,3,2,2,2015-12-22,3,18:55,395,E10000003,4,1046,6,30,6,4,6,0,0,0,4,2,2,0,0,2,1,E01018232,201220K005002,1,1,2,2,38,7,3,0,0,2,0,0,9,-1,South Cambridgeshire
1721936,2015350219415,544890.0,258340.0,0.118846,52.204247,35,3,1,1,2015-12-20,1,00:15,390,E10000003,6,0,2,20,3,4,6,0,0,0,4,1,1,0,6,1,1,E01032797,201220K005002,1,2,2,1,31,6,3,0,0,2,0,0,9,1,Cambridge
1721937,2015350219515,534190.0,267830.0,-0.033863,52.292222,35,3,2,2,2015-12-27,1,14:30,395,E10000003,5,185,6,60,0,-1,-1,0,0,0,1,1,2,0,0,2,1,E01018277,201220K005002,1,3,2,1,29,6,3,0,0,1,0,0,9,1,South Cambridgeshire
1721938,2015350219615,526200.0,272760.0,-0.149101,52.338412,35,3,1,1,2015-12-27,1,09:43,393,E10000003,3,1123,6,50,0,-1,-1,0,0,0,1,5,2,0,0,2,1,E01018205,201220K005012,1,1,3,2,3,1,2,5,1,0,0,0,0,1,Huntingdonshire
1721939,2015350219715,513410.0,295160.0,-0.329139,52.542494,35,3,2,1,2015-12-27,1,14:44,393,E10000003,3,1,3,70,0,-1,-1,0,0,0,1,2,2,0,0,2,1,E01018127,201220K005022,1,1,1,1,30,6,3,0,0,0,0,0,9,1,Huntingdonshire
1721940,2015350219815,507470.0,299940.0,-0.415143,52.586652,35,3,3,3,2015-12-28,2,11:30,394,E06000031,3,1,3,70,0,-1,-1,0,0,0,1,1,1,0,0,2,1,E01015628,201220K005022,1,3,3,1,-1,-1,3,7,9,0,0,0,0,3,
1721941,2015350219915,516200.0,297810.0,-0.287092,52.565718,35,3,2,1,2015-12-30,4,17:00,394,E06000031,3,1260,7,70,0,-1,-1,0,0,0,4,5,2,0,0,2,1,E01015689,201220K005022,2,2,2,1,30,6,3,0,0,1,0,0,9,1,Peterborough
1721943,2015350220115,546770.0,309630.0,0.168847,52.664522,35,3,2,1,2015-12-30,4,14:10,392,E10000003,5,311,6,30,3,4,6,0,0,0,1,1,1,0,0,1,1,E01018063,201220K005042,2,1,2,1,72,10,3,0,0,0,3,0,11,1,Fenland
1721949,2015350220715,519190.0,276840.0,-0.25049,52.376641,35,3,2,2,2015-12-21,2,19:38,393,E10000003,4,1043,6,60,3,4,4,1043,0,0,4,1,2,0,0,2,1,E01033433,201220K005132,2,3,2,1,41,7,3,0,0,0,0,0,20,1,Huntingdonshire
1721950,2015350220815,551510.0,276870.0,0.223966,52.368934,35,3,1,1,2015-12-22,3,02:35,391,E10000003,5,157,6,60,0,-1,-1,0,0,0,6,1,2,0,0,2,1,E01018053,201220K005142,2,1,2,2,37,7,3,0,0,1,0,0,9,1,East Cambridgeshire
1721951,2015350220915,544810.0,258130.0,0.117587,52.202382,35,2,2,1,2015-12-22,3,17:15,390,E10000003,5,294,6,30,3,4,5,296,0,4,7,1,1,0,0,1,1,E01017986,201220K005202,2,1,1,1,32,6,2,0,0,0,0,0,5,1,Cambridge
1721952,2015350221015,545580.0,290860.0,0.143023,52.496222,35,3,1,1,2015-12-22,3,18:03,392,E10000003,4,1093,6,60,0,-1,-1,0,0,0,6,1,2,0,0,2,1,E01018111,201220K005352,2,1,1,2,26,6,3,0,0,0,0,0,9,1,Fenland
1721956,2015350221415,545000.0,267700.0,0.124468,52.28831,35,2,1,1,2015-12-30,4,12:20,395,E10000003,4,1049,6,30,0,-1,-1,0,0,0,1,4,2,0,0,2,1,E01018234,201220K005392,1,1,2,1,43,7,3,0,0,1,0,0,9,1,