,Accident_Index_x,Location_Easting_OSGR,Location_Northing_OSGR,Longitude,Latitude,Police_Force,Accident_Severity,Number_of_Vehicles,Number_of_Casualties,Date,Day_of_Week,Time,Local_Authority_(District),Local_Authority_(Highway),1st_Road_Class,1st_Road_Number,Road_Type,Speed_limit,Junction_Detail,Junction_Control,2nd_Road_Class,2nd_Road_Number,Pedestrian_Crossing-Human_Control,Pedestrian_Crossing-Physical_Facilities,Light_Conditions,Weather_Conditions,Road_Surface_Conditions,Special_Conditions_at_Site,Carriageway_Hazards,Urban_or_Rural_Area,Did_Police_Officer_Attend_Scene_of_Accident,LSOA_of_Accident_Location,Accident_Index_y,Vehicle_Reference,Casualty_Reference,Casualty_Class,Sex_of_Casualty,Age_of_Casualty,Age_Band_of_Casualty,Casualty_Severity,Pedestrian_Location,Pedestrian_Movement,Car_Passenger,Bus_or_Coach_Passenger,Pedestrian_Road_Maintenance_Worker,Casualty_Type,Casualty_Home_Area_Type,city
1726203,2015405CA1546,509163.0,219337.0,-0.41615,51.861947,40,2,2,3,2015-12-20,1,03:35,421,E06000032,6,0,6,30,0,-1,-1,0,0,0,4,1,1,0,0,2,1,E01015738,201220W036302,1,1,3,2,17,4,2,5,3,0,0,0,0,1,
1726204,2015405CA1550,509815.0,221173.0,-0.406103,51.87832,40,3,3,4,2015-12-24,5,17:02,421,E06000032,3,6,6,30,0,-1,-1,0,0,7,4,1,2,0,0,1,1,E01015789,201220W036982,1,1,3,2,26,6,1,1,1,0,0,0,0,1,
1726206,2015405CA1554,510713.0,222121.0,-0.392759,51.886663,40,3,2,2,2015-12-27,1,13:13,421,E06000032,6,0,6,30,3,4,6,0,0,4,1,1,2,0,0,1,1,E01015781,201220W037012,2,1,1,2,59,9,3,0,0,0,0,0,9,1,
1726207,2015405CA1559,509054.0,220668.0,-0.417313,51.873931,40,3,2,1,2015-12-29,3,15:00,421,E06000032,6,0,6,30,0,-1,-1,0,0,5,1,1,1,0,0,1,2,E01015738,201220W037012,2,2,2,1,61,9,3,0,0,1,0,0,9,1,
1726208,2015405CA1566,507491.0,222988.0,-0.439285,51.895085,40,3,2,1,2015-12-21,2,22:36,421,E06000032,3,5228,6,30,3,4,6,0,0,0,4,1,1,0,0,1,1,E01015786,201220W037032,2,1,1,1,54,8,3,0,0,0,0,0,9,1,
1726209,2015405CA1570,508239.0,224232.0,-0.428029,51.906121,40,3,3,2,2015-12-30,4,15:18,421,E06000032,6,0,6,20,0,-1,-1,0,0,8,1,2,2,0,0,1,1,E01015745,201220W037062,1,1,1,1,31,6,3,0,0,0,0,0,5,1,
1726210,2015405CA1572,509069.0,221695.0,-0.416771,51.883158,40,2,2,1,2015-12-21,2,12:13,421,E06000032,3,6,6,30,6,2,6,0,0,5,1,1,2,0,0,1,1,E01015741,201220W037142,3,1,1,1,39,7,3,0,0,0,0,0,8,1,
1726661,2015405DA1089,500889.0,243482.0,-0.529172,52.080513,40,1,3,3,2015-12-25,6,23:10,420,E06000055,3,421,3,70,0,-1,-1,0,0,0,6,1,2,0,0,2,1,E01017551,201220Z000792,1,39,2,1,24,5,3,0,0,0,4,0,11,1,
1726662,2015405DA1090,510535.0,237994.0,-0.390243,52.029353,40,3,2,3,2015-12-27,1,23:17,424,E06000056,3,507,6,60,0,-1,-1,0,0,0,6,1,2,0,0,2,1,E01017421,201220Z000792,1,40,2,1,22,5,3,0,0,0,4,0,11,1,
1726666,2015405DA1105,500519.0,233862.0,-0.537394,51.994119,40,3,2,1,2015-12-21,2,07:40,424,E06000056,1,1,3,70,0,-1,-1,0,0,0,1,2,2,0,0,2,1,E01017404,201220Z000822,2,1,1,1,30,6,3,0,0,0,0,0,9,1,
1726667,2015405DA1109,503529.0,226634.0,-0.495747,51.928604,40,3,5,2,2015-12-22,3,16:19,424,E06000056,1,1,3,70,0,-1,-1,0,0,0,4,5,2,4,0,2,1,E01017620,201220Z000822,2,2,2,2,31,6,3,0,0,1,0,0,9,1,
1726669,2015405DA1115,493467.0,231567.0,-0.640696,51.974721,40,3,1,1,2015-12-23,4,06:47,424,E06000056,5,194,6,60,0,-1,-1,0,0,0,6,1,2,0,0,2,1,E01017452,201220Z000832,2,1,1,2,35,6,3,0,0,0,0,0,9,3,
1726670,2015405DA1120,502880.0,220821.0,-0.506915,51.876478,40,3,2,1,2015-12-23,4,10:40,424,E06000056,3,5,6,40,0,-1,-1,0,0,0,1,1,1,0,0,1,2,E01017594,201220Z000852,1,1,1,1,22,5,2,0,0,0,0,0,9,1,
1726671,2015405DA1122,494031.0,225571.0,-0.634125,51.920733,40,2,1,1,2015-12-24,5,06:30,424,E06000056,3,4012,6,40,0,-1,-1,0,0,0,6,4,1,0,0,2,1,E01017615,201220Z000852,2,2,1,2,50,8,3,0,0,0,0,0,9,1,
1726672,2015405DA1124,492427.0,224779.0,-0.657654,51.913882,40,3,2,1,2015-12-23,4,12:30,424,E06000056,3,4012,6,20,2,4,6,0,0,1,1,1,1,0,0,1,2,E01017555,201220Z000902,2,1,1,2,30,6,3,0,0,0,0,0,9,3,
1726673,2015405DA1126,501773.0,222157.0,-0.522597,51.888689,40,3,2,1,2015-12-27,1,12:56,424,E06000056,6,0,6,20,0,-1,-1,0,0,1,1,2,2,0,0,1,2,E01017568,201220Z000922,1,1,1,2,39,7,3,0,0,0,0,0,9,1,
1726674,2015405DA1130,492497.0,224715.0,-0.656654,51.913295,40,3,2,1,2015-12-23,4,17:15,424,E06000056,3,4012,1,20,2,4,5,238,0,8,4,1,1,0,0,1,2,E01017575,201220Z000932,2,1,1,1,28,6,3,0,0,0,0,0,9,1,
1726677,2015405DA1135,503312.0,232476.0,-0.497147,51.98115,40,2,2,2,2015-12-21,2,07:55,424,E06000056,3,5120,6,30,8,4,6,0,0,4,4,1,1,0,0,2,1,E01017450,201220Z000972,2,1,1,2,39,7,3,0,0,0,0,0,9,1,
1726678,2015405DA1136,504262.0,222476.0,-0.486348,51.891096,40,3,2,2,2015-12-29,3,15:54,424,E06000056,3,505,3,30,0,-1,-1,0,0,0,1,1,1,0,0,1,1,E01017583,201220Z001012,2,1,1,1,43,7,3,0,0,0,0,0,9,1,
1726680,2015405DA1143,500746.0,233405.0,-0.534223,51.98997,40,2,4,5,2015-12-28,2,11:19,424,E06000056,1,1,3,70,0,-1,-1,0,0,0,1,1,2,0,0,2,1,E01017450,201220Z001012,2,3,2,1,64,9,3,0,0,1,0,0,9,3,
1726682,2015405DA1148,500154.0,223632.0,-0.545686,51.902239,40,3,2,1,2015-12-25,6,12:52,424,E06000056,3,5,6,40,8,4,6,0,0,8,1,2,2,0,0,2,1,E01017578,201220Z001032,2,1,1,1,36,7,3,0,0,0,0,0,19,1,
1726940,20154100A0752,549740.0,221942.0,0.173838,51.875949,41,3,3,3,2015-12-20,1,14:28,432,E10000015,5,125,6,30,3,4,6,353,0,0,1,1,2,0,0,1,1,E01023439,2012212000224,1,1,2,2,23,5,3,0,0,1,0,0,9,-1,East Hertfordshire
1726945,20154100A0764,546712.0,215398.0,0.12711,51.817957,41,2,1,1,2015-12-30,4,22:32,432,E10000015,6,150,6,40,0,-1,-1,0,0,0,6,2,2,0,0,2,1,E01023496,2012212000237,2,1,2,2,39,7,3,0,0,2,0,0,9,1,East Hertfordshire
1727195,20154100B0812,521583.0,209643.0,-0.239275,51.772265,41,3,2,1,2015-12-20,1,03:58,438,E10000015,5,185,1,30,1,4,5,185,0,0,4,1,1,0,0,2,1,E01033314,2012212000685,1,1,2,2,16,4,3,0,0,2,0,0,9,1,Welwyn Hatfield
1727201,20154100B0822,521284.0,207890.0,-0.244217,51.756576,41,3,2,1,2015-12-20,1,16:36,438,E10000015,2,1,7,70,5,4,2,1,0,0,4,1,1,0,0,1,1,E01023938,2012212000693,1,1,2,1,34,6,3,0,0,1,0,0,9,1,Welwyn Hatfield
1727203,20154100B0826,521592.0,208178.0,-0.239657,51.759097,41,2,2,1,2015-12-22,3,01:20,438,E10000015,4,6426,6,30,1,4,4,6426,0,0,4,1,1,0,0,1,1,E01023938,2012212000694,1,1,1,1,18,4,3,0,0,0,0,0,3,1,Welwyn Hatfield
1727206,20154100B0834,523660.0,212083.0,-0.20832,51.793738,41,3,2,1,2015-12-27,1,13:50,438,E10000015,3,6129,1,30,1,4,3,6129,0,7,1,2,2,0,0,1,1,E01023917,2012212000704,1,2,1,2,43,7,3,0,0,0,0,0,9,1,Welwyn Hatfield
1727207,20154100B0835,521947.0,209184.0,-0.234163,51.768061,41,3,2,2,2015-12-27,1,15:03,438,E10000015,2,1,3,70,0,-1,-1,0,0,0,4,2,2,0,0,1,1,E01023921,2012212000704,2,3,1,1,23,5,3,0,0,0,0,0,9,2,Welwyn Hatfield
1727210,20154100B0840,524104.0,215415.0,-0.200693,51.823583,41,3,1,1,2015-12-25,6,17:35,438,E10000015,3,1000,3,70,0,-1,-1,0,0,0,4,2,2,0,0,2,1,E01023962,2012212000707,2,2,1,2,19,4,3,0,0,0,0,0,9,1,Welwyn Hatfield
1727211,20154100B0843,525579.0,217861.0,-0.178416,51.845234,41,3,2,2,2015-12-27,1,15:00,438,E10000015,6,114,6,60,0,-1,-1,0,0,0,1,1,2,0,0,2,1,E01023967,2012212000708,1,1,2,2,21,5,3,0,0,1,0,0,9,1,Welwyn Hatfield
1727212,20154100B0846,529486.0,203899.0,-0.126935,51.718877,41,3,3,1,2015-12-27,1,18:55,438,E10000015,5,154,6,30,0,-1,-1,0,0,0,6,2,2,0,0,2,1,E01023949,2012212000709,1,1,1,1,23,5,3,0,0,0,0,0,9,1,Welwyn Hatfield
1727213,20154100B0847,522703.0,211070.0,-0.222547,51.784845,41,2,2,1,2015-12-21,2,12:45,438,E10000015,3,6129,1,40,1,4,3,6129,0,0,1,2,2,0,0,1,1,E01033311,2012212000710,1,1,3,2,15,3,3,5,1,0,0,0,0,1,Welwyn Hatfield
1727215,20154100B0852,521618.0,208145.0,-0.239292,51.758795,41,3,2,3,2015-12-28,2,14:00,438,E10000015,4,6426,1,30,1,4,6,64,0,0,1,1,2,0,0,1,2,E01023938,2012212000711,1,1,1,1,19,4,3,0,0,0,0,0,9,1,Welwyn Hatfield
1727216,20154100B0853,524535.0,212905.0,-0.195344,51.800931,41,3,2,1,2015-12-25,6,02:00,438,E10000015,6,158,6,30,2,4,5,528,0,0,4,1,1,0,0,1,1,E01023954,2012212000711,3,2,1,1,47,8,3,0,0,0,0,0,9,3,Welwyn Hatfield
1727563,20154100C1184,510000.0,195873.0,-0.411418,51.650898,41,3,2,2,2015-12-20,1,14:10,437,E10000015,5,74,6,30,6,2,6,373,0,5,1,2,2,1,0,1,1,E01023903,2012212001385,1,1,1,1,51,8,3,0,0,0,0,0,9,1,Watford
1727568,20154100C1201,507469.0,196125.0,-0.44791,51.653652,41,3,2,1,2015-12-23,4,17:45,436,E10000015,5,74,6,30,2,4,6,235,0,0,4,1,1,0,0,1,1,E01023822,2012212001393,2,1,1,2,45,7,3,0,0,0,0,0,9,1,Three Rivers
1727569,20154100C1208,508264.0,200162.0,-0.435173,51.689784,41,3,2,2,2015-12-30,4,14:42,436,E10000015,3,41,6,40,0,-1,-1,0,0,0,1,2,2,0,0,2,1,E01023831,2012212001393,2,2,2,2,66,10,3,0,0,1,0,0,9,1,Three Rivers
1727578,20154100C1226,511748.0,198400.0,-0.385355,51.673266,41,3,1,1,2015-12-22,3,17:33,437,E10000015,5,104,6,30,0,-1,-1,0,0,0,4,2,2,0,0,1,1,E01023897,2012212001409,1,1,2,1,82,11,3,0,0,1,0,0,9,1,Watford
1727581,20154100C1232,512841.0,198084.0,-0.369658,51.670207,41,3,3,2,2015-12-20,1,13:08,33,E10000015,3,41,1,60,5,2,3,41,0,0,1,1,1,0,0,2,1,E01023555,2012212001415,1,1,3,2,17,4,2,4,4,0,0,0,0,1,Hertsmere
1727784,20154100D0626,504529.0,206018.0,-0.48743,51.743125,41,2,1,1,2015-12-28,2,21:37,431,E10000015,3,4251,6,30,0,-1,-1,0,0,8,4,2,2,0,0,1,1,E01023354,2012212001746,2,2,1,1,24,5,3,0,0,0,0,0,5,1,Dacorum
1727794,20154100D0660,504504.0,208515.0,-0.487043,51.765572,41,2,1,1,2015-12-26,7,17:30,431,E10000015,6,676,6,30,3,4,6,579,0,0,4,8,2,0,0,1,1,E01023390,2012212001764,1,1,2,1,46,8,3,0,0,1,0,0,8,1,Dacorum
1727796,20154100D0670,506636.0,206636.0,-0.456736,51.748282,41,2,2,1,2015-12-23,4,20:00,431,E10000015,6,1895,2,30,0,-1,-1,0,0,1,4,1,1,0,0,1,2,E01023387,2012212001767,2,1,2,1,23,5,3,0,0,1,0,0,9,-1,Dacorum
1727798,20154100D0674,508955.0,216507.0,-0.42006,51.836553,41,3,2,3,2015-12-23,4,12:43,431,E10000015,1,1,3,70,0,-1,-1,0,0,0,1,1,1,0,0,2,1,E01023430,2012212001770,2,1,1,2,26,6,3,0,0,0,0,0,9,1,Dacorum
1727799,20154100D0675,508084.0,210073.0,-0.434701,51.778896,41,3,1,1,2015-12-28,2,22:05,431,E10000015,6,1514,6,30,3,4,6,1514,0,0,4,1,1,0,0,1,1,E01023437,2012212001772,2,1,2,2,35,6,3,0,0,1,0,0,9,1,Dacorum
1727800,20154100D0678,506634.0,205666.0,-0.457062,51.739565,41,3,1,1,2015-12-28,2,16:00,431,E10000015,6,748,6,30,0,-1,-1,0,0,0,1,1,1,0,0,1,1,E01023360,2012212001780,1,1,1,1,67,10,2,0,0,0,0,0,5,1,Dacorum
1727803,20154100D0684,499240.0,207792.0,-0.563502,51.76003,41,3,1,2,2015-12-30,4,17:50,431,E10000015,3,4251,6,30,3,4,6,378,0,4,1,9,2,0,0,1,2,E01023361,2012212001783,2,1,2,2,23,5,3,0,0,2,0,0,9,1,Dacorum
1727812,20154100D0699,508413.0,206590.0,-0.43102,51.747528,41,3,2,1,2015-12-29,3,00:20,431,E10000015,3,4147,6,30,3,4,6,792,0,0,4,8,2,0,0,1,1,E01023410,2012212001804,1,2,1,2,43,7,3,0,0,0,0,0,9,1,Dacorum
1727965,20154100E0630,524617.0,225657.0,-0.189561,51.915507,41,3,2,2,2015-12-22,3,08:55,435,E10000015,6,330,6,30,3,4,6,199,0,7,1,1,2,0,0,1,2,E01023772,2012212002047,2,1,1,1,29,6,3,0,0,0,0,0,9,1,Stevenage
1727967,20154100E0635,523870.0,222670.0,-0.201489,51.888832,41,3,2,1,2015-12-25,6,19:10,435,E10000015,3,602,1,40,1,4,3,602,0,7,4,1,2,0,0,1,2,E01023786,2012212002049,2,2,1,1,45,7,3,0,0,0,0,0,9,1,Stevenage
1727968,20154100E0640,525898.0,224950.0,-0.171205,51.908866,41,2,1,1,2015-12-30,4,18:23,435,E10000015,6,66,6,30,3,4,6,775,0,0,4,2,2,0,0,1,1,E01023759,2012212002051,1,1,1,1,86,11,3,0,0,0,0,0,9,1,Stevenage
1727969,20154100E0642,524394.0,226129.0,-0.192631,51.919799,41,3,1,1,2015-12-24,5,22:39,435,E10000015,3,1072,1,40,1,4,3,1072,0,7,4,8,2,0,0,2,1,E01023777,2012212002051,2,2,2,1,78,11,3,0,0,2,0,0,9,1,Stevenage
1727970,20154100E0644,526768.0,222637.0,-0.159414,51.887884,41,3,2,2,2015-12-24,5,12:20,435,E10000015,6,479,6,40,3,4,6,500,0,0,1,1,2,0,0,2,1,E01023750,2012212002051,2,3,2,2,74,10,3,0,0,2,0,0,9,-1,Stevenage
1727971,20154100E0645,525872.0,224982.0,-0.171571,51.90916,41,3,2,1,2015-12-21,2,22:00,435,E10000015,6,221,6,30,2,4,6,66,0,8,4,5,2,0,0,1,1,E01023759,2012212002052,1,2,1,1,23,5,3,0,0,0,0,0,9,-1,Stevenage
1727973,20154100E0647,523168.0,225359.0,-0.210724,51.913152,41,3,3,4,2015-12-27,1,14:00,435,E10000015,3,602,3,40,3,4,3,602,0,7,1,2,2,0,0,1,1,E01023776,2012212002054,1,1,1,1,27,6,2,0,0,0,0,0,4,1,Stevenage
1727975,20154100E0653,523746.0,223748.0,-0.202903,51.898546,41,3,2,1,2015-12-29,3,14:00,435,E10000015,3,602,1,40,1,4,4,197,0,0,1,1,1,0,0,1,2,E01023786,2012212002056,1,1,2,2,21,5,2,0,0,2,0,0,9,1,Stevenage
1727980,20154100E0659,525324.0,225368.0,-0.179392,51.912752,41,2,2,1,2015-12-24,5,14:45,435,E10000015,3,1155,6,40,2,4,6,66,0,0,1,1,2,0,0,1,1,E01023780,2012212002057,2,2,1,1,54,8,3,0,0,0,0,0,9,1,Stevenage
1728221,20154100F0790,513239.0,201699.0,-0.362733,51.702617,41,3,2,1,2015-12-23,4,09:58,434,E10000015,5,80,6,30,0,-1,-1,0,0,0,1,1,2,4,2,2,1,E01023733,2012212002468,1,1,1,2,26,6,3,0,0,0,0,0,2,1,St Albans
1728238,20154100F0838,519268.0,203926.0,-0.274769,51.721384,41,3,2,2,2015-12-22,3,18:45,434,E10000015,5,175,6,60,3,4,6,1232,0,0,6,2,2,0,0,2,1,E01023584,2012212002491,1,1,1,2,55,8,3,0,0,0,0,0,9,1,Hertsmere
1728239,20154100F0841,514680.0,207035.0,-0.340135,51.750281,41,3,2,1,2015-12-22,3,17:54,434,E10000015,3,5183,6,30,8,4,-1,-1,0,0,4,2,2,0,0,1,1,E01023743,2012212002498,2,1,2,2,-1,-1,3,0,0,1,0,0,9,1,St Albans
1728242,20154100F0858,515853.0,208885.0,-0.322534,51.766667,41,3,2,1,2015-12-29,3,11:55,434,E10000015,5,62,6,30,6,4,6,519,0,5,1,1,2,0,0,1,1,E01023713,2012212002504,1,1,2,1,21,5,3,0,0,1,0,0,9,1,St Albans
1728245,20154100F0863,514971.0,207184.0,-0.335872,51.751561,41,2,2,1,2015-12-24,5,10:24,434,E10000015,6,140,6,30,3,4,4,691,0,0,1,1,1,0,0,1,1,E01023727,2012212002511,1,1,1,1,19,4,3,0,0,0,0,0,1,1,St Albans
1728497,20154100G0690,518590.0,228876.0,-0.276037,51.94575,41,1,1,1,2015-12-29,3,12:47,433,E10000015,4,656,6,30,8,4,-1,-1,0,0,1,1,1,0,0,1,1,E01023606,2012212002943,1,1,1,2,28,6,3,0,0,0,0,0,9,1,North Hertfordshire
1728498,20154100G0694,535831.0,241866.0,-0.020204,52.058532,41,2,1,1,2015-12-24,5,14:30,433,E10000015,6,907,6,30,3,4,6,1410,0,0,1,1,1,0,0,1,1,E01023661,2012212002945,1,1,1,2,62,9,3,0,0,0,0,0,9,1,North Hertfordshire
1728500,20154100G0696,530240.0,229461.0,-0.106415,51.948405,41,3,2,1,2015-12-21,2,12:15,432,E10000015,5,5,6,60,0,-1,-1,0,0,0,1,5,2,7,0,2,1,E01023663,2012212002948,1,1,1,1,17,4,1,0,0,0,0,0,9,-1,North Hertfordshire
1728501,20154100G0698,518167.0,228691.0,-0.282252,51.944178,41,3,2,1,2015-12-30,4,11:00,433,E10000015,3,602,6,50,3,4,6,371,0,0,1,1,1,0,0,2,1,E01023615,2012212002949,1,1,1,1,37,7,2,0,0,0,0,0,9,1,North Hertfordshire
1728502,20154100G0699,520857.0,227159.0,-0.243674,51.929833,41,3,2,1,2015-12-22,3,08:40,433,E10000015,3,602,3,60,0,-1,-1,0,0,0,1,1,1,0,0,2,2,E01023600,2012212002955,2,1,1,2,56,9,3,0,0,0,0,0,9,1,North Hertfordshire
1728505,20154100G0705,520110.0,228642.0,-0.254016,51.943322,41,3,1,1,2015-12-28,2,03:00,433,E10000015,6,470,6,30,0,-1,-1,0,0,0,5,1,2,0,7,1,1,E01023607,2012212002967,1,1,1,2,21,5,3,0,0,0,0,0,9,1,North Hertfordshire
1728506,20154100G0706,518813.0,229561.0,-0.272558,51.951859,41,2,2,1,2015-12-22,3,14:50,433,E10000015,6,550,6,30,3,4,6,973,0,0,1,1,1,0,0,1,1,E01023601,2012212002968,2,1,1,2,48,8,3,0,0,0,0,0,9,2,North Hertfordshire
1728509,20154100G0712,513719.0,222116.0,-0.349103,51.886014,41,3,2,3,2015-12-21,2,01:45,433,E10000015,6,130,6,60,0,-1,-1,0,0,0,6,1,2,0,0,2,1,E01023625,2012212002970,2,3,1,1,52,8,3,0,0,0,0,0,9,-1,North Hertfordshire
1728758,20154100J0721,514493.0,196437.0,-0.346319,51.655071,41,3,3,2,2015-12-21,2,20:04,33,E10000015,3,41,6,60,3,4,6,1223,0,0,4,8,2,0,0,2,1,E01023555,2012212003371,1,1,2,2,20,4,3,0,0,1,0,0,9,1,Hertsmere
1728760,20154100J0723,518701.0,197938.0,-0.285008,51.667689,41,2,1,1,2015-12-21,2,11:40,33,E10000015,6,478,6,30,3,4,6,487,0,0,1,1,2,0,0,1,1,E01023536,2012212003372,1,1,1,2,23,5,3,0,0,0,0,0,9,1,Hertsmere
1728761,20154100J0731,515088.0,199174.0,-0.336821,51.679548,41,3,2,1,2015-12-23,4,10:40,33,E10000015,4,462,6,30,2,4,6,107,0,0,1,1,1,0,0,2,1,E01023527,2012212003373,2,1,1,1,19,4,3,0,0,0,0,0,4,3,Hertsmere
1728762,20154100J0733,512667.0,196395.0,-0.372717,51.655062,41,3,2,1,2015-12-24,5,12:49,33,E10000015,4,462,1,30,1,4,6,1256,0,8,1,1,2,0,0,1,1,E01023553,2012212003377,2,1,1,2,52,8,3,0,0,0,0,0,9,1,Hertsmere
1728764,20154100J0737,526204.0,201784.0,-0.175185,51.700618,41,3,2,1,2015-12-22,3,19:17,33,E10000015,3,1000,6,30,3,4,6,240,0,0,4,2,2,0,0,2,1,E01023580,2012212003381,1,1,1,1,20,4,3,0,0,0,0,0,3,1,Hertsmere
1728765,20154100J0740,520365.0,196888.0,-0.26132,51.657899,41,3,1,1,2015-12-23,4,14:15,33,E10000015,6,571,6,30,6,4,6,509,0,0,1,1,1,0,0,1,1,E01023541,2012212003382,2,1,2,1,53,8,3,0,0,1,0,0,9,1,Hertsmere
1728766,20154100J0744,521992.0,201419.0,-0.23623,51.698268,41,2,3,2,2015-12-28,2,04:14,33,E10000015,4,556,6,30,0,-1,-1,0,0,0,4,4,2,0,0,2,1,E01023584,2012212003382,2,2,1,1,45,7,3,0,0,0,0,0,9,1,Hertsmere
1728768,20154100J0747,526064.0,201165.0,-0.177433,51.695087,41,3,2,1,2015-12-20,1,19:27,33,E10000015,6,385,6,30,0,-1,-1,0,0,0,4,1,2,0,0,1,1,E01023580,2012212003385,2,1,2,2,18,4,3,0,0,2,0,0,9,3,Hertsmere
1728769,20154100J0753,521995.0,201417.0,-0.236187,51.69825,41,3,1,1,2015-12-27,1,03:15,33,E10000015,4,556,6,30,0,-1,-1,0,0,0,4,2,2,0,0,2,1,E01023584,2012212003390,2,1,1,1,26,6,3,0,0,0,0,0,5,1,Hertsmere
1728971,20154100K0653,535964.0,205369.0,-0.032643,51.730555,41,3,2,1,2015-12-21,2,20:24,430,E10000015,3,10,3,70,0,-1,-1,0,0,0,6,1,1,0,0,2,1,E01023341,2012212003707,2,1,2,1,26,6,3,0,0,1,0,0,9,1,
1728972,20154100K0659,535846.0,209842.0,-0.032605,51.770777,41,3,2,4,2015-12-28,2,19:03,430,E10000015,4,1197,6,40,0,-1,-1,0,0,0,6,1,1,0,0,2,1,E01023319,2012212003709,1,1,2,2,22,5,3,0,0,1,0,0,9,1,East Hertfordshire
1728974,20154100K0665,536630.0,206492.0,-0.022565,51.740484,41,3,2,1,2015-12-20,1,14:00,430,E10000015,3,1170,6,30,3,4,6,605,0,0,1,1,1,0,0,1,1,E01023292,2012212003709,2,3,1,1,26,6,3,0,0,0,0,0,9,1,
1728975,20154100K0668,533738.0,202593.0,-0.065921,51.706145,41,3,5,1,2015-12-21,2,18:39,430,E10000015,4,156,6,30,0,-1,-1,0,0,0,4,1,1,0,0,1,1,E01023314,2012212003710,1,1,1,1,54,8,3,0,0,0,0,0,9,1,
1729040,20154100T1157,513580.0,197682.0,-0.359107,51.666446,41,3,2,2,2015-12-20,1,14:58,33,E10000015,1,1,3,70,0,-1,-1,0,0,0,1,1,2,0,0,1,1,E01023555,2012212003819,2,1,1,2,24,5,3,0,0,0,0,0,1,1,Hertsmere
1729041,20154100T1158,512606.0,198621.0,-0.372882,51.675081,41,2,2,2,2015-12-26,7,01:16,33,E10000015,1,1,3,70,0,-1,-1,0,0,0,4,2,2,0,0,2,1,E01023528,2012212003820,2,1,1,1,38,7,3,0,0,0,0,0,1,1,Watford
1729043,20154100T1160,509524.0,212402.0,-0.413102,51.799548,41,3,4,3,2015-12-23,4,21:55,431,E10000015,1,1,3,70,0,-1,-1,0,0,0,4,2,2,0,0,2,1,E01023431,2012212003823,2,1,1,1,42,7,3,0,0,0,0,0,3,1,St Albans
1729044,20154100T1164,511066.0,205401.0,-0.392986,51.736323,41,3,4,2,2015-12-29,3,12:17,434,E10000015,1,1,3,70,0,-1,-1,0,0,0,1,1,1,0,0,2,1,E01023722,2012212003825,1,1,1,1,62,9,3,0,0,0,0,0,9,1,St Albans
1729105,20154100T2130,521212.0,207483.0,-0.245402,51.752934,41,3,1,1,2015-12-28,2,16:03,438,E10000015,2,1,3,70,1,4,3,1001,0,0,6,1,2,0,0,1,1,E01023938,2012212003921,2,3,1,1,63,9,3,0,0,0,0,0,8,1,Welwyn Hatfield
1729106,20154100T2131,523917.0,221252.0,-0.201315,51.876078,41,3,3,2,2015-12-21,2,09:10,433,E10000015,2,1,3,70,0,-1,-1,0,0,0,1,1,1,0,0,2,1,E01023629,2012212003922,1,2,1,2,20,4,3,0,0,0,0,0,9,1,North Hertfordshire
1729198,20154100T3198,523489.0,199811.0,-0.215149,51.68349,41,2,2,1,2015-12-30,4,16:30,33,E10000015,1,25,3,70,0,-1,-1,0,0,0,1,2,2,0,0,2,2,E01023567,2012212004072,1,1,3,1,21,5,3,1,9,0,0,0,0,1,Hertsmere
1729199,20154100T3199,503277.0,194344.0,-0.509009,51.638429,41,2,6,4,2015-12-23,4,13:10,436,E10000015,1,25,3,70,0,-1,-1,0,0,0,1,1,1,0,0,2,1,E01023835,2012212004085,2,1,1,1,41,7,3,0,0,0,0,0,1,-1,Three Rivers
1729200,20154100T3200,519918.0,203018.0,-0.265675,51.713085,41,3,2,1,2015-12-22,3,09:55,33,E10000015,1,25,3,70,0,-1,-1,0,0,0,1,4,1,0,0,2,1,E01023583,2012212004089,1,1,2,2,19,4,3,0,0,1,0,0,9,1,Hertsmere
1729201,20154100T3201,510883.0,202950.0,-0.396415,51.714331,41,3,2,2,2015-12-23,4,07:20,434,E10000015,1,25,3,70,0,-1,-1,0,0,0,1,1,1,0,0,2,1,E01023732,2012212004089,2,2,1,1,54,8,3,0,0,0,0,0,1,-1,St Albans
1729202,20154100T3203,519374.0,203286.0,-0.273454,51.71561,41,3,1,1,2015-12-30,4,21:13,33,E10000015,1,25,3,70,5,4,1,25,0,0,4,2,2,0,0,2,1,E01023583,2012212004094,1,1,1,1,19,4,3,0,0,0,0,0,9,3,Hertsmere
1729701,2015420036147,570400.0,187204.0,0.456705,51.55798,42,2,2,3,2015-12-20,1,14:40,450,E10000012,3,176,3,50,3,4,6,0,0,0,1,1,2,0,0,2,2,E01021299,2012212005030,1,1,3,2,4,1,3,5,1,0,0,0,0,1,