,Accident_Index_x,Location_Easting_OSGR,Location_Northing_OSGR,Longitude,Latitude,Police_Force,Accident_Severity,Number_of_Vehicles,Number_of_Casualties,Date,Day_of_Week,Time,Local_Authority_(District),Local_Authority_(Highway),1st_Road_Class,1st_Road_Number,Road_Type,Speed_limit,Junction_Detail,Junction_Control,2nd_Road_Class,2nd_Road_Number,Pedestrian_Crossing-Human_Control,Pedestrian_Crossing-Physical_Facilities,Light_Conditions,Weather_Conditions,Road_Surface_Conditions,Special_Conditions_at_Site,Carriageway_Hazards,Urban_or_Rural_Area,Did_Police_Officer_Attend_Scene_of_Accident,LSOA_of_Accident_Location,Accident_Index_y,Vehicle_Reference,Casualty_Reference,Casualty_Class,Sex_of_Casualty,Age_of_Casualty,Age_Band_of_Casualty,Casualty_Severity,Pedestrian_Location,Pedestrian_Movement,Car_Passenger,Bus_or_Coach_Passenger,Pedestrian_Road_Maintenance_Worker,Casualty_Type,Casualty_Home_Area_Type,city
1733784,201543N221125,479848.0,215087.0,-0.842729,51.828703,43,3,2,1,2015-12-21,2,21:27,476,E10000002,6,2146,6,30,3,4,6,2146,0,0,4,1,1,0,0,1,1,E01017706,201222F204105,1,1,1,2,45,7,3,0,0,0,0,0,9,1,
1733794,201543N224125,499850.0,181306.0,-0.562216,51.521855,43,2,1,2,2015-12-27,1,03:39,477,E10000002,3,412,6,40,3,4,6,982,0,0,5,1,2,0,0,1,1,E01017834,201222F204152,1,1,3,1,13,3,3,9,8,0,0,0,0,1,
1733822,201543N229125,486253.0,193440.0,-0.755165,51.633168,43,3,2,1,2015-12-22,3,19:36,480,E10000002,6,3029,6,30,3,2,6,3029,0,0,4,2,2,0,0,1,1,E01017837,201222F204354,1,1,3,1,13,3,3,5,1,0,0,0,0,1,
1733859,201543N234125,503706.0,181228.0,-0.506681,51.52046,43,3,2,1,2015-12-29,3,11:20,477,E10000002,4,470,9,30,0,-1,-1,0,0,0,1,1,1,0,0,2,1,E01017827,201222F204582,1,1,1,1,43,7,3,0,0,0,0,0,9,1,
1733899,201543N241125,492131.0,186837.0,-0.671993,51.572884,43,2,1,1,2015-12-24,5,01:30,477,E10000002,6,979,6,60,0,-1,-1,0,0,0,6,1,1,0,0,2,1,E01017833,201222F204776,1,1,1,2,79,11,3,0,0,0,0,0,9,2,
1733911,201543N243125,500760.0,186170.0,-0.547713,51.565414,43,3,2,1,2015-12-30,4,15:19,477,E10000002,6,911,6,60,0,-1,-1,0,0,0,1,1,1,0,0,2,2,E01017823,201222F204847,1,1,3,2,26,6,3,1,3,0,0,0,0,1,
1734948,201543P225125,452285.0,205957.0,-1.244021,51.749877,43,3,2,1,2015-12-20,1,10:24,482,E10000025,3,420,1,20,1,4,4,480,0,0,1,1,1,0,0,1,1,E01028588,2012232505512,1,1,1,1,54,8,3,0,0,0,0,0,4,1,Oxford
1734994,201543P236125,459653.0,225715.0,-1.133903,51.926765,43,3,3,1,2015-12-21,2,10:08,481,E10000025,3,4421,6,50,8,4,6,0,0,0,1,1,1,0,0,2,1,E01028483,2012232520812,1,1,1,1,38,7,3,0,0,0,0,0,9,1,Cherwell
1735022,201543P245125,428565.0,199391.0,-1.588143,51.692549,43,3,2,1,2015-12-20,1,18:24,483,E10000025,3,4095,6,50,0,-1,-1,0,0,0,6,4,4,0,0,2,1,E01028717,2012232527412,1,1,3,1,40,7,3,5,3,0,0,0,0,1,Vale of White Horse
1735032,201543P247125,456078.0,188076.0,-1.191948,51.588755,43,3,2,1,2015-12-23,4,10:10,484,E10000025,6,116,6,30,8,4,6,0,0,0,1,1,1,0,0,2,2,E01028649,2012232530012,1,1,3,2,13,3,2,1,1,0,0,0,0,1,South Oxfordshire
1735062,201543P253125,444689.0,241945.0,-1.349389,52.074074,43,3,2,1,2015-12-22,3,15:25,481,E10000025,6,120,1,30,2,4,6,0,0,0,1,2,2,0,0,1,2,E01028445,2012232537112,1,1,1,1,49,8,2,0,0,0,0,0,5,1,Cherwell
1735078,201543P257125,442436.0,220138.0,-1.384948,51.878201,43,3,1,2,2015-12-25,6,14:15,485,E10000025,3,44,6,50,0,-1,-1,0,0,0,1,2,2,0,0,2,1,E01032954,2012232542812,1,1,1,2,24,5,3,0,0,0,0,0,9,1,West Oxfordshire
1735091,201543P260125,453024.0,202705.0,-1.233812,51.720571,43,3,2,1,2015-12-27,1,19:35,484,E10000025,3,4074,3,50,0,-1,-1,0,0,0,4,1,2,0,0,2,1,E01028657,2012232546212,1,1,1,1,25,5,3,0,0,0,0,0,9,1,South Oxfordshire
1735100,201543P262125,450384.0,210348.0,-1.270921,51.789527,43,3,3,1,2015-12-22,3,20:40,482,E10000025,3,4165,6,30,3,4,6,0,0,4,4,2,2,0,0,1,1,E01028594,2012232547312,2,1,1,1,48,8,3,0,0,0,0,0,9,-1,Oxford
1735110,201543P264125,473419.0,182063.0,-0.942936,51.53271,43,3,1,1,2015-12-25,6,14:44,484,E10000025,6,330,6,60,8,4,6,0,0,0,1,2,2,0,0,2,1,E01028612,2012232548612,1,5,2,1,60,9,3,0,0,2,0,0,9,1,South Oxfordshire
1735132,201543P270125,430955.0,205321.0,-1.553042,51.745739,43,3,3,1,2015-12-23,4,10:10,485,E10000025,3,4095,6,60,3,4,6,0,0,0,1,1,1,0,0,2,1,E01028784,2012232554012,2,1,1,1,72,10,2,0,0,0,0,0,1,1,West Oxfordshire
1735146,201543P273125,427288.0,215514.0,-1.605356,51.837572,43,3,2,2,2015-12-22,3,08:40,485,E10000025,3,361,6,60,6,4,4,4437,0,0,1,1,1,0,0,2,2,E01028763,2012232557712,2,1,2,2,13,3,3,0,0,2,0,0,9,2,West Oxfordshire
1735178,201543P281125,446481.0,227293.0,-1.325228,51.942204,43,1,3,2,2015-12-30,4,08:06,481,E10000025,3,4260,3,70,0,-1,-1,0,0,0,1,4,1,0,0,2,1,E01028507,2012232568112,2,1,2,2,16,4,3,0,0,1,0,0,9,1,Cherwell
1735188,201543P283125,447453.0,213006.0,-1.313049,51.813679,43,2,2,1,2015-12-26,7,11:07,481,E10000025,3,44,1,50,1,4,6,0,0,0,1,4,1,0,0,2,1,E01028510,2012232569112,1,2,2,1,23,5,3,0,0,2,0,0,9,3,Cherwell
1735196,201543P285125,432745.0,219337.0,-1.525796,51.871651,43,3,1,1,2015-12-29,3,18:54,485,E10000025,4,4437,6,60,0,-1,-1,0,0,0,6,1,1,0,0,2,1,E01028776,2012232569412,2,8,2,2,17,4,3,0,0,2,0,0,8,1,West Oxfordshire
1735207,201543P287125,458425.0,223239.0,-1.152179,51.904636,43,3,1,1,2015-12-28,2,08:39,481,E10000025,6,129,6,30,0,-1,-1,0,0,4,1,1,1,0,0,1,1,E01028462,2012232573212,2,2,2,1,62,9,3,0,0,1,0,0,9,3,Cherwell
1735216,201543P288125,458473.0,224450.0,-1.151276,51.915518,43,3,2,1,2015-12-27,1,16:45,481,E10000025,3,4095,6,50,3,4,6,0,0,0,4,1,1,0,0,1,2,E01028459,2012232576112,2,2,1,2,37,7,3,0,0,0,0,0,9,1,Cherwell
1735256,201543P296125,453992.0,203243.0,-1.219717,51.725315,43,3,2,1,2015-12-25,6,15:45,482,E10000025,6,320,6,20,2,4,6,0,0,0,4,1,2,0,0,1,1,E01028554,2012232590412,1,1,1,1,45,7,2,0,0,0,0,0,5,1,Oxford
1735261,201543P297125,451876.0,203262.0,-1.250346,51.725686,43,3,2,1,2015-12-25,6,19:37,483,E10000025,6,263,6,30,2,4,6,0,0,0,4,1,2,0,0,1,1,E01028734,2012232591212,2,2,1,2,40,7,3,0,0,0,0,0,9,1,Vale of White Horse
1735278,201543P301125,444769.0,189122.0,-1.35504,51.599169,43,3,3,3,2015-12-22,3,15:40,483,E10000025,3,417,6,40,3,4,6,0,0,0,1,5,2,7,0,2,1,E01028730,2012232596412,2,2,1,2,23,5,2,0,0,0,0,0,9,1,Vale of White Horse
1735282,201543P302125,470612.0,206787.0,-0.978415,51.755331,43,3,2,1,2015-12-29,3,07:26,484,E10000025,3,418,1,60,1,4,4,4445,0,0,4,1,2,0,0,1,1,E01028669,2012232597712,1,1,1,1,32,6,3,0,0,0,0,0,9,1,South Oxfordshire
1735288,201543P303125,461512.0,205076.0,-1.110534,51.741021,43,3,2,2,2015-12-29,3,14:45,484,E10000025,6,233,6,60,3,4,6,0,0,0,1,1,1,0,0,2,2,E01028646,2012232598312,1,1,1,1,52,8,3,0,0,0,0,0,19,3,South Oxfordshire
1735294,201543P304125,440093.0,188713.0,-1.422593,51.595843,43,3,2,3,2015-12-29,3,12:03,483,E10000025,3,338,6,30,8,4,6,0,0,4,1,1,1,0,0,1,1,E01028761,2012232599212,2,1,1,1,41,7,3,0,0,0,0,0,9,1,Vale of White Horse
1735343,201543P313125,465088.0,203240.0,-1.059094,51.724112,43,3,2,2,2015-12-25,6,12:33,484,E10000025,3,329,6,40,5,4,1,40,0,0,1,2,2,0,0,2,1,E01028646,2012232612612,1,1,1,1,50,8,2,0,0,0,0,0,5,1,South Oxfordshire
1735349,201543P314125,459784.0,193417.0,-1.137551,51.636392,43,3,2,1,2015-12-23,4,13:27,484,E10000025,3,329,6,30,0,-1,-1,0,0,0,1,1,1,0,0,2,1,E01028606,2012232614612,1,4,3,2,58,9,3,6,9,0,0,0,0,1,South Oxfordshire
1735355,201543P315125,453680.0,204287.0,-1.224073,51.734731,43,3,3,1,2015-12-28,2,12:38,482,E10000025,6,320,6,20,0,-1,-1,0,0,0,1,1,1,0,0,1,1,E01028527,2012232616312,1,1,1,1,-1,-1,3,0,0,0,0,0,9,-1,Oxford
1735377,201543P319125,454957.0,225838.0,-1.202168,51.928353,43,3,4,1,2015-12-29,3,12:07,481,E10000025,1,40,3,70,0,-1,-1,0,0,0,1,1,1,0,0,2,1,E01028477,2012232622412,1,1,2,2,19,4,3,0,0,1,0,0,9,1,Cherwell
1735384,201543P320125,455383.0,219297.0,-1.197022,51.869507,43,3,3,1,2015-12-21,2,12:37,481,E10000025,3,41,3,70,1,2,3,34,0,0,1,1,1,0,0,2,1,E01028424,2012232625712,1,1,1,2,24,5,3,0,0,0,0,0,9,1,Cherwell
1735396,201543P322125,448169.0,215033.0,-1.302382,51.831841,43,3,2,1,2015-12-23,4,16:32,481,E10000025,6,265,6,30,0,-1,-1,0,0,0,4,1,1,0,0,1,1,E01028488,2012232631712,1,1,1,1,31,6,3,0,0,0,0,0,3,2,Cherwell
1735403,201543P323125,435517.0,209572.0,-1.486535,51.783689,43,3,1,1,2015-12-27,1,01:29,485,E10000025,6,410,6,30,0,-1,-1,0,0,0,4,1,1,0,0,1,1,E01028818,2012232633412,1,1,2,1,9,2,2,0,0,2,0,0,9,-1,West Oxfordshire
1735411,201543P324125,452794.0,214124.0,-1.235409,51.823252,43,3,2,1,2015-12-30,4,16:56,481,E10000025,6,260,6,30,3,4,6,0,0,0,6,2,2,0,0,2,1,E01028502,2012232633812,2,2,1,2,51,8,3,0,0,0,0,0,9,3,Cherwell
1735416,201543P325125,455233.0,205415.0,-1.201408,51.744722,43,3,1,1,2015-12-29,3,13:57,482,E10000025,4,4495,1,30,2,4,4,4495,0,8,1,1,1,0,0,1,1,E01028556,2012232634412,1,1,3,1,40,7,1,9,7,0,0,0,0,1,Oxford
1735428,201543P329125,453626.0,203612.0,-1.224959,51.728668,43,3,2,1,2015-12-27,1,17:30,482,E10000025,3,4158,6,30,3,4,6,0,0,4,4,1,2,0,0,1,1,E01028578,2012232638012,1,1,3,2,80,11,3,5,1,0,0,0,0,1,Oxford
1735433,201543P330125,453260.0,190086.0,-1.232315,51.607099,43,2,1,1,2015-12-23,4,09:27,484,E10000025,6,189,6,30,0,-1,-1,0,0,4,1,1,2,0,0,1,1,E01028623,2012232640412,2,2,1,1,33,6,3,0,0,0,0,0,9,1,South Oxfordshire
1735438,201543P331125,434935.0,209731.0,-1.494955,51.785155,43,3,2,1,2015-12-23,4,19:40,485,E10000025,6,410,6,30,3,4,6,0,0,0,4,1,2,0,0,1,2,E01028819,2012232642312,1,1,3,1,35,6,1,5,3,0,0,0,0,-1,West Oxfordshire
1735446,201543P333125,446033.0,196719.0,-1.335795,51.667369,43,3,2,2,2015-12-25,6,15:42,483,E10000025,3,415,6,60,0,-1,-1,0,0,0,1,4,2,0,0,2,1,E01028739,2012232645412,1,1,1,1,30,6,2,0,0,0,0,0,9,1,Vale of White Horse
1735452,201543P334125,438827.0,229144.0,-1.436359,51.959431,43,3,1,1,2015-12-24,5,14:15,485,E10000025,6,234,6,60,0,-1,-1,0,0,0,1,1,1,0,0,2,1,E01028795,2012232646712,2,1,1,1,55,8,3,0,0,0,0,0,9,1,West Oxfordshire
1735472,201543P339125,447648.0,194173.0,-1.312792,51.644345,43,2,1,1,2015-12-29,3,11:41,483,E10000025,4,4017,6,30,3,4,6,0,0,8,1,1,1,0,0,2,1,E01028714,2012232650712,1,1,3,1,69,10,3,5,9,0,0,0,0,3,Vale of White Horse
1735483,201543P341125,448308.0,218118.0,-1.299935,51.859564,43,3,2,1,2015-12-29,3,23:34,481,E10000025,3,4095,6,50,3,4,4,4027,0,0,6,1,2,0,0,2,1,E01028498,2012232652812,1,1,1,1,25,5,3,0,0,0,0,0,9,3,Cherwell
1735533,201543P355125,454122.0,204036.0,-1.217712,51.732432,43,3,3,1,2015-12-30,4,19:20,482,E10000025,4,4495,6,20,3,4,6,0,0,5,4,1,1,0,0,1,2,E01028528,2012232673012,2,1,1,1,-1,-1,3,0,0,0,0,0,3,-1,Oxford
1736220,201543R177125,488090.0,182820.0,-0.731292,51.537419,43,3,2,2,2015-12-20,1,13:00,474,E06000040,6,4447,1,60,2,4,6,7408,0,0,1,1,1,0,0,1,2,E01016572,2012233611112,2,1,1,1,19,4,2,0,0,0,0,0,4,-1,
1736269,201543R188125,497532.0,181481.0,-0.595567,51.523833,43,3,1,1,2015-12-23,4,22:30,473,E06000039,6,7302,6,30,0,-1,-1,0,0,0,4,1,2,0,0,1,2,E01016445,2012233637912,2,1,1,2,50,8,3,0,0,0,0,0,9,3,
1736273,201543R189125,497419.0,179508.0,-0.59774,51.506117,43,3,2,1,2015-12-24,5,10:55,473,E06000039,3,332,6,30,6,2,3,412,1,5,1,1,1,0,0,1,2,E01016462,2012233640212,1,1,1,1,-1,-1,3,0,0,0,0,0,1,-1,
1736307,201543R200125,489687.0,172558.0,-0.710876,51.444921,43,2,2,1,2015-12-26,7,17:59,470,E06000036,3,330,6,30,6,4,4,3022,0,0,4,1,1,0,0,1,1,E01032727,2012233656012,2,1,1,2,-1,-1,3,0,0,0,0,0,9,1,
1736312,201543R201125,496800.0,181993.0,-0.605974,51.528561,43,3,2,1,2015-12-22,3,17:00,473,E06000039,6,7302,6,30,3,4,6,7302,0,0,4,1,1,0,0,1,1,E01016449,2012233659512,1,1,3,1,23,5,3,6,9,0,0,0,0,1,
1736320,201543R203125,496623.0,179380.0,-0.60924,51.505103,43,3,2,1,2015-12-20,1,19:50,473,E06000039,6,7302,1,30,2,4,6,7302,0,8,4,1,1,0,0,1,1,E01016463,2012233662912,1,3,2,1,22,5,3,0,0,1,0,0,9,1,
1736326,201543R204125,486873.0,166072.0,-0.752944,51.387053,43,3,2,3,2015-12-22,3,22:32,470,E06000036,4,3430,6,50,0,-1,-1,0,0,0,1,5,2,0,7,1,1,E01016207,2012233664712,2,2,1,2,51,8,3,0,0,0,0,0,19,1,
1736337,201543R207125,501731.0,177711.0,-0.53615,51.489206,43,3,1,1,2015-12-29,3,15:12,473,E06000039,3,4,6,40,0,-1,-1,0,0,0,1,1,1,0,0,1,1,E01016480,2012233669712,1,1,1,2,25,5,3,0,0,0,0,0,9,1,
1736356,201543R210125,499477.0,177392.0,-0.568693,51.486739,43,3,2,1,2015-12-27,1,11:56,474,E06000040,1,4,3,70,0,-1,-1,0,0,0,1,2,2,0,0,2,1,E01016564,2012233677612,1,1,1,2,34,6,3,0,0,0,0,0,9,-1,
1736363,201543R211125,495947.0,180368.0,-0.618709,51.514099,43,2,2,1,2015-12-24,5,20:15,473,E06000039,3,4,6,30,3,4,6,7302,0,0,4,1,1,0,0,1,1,E01016486,2012236504412,1,1,1,1,23,5,3,0,0,0,0,0,9,1,
1736368,201543R212125,496394.0,180171.0,-0.612323,51.512253,43,2,1,1,2015-12-23,4,22:27,473,E06000039,3,355,3,30,6,2,3,4,0,5,4,2,2,0,0,1,1,E01016465,2012236508612,2,2,2,2,7,2,3,0,0,2,0,0,9,1,
1736377,201543R213125,488219.0,168272.0,-0.733059,51.406623,43,3,1,1,2015-12-24,5,16:40,470,E06000036,6,7002,6,30,3,4,6,7002,0,1,4,1,1,0,0,1,1,E01016224,2012236532112,1,1,1,1,27,6,3,0,0,0,0,0,9,2,
1736382,201543R215125,503257.0,175619.0,-0.514789,51.470126,43,3,1,1,2015-12-30,4,18:50,473,E06000039,6,7305,6,40,0,-1,-1,0,0,0,6,2,2,0,0,1,1,E01016482,2012236534212,1,4,2,1,-1,-1,3,0,0,1,0,0,9,-1,Spelthorne
1736387,201543R216125,497082.0,179517.0,-0.602591,51.506256,43,3,2,1,2015-12-29,3,15:30,473,E06000039,6,7302,2,30,3,4,6,7302,0,8,1,1,1,0,0,1,1,E01016462,2012236539012,1,1,2,1,10,2,3,0,0,1,0,0,9,1,
1736399,201543R218125,501374.0,177972.0,-0.541215,51.491616,43,3,2,1,2015-12-29,3,23:29,473,E06000039,1,4,1,40,1,2,3,4,0,5,4,1,1,0,0,2,2,E01016479,2012236563912,2,2,1,2,19,4,3,0,0,0,0,0,9,3,
1736428,201543R225125,487002.0,168917.0,-0.750394,51.412609,43,2,2,1,2015-12-30,4,14:44,470,E06000036,3,322,1,30,1,4,6,7002,0,0,5,2,2,0,0,1,1,E01016249,2012236588912,2,2,1,1,35,6,3,0,0,0,0,0,9,1,
1736436,201543R227125,485920.0,176271.0,-0.764165,51.478882,43,3,4,2,2015-12-23,4,13:35,474,E06000040,1,4,3,70,0,-1,-1,0,0,0,1,1,1,0,0,2,1,E01016578,2012236595912,1,1,1,1,28,6,2,0,0,0,0,0,19,1,
1736447,201543R229125,502520.0,178185.0,-0.524652,51.493324,43,3,2,2,2015-12-28,2,17:46,473,E06000039,1,4,3,70,0,-1,-1,0,0,0,4,1,1,0,0,2,1,E01016481,2012236609212,2,2,2,1,8,2,3,0,0,2,0,0,9,1,
1736451,201543R230125,485384.0,167042.0,-0.774104,51.395999,43,3,2,1,2015-12-30,4,18:20,470,E06000036,6,7002,6,30,3,4,6,7002,0,0,4,5,2,0,0,1,1,E01016213,2012236625112,2,1,2,1,-1,-1,3,0,0,1,0,0,9,-1,
1736466,201543R235125,486510.0,170316.0,-0.757125,51.42526,43,3,2,1,2015-12-30,4,19:02,470,E06000036,6,7002,6,30,6,4,6,7002,0,0,4,5,2,0,0,1,1,E01016240,2012236644912,1,4,2,1,-1,-1,3,0,0,1,0,0,9,-1,
1736474,201543R237125,488795.0,180776.0,-0.721644,51.518935,43,3,2,1,2015-12-23,4,07:11,474,E06000040,3,308,3,30,8,4,6,0,0,0,1,1,1,0,0,1,1,E01016536,2012236650512,1,1,1,1,50,8,3,0,0,0,0,0,19,1,
1736490,201543R242125,493109.0,181029.0,-0.65942,51.520515,43,3,2,1,2015-12-21,2,05:38,473,E06000039,3,4,6,40,6,1,6,7302,0,0,4,1,1,0,0,1,1,E01016493,2012236674112,1,2,2,2,38,7,3,0,0,1,0,0,9,1,
1736974,201543S101125,486633.0,238993.0,-0.738284,52.042576,43,3,2,1,2015-12-20,1,17:38,479,E06000042,6,1069,6,30,0,-1,-1,0,0,0,4,1,1,0,0,1,1,E01016731,201230B001943,1,1,1,2,25,5,3,0,0,0,0,0,9,1,
1736982,201543S102125,482391.0,241188.0,-0.79959,52.062951,43,3,1,1,2015-12-20,1,15:52,479,E06000042,5,9006,6,60,0,-1,-1,0,0,0,4,1,1,0,0,2,1,E01016841,201230B001948,1,3,2,2,-1,-1,3,0,0,1,0,0,9,2,
1737028,201543S113125,487528.0,234703.0,-0.726334,52.003875,43,3,3,1,2015-12-21,2,17:15,479,E06000042,4,4034,3,40,1,4,5,150,0,0,4,1,2,0,0,1,1,E01033498,201230B002254,2,1,1,1,26,6,3,0,0,0,0,0,1,-1,
1737035,201543S115125,485672.0,239391.0,-0.752192,52.046302,43,3,2,3,2015-12-21,2,17:48,479,E06000042,6,8106,3,30,6,4,6,1098,0,0,4,1,2,0,0,1,1,E01033499,201230B002259,1,6,2,2,73,10,3,0,0,1,0,0,9,2,
1737041,201543S117125,486014.0,235524.0,-0.748178,52.011491,43,3,2,2,2015-12-21,2,16:10,479,E06000042,5,129,6,60,0,-1,-1,0,0,0,4,1,2,0,0,1,1,E01016739,201230B002260,1,1,1,1,86,11,2,0,0,0,0,0,9,3,
1737153,201543S141125,480949.0,240191.0,-0.820855,52.054202,43,3,2,1,2015-12-22,3,19:15,479,E06000042,6,1129,6,30,0,-1,-1,0,0,0,4,2,2,0,0,1,3,E01016840,201230C000073,2,2,1,1,28,6,3,0,0,0,0,0,9,3,
1737159,201543S144125,492939.0,235685.0,-0.647265,52.011823,43,3,1,1,2015-12-29,3,12:15,479,E06000042,3,5130,6,30,0,-1,-1,0,0,0,1,1,1,0,0,1,3,E01016736,201230C000078,2,1,1,1,19,4,3,0,0,0,0,0,9,3,
1737163,201543S145125,483708.0,246029.0,-0.779197,52.106268,43,3,2,1,2015-12-26,7,09:12,479,E06000042,1,1,3,70,0,-1,-1,0,0,0,1,9,-1,0,0,2,3,E01016802,201230C000080,1,2,2,2,76,11,3,0,0,1,0,0,9,1,
1737190,201543S157125,480666.0,248738.0,-0.822961,52.131069,43,3,3,1,2015-12-27,1,17:50,479,E06000042,1,1,3,70,0,-1,-1,0,0,0,6,1,2,0,0,2,1,E01016761,201230C000101,1,1,2,2,18,4,3,0,0,2,0,0,9,-1,
1737197,201543S160125,484662.0,241873.0,-0.766301,52.068767,43,3,2,3,2015-12-30,4,08:00,479,E06000042,5,158,6,60,3,4,6,1145,0,0,1,1,1,0,0,2,1,E01016762,201230C000108,2,1,1,2,26,6,3,0,0,0,0,0,9,1,
1737223,201543S171125,484427.0,239185.0,-0.770392,52.044641,43,2,2,1,2015-12-21,2,14:15,479,E06000042,6,1132,6,30,1,4,6,1132,0,0,1,1,1,0,0,1,1,E01016724,201230C000128,3,3,1,2,62,9,3,0,0,0,0,0,9,1,
1737925,201543W201125,471943.0,173225.0,-0.96601,51.453446,43,3,1,1,2015-12-28,2,19:22,472,E06000038,3,329,3,40,8,2,6,0,0,0,4,1,1,0,0,1,1,E01033418,201230C001680,2,4,2,1,66,10,3,0,0,2,0,0,9,2,
1737932,201543W204125,446966.0,166416.0,-1.326338,51.394844,43,2,1,2,2015-12-25,6,22:50,471,E06000037,3,343,1,30,1,4,3,339,0,4,4,1,2,0,0,1,1,E01016319,201230C001687,1,5,2,2,11,3,3,0,0,2,0,0,9,-1,
1737973,201543W212125,480839.0,168778.0,-0.839022,51.41227,43,3,2,1,2015-12-27,1,08:35,475,E06000041,3,329,6,40,3,4,3,321,0,0,1,8,2,0,0,1,2,E01016626,201230C001715,2,1,1,1,-1,-1,3,0,0,0,0,0,9,1,
1737982,201543W214125,477054.0,170049.0,-0.893159,51.424222,43,3,2,2,2015-12-24,5,16:04,475,E06000041,1,4,3,70,0,-1,-1,0,0,0,4,1,1,0,0,2,1,E01016703,201230C001723,1,1,1,2,29,6,3,0,0,0,0,0,9,2,
1737989,201543W216125,482794.0,165493.0,-0.811684,51.382457,43,3,2,2,2015-12-30,4,19:20,475,E06000041,4,3430,6,40,0,-1,-1,0,0,0,4,2,5,0,0,2,1,E01016705,201230C001726,1,1,1,1,82,11,3,0,0,0,0,0,9,1,
1738031,201543W227125,449903.0,167270.0,-1.284007,51.402272,43,2,1,1,2015-12-29,3,20:20,471,E06000037,6,7152,6,30,0,-1,-1,0,0,1,4,1,1,0,0,1,1,E01016342,201230C001972,1,1,1,2,32,6,3,0,0,0,0,0,9,3,
1738044,201543W230125,470633.0,172528.0,-0.984999,51.447344,43,3,1,1,2015-12-30,4,19:07,472,E06000038,6,7201,6,30,3,2,6,7201,0,5,4,2,2,0,0,1,1,E01016388,201230C001982,1,2,2,1,38,7,3,0,0,1,0,0,9,1,
1738078,201543W241125,474439.0,172012.0,-0.93035,51.442219,43,3,1,1,2015-12-28,2,19:54,475,E06000041,3,329,6,30,5,4,6,0,0,5,4,1,1,0,0,1,1,E01032761,201230C002008,2,2,1,1,16,4,1,0,0,0,0,0,2,1,
1738083,201543W243125,471513.0,173723.0,-0.972097,51.457977,43,2,1,1,2015-12-28,2,03:00,473,E06000039,6,7302,2,30,9,4,6,7302,0,4,4,1,1,0,0,1,1,E01033415,201230C002011,2,1,1,2,54,8,3,0,0,0,0,0,9,1,
1738170,2015440004622,452907.0,109023.0,-1.249366,50.878288,44,3,3,1,2015-12-29,3,11:25,502,E10000014,6,0,3,40,1,4,6,0,0,0,1,1,1,0,0,1,2,E01032859,201230C002294,2,1,1,2,34,6,3,0,0,0,0,0,9,3,Winchester
1742386,2015440446242,487797.0,155855.0,-0.742185,51.295065,44,2,1,1,2015-12-20,1,13:00,499,E10000014,6,0,6,30,3,4,6,0,0,1,1,1,1,0,0,1,1,E01023112,201231C206512,1,1,2,2,14,3,3,0,0,1,0,0,9,1,Rushmoor
1742387,2015440446377,465238.0,151883.0,-1.0664,51.262382,44,3,4,1,2015-12-20,1,12:50,490,E10000014,1,3,6,30,1,2,3,339,0,0,1,1,1,4,0,2,2,E01022468,201231C206812,2,1,1,1,25,5,3,0,0,0,0,0,9,1,Basingstoke and Deane
1742388,2015440446440,443967.0,114033.0,-1.375826,50.924085,44,3,1,1,2015-12-20,1,17:15,500,E06000045,3,3035,6,30,3,4,6,0,0,0,4,5,2,0,0,1,1,E01017177,201231C207412,2,1,2,1,27,6,3,0,0,1,0,0,9,-1,Southampton
1742389,2015440446603,464106.0,111871.0,-1.089707,50.902764,44,3,1,1,2015-12-20,1,18:50,502,E10000014,6,0,6,60,0,-1,-1,0,0,0,6,1,2,0,0,2,1,E01023231,201231C207512,1,1,2,1,23,5,3,0,0,2,0,0,9,1,Winchester
1742390,2015440446608,472242.0,100007.0,-0.976359,50.795135,44,2,1,2,2015-12-20,1,18:24,495,E10000014,6,0,6,30,0,-1,-1,0,0,0,4,2,2,0,0,1,1,E01022938,201231C207512,1,2,1,1,23,5,2,0,0,0,0,0,9,1,
1742391,2015440446617,434951.0,86515.0,-1.506707,50.677252,44,3,1,1,2015-12-20,1,18:14,505,E06000046,4,3399,6,40,0,-1,-1,0,0,0,6,4,1,0,2,2,1,E01033239,201231C207812,1,1,1,1,57,9,3,0,0,0,0,0,9,1,
1742392,2015440446736,461075.0,101728.0,-1.134496,50.811891,44,3,2,1,2015-12-20,1,23:46,493,E10000014,6,0,6,30,3,4,6,0,0,0,4,1,1,0,0,1,2,E01022825,201231C208312,2,1,1,2,25,5,3,0,0,0,0,0,1,-1,