,Accident_Index_x,Location_Easting_OSGR,Location_Northing_OSGR,Longitude,Latitude,Police_Force,Accident_Severity,Number_of_Vehicles,Number_of_Casualties,Date,Day_of_Week,Time,Local_Authority_(District),Local_Authority_(Highway),1st_Road_Class,1st_Road_Number,Road_Type,Speed_limit,Junction_Detail,Junction_Control,2nd_Road_Class,2nd_Road_Number,Pedestrian_Crossing-Human_Control,Pedestrian_Crossing-Physical_Facilities,Light_Conditions,Weather_Conditions,Road_Surface_Conditions,Special_Conditions_at_Site,Carriageway_Hazards,Urban_or_Rural_Area,Did_Police_Officer_Attend_Scene_of_Accident,LSOA_of_Accident_Location,Accident_Index_y,Vehicle_Reference,Casualty_Reference,Casualty_Class,Sex_of_Casualty,Age_of_Casualty,Age_Band_of_Casualty,Casualty_Severity,Pedestrian_Location,Pedestrian_Movement,Car_Passenger,Bus_or_Coach_Passenger,Pedestrian_Road_Maintenance_Worker,Casualty_Type,Casualty_Home_Area_Type,city
1746349,2015450038158,528883.0,152925.0,-0.154254,51.260925,45,3,2,1,2015-12-29,3,09:03,513,E10000030,3,23,6,30,3,4,6,0,0,0,1,1,2,0,0,1,1,E01030598,201232N092512,1,2,2,2,34,6,3,0,0,1,0,0,9,1,Reigate and Banstead
1746350,2015450038162,503715.0,154692.0,-0.514299,51.281938,45,3,1,1,2015-12-29,3,19:30,511,E10000030,4,2215,1,40,1,4,3,247,0,0,6,1,1,0,0,2,2,E01030475,201232N092912,1,1,1,1,26,6,3,0,0,0,0,0,9,1,
1746351,2015450038166,526640.0,151167.0,-0.187004,51.245627,45,3,2,1,2015-12-29,3,09:05,513,E10000030,3,242,1,30,1,4,6,0,0,0,1,1,1,0,0,1,2,E01030616,201232N093012,2,1,1,2,47,8,3,0,0,0,0,0,9,1,Reigate and Banstead
1746352,2015450038197,528128.0,146599.0,-0.167329,51.204241,45,3,2,2,2015-12-28,2,17:00,513,E10000030,3,23,6,40,3,4,5,65,0,0,4,4,1,0,0,1,1,E01030629,201232N093012,2,2,2,2,41,7,3,0,0,1,0,0,9,3,Reigate and Banstead
1746355,2015450038217,487445.0,157896.0,-0.746732,51.313467,45,3,4,1,2015-12-30,4,10:40,515,E10000030,6,3435,6,30,0,-1,-1,0,0,0,1,1,2,0,0,1,1,E01030766,201232N095412,2,3,1,1,47,8,3,0,0,0,0,0,9,3,
1746357,2015450038396,509694.0,160629.0,-0.426781,51.334183,45,3,2,1,2015-12-29,3,07:25,510,E10000030,3,245,3,30,0,-1,-1,0,0,0,4,1,2,0,0,2,2,E01030318,201232N095412,3,2,2,2,31,6,3,0,0,1,0,0,9,1,Elmbridge
1746358,2015450038400,517720.0,142823.0,-0.317475,51.17254,45,3,1,1,2015-12-29,3,23:08,512,E10000030,3,24,3,70,1,4,5,52,0,0,4,2,2,0,0,2,1,E01030515,201232N096612,1,1,2,2,66,10,3,0,0,1,0,0,9,1,Mole Valley
1746359,2015450038430,504323.0,171909.0,-0.50054,51.436584,45,3,2,1,2015-12-30,4,10:04,40,E10000030,3,308,6,30,1,2,3,308,0,0,1,1,1,0,0,1,1,E01030734,201232N096712,2,1,1,2,55,8,2,0,0,0,0,0,1,3,
1746361,2015450039785,521195.0,164381.0,-0.260491,51.365572,45,3,2,1,2015-12-30,4,11:00,38,E10000030,3,240,3,30,3,2,6,0,0,0,1,9,1,0,0,1,2,E01030377,201232N097412,2,2,1,2,82,11,3,0,0,0,0,0,9,1,Epsom and Ewell
1746362,2015450040438,524741.0,159147.0,-0.211413,51.317765,45,3,2,1,2015-12-28,2,00:05,513,E10000030,3,217,3,30,0,-1,-1,0,0,0,7,8,2,0,0,1,2,E01030559,201232N098812,2,1,1,2,25,5,3,0,0,0,0,0,9,1,Reigate and Banstead
1746363,2015450040451,516628.0,166932.0,-0.325226,51.389455,45,3,2,1,2015-12-29,3,15:10,510,E10000030,3,307,6,30,6,2,6,0,0,5,1,1,1,0,0,1,2,E01030322,201232N098912,1,1,1,1,18,4,3,0,0,0,0,0,9,1,Elmbridge
1751043,2015460265069,613470.0,166350.0,1.064571,51.356101,46,3,1,1,2015-12-20,1,13:00,531,E10000016,5,192,6,30,0,-1,-1,0,0,0,1,1,1,0,0,1,2,E01024057,201234TK80052,1,2,2,1,21,5,2,0,0,1,0,0,9,2,
1751051,2015460265093,557450.0,143040.0,0.25052,51.164941,46,3,2,1,2015-12-22,3,14:39,543,E10000016,6,2552,6,30,3,4,6,0,0,0,1,9,1,0,0,1,2,E01024850,201234TK80352,2,3,1,2,27,6,2,0,0,0,0,0,9,-1,Tunbridge Wells
1751055,2015460265102,584110.0,138390.0,0.629045,51.115221,46,3,2,2,2015-12-20,1,18:04,530,E10000016,3,262,6,40,0,-1,-1,0,0,0,6,1,1,0,0,2,1,E01023979,201234TM02502,2,1,1,1,43,7,3,0,0,0,0,0,9,1,Ashford
1751072,2015460265151,573130.0,154640.0,0.480161,51.264623,46,2,2,1,2015-12-22,3,10:45,536,E10000016,3,26,6,30,3,4,6,0,0,0,1,2,2,0,0,1,1,E01024358,201234TM13232,1,1,1,1,52,8,3,0,0,0,0,0,9,3,
1751076,2015460265167,577190.0,146770.0,0.534406,51.19268,46,2,2,1,2015-12-22,3,06:35,536,E10000016,3,229,6,60,0,-1,-1,0,0,0,6,4,2,0,0,2,1,E01024379,201234TM14592,1,1,1,2,21,5,2,0,0,0,0,0,21,-1,
1751080,2015460265177,559620.0,145960.0,0.282825,51.190576,46,3,2,1,2015-12-21,2,10:43,542,E10000016,6,4208,6,30,3,4,6,0,0,0,1,1,2,0,0,1,1,E01024766,201234TM15702,2,1,1,1,64,9,3,0,0,0,0,0,9,1,Tonbridge and Malling
1751081,2015460265188,614830.0,157600.0,1.078806,51.277025,46,3,2,4,2015-12-24,5,12:48,531,E10000016,6,3106,6,30,0,-1,-1,0,0,0,1,5,2,0,0,1,2,E01032807,201234TM16242,2,1,2,2,50,8,3,0,0,1,0,0,9,2,Canterbury
1751082,2015460265189,632800.0,142220.0,1.326038,51.13191,46,3,2,2,2015-12-27,1,19:41,533,E10000016,6,1121,6,60,0,-1,-1,0,0,0,1,1,1,0,0,2,1,E01024238,201234TM16432,2,1,1,1,60,9,3,0,0,0,0,0,9,1,
1751088,2015460265205,633580.0,169870.0,1.355203,51.379793,46,3,2,1,2015-12-21,2,17:00,541,E10000016,3,28,6,30,3,4,6,0,0,4,4,9,1,0,0,1,2,E01024673,201234TM18702,1,3,2,2,29,6,3,0,0,2,0,0,9,1,Thanet
1751089,2015460265209,636620.0,167880.0,1.397483,51.360673,46,3,2,1,2015-12-23,4,17:30,541,E10000016,3,256,1,30,1,4,6,0,0,0,4,2,2,0,0,1,2,E01024691,201234TM18712,3,1,1,1,64,9,3,0,0,0,0,0,21,1,Thanet
1751090,2015460265210,630930.0,141080.0,1.298628,51.122433,46,3,2,2,2015-12-20,1,14:11,533,E10000016,6,3310,6,30,3,4,6,0,0,0,1,1,1,0,0,1,1,E01024214,201234TM19322,2,1,1,1,21,5,3,0,0,0,0,0,9,1,
1751091,2015460265211,581663.0,165930.0,0.608082,51.363382,46,3,1,1,2015-12-20,1,15:25,544,E06000035,3,2,6,30,3,2,4,2004,0,5,4,9,1,0,0,1,2,E01016098,201234TM20002,2,1,1,1,21,5,3,0,0,0,0,0,9,1,
1751092,2015460265212,629990.0,169340.0,1.303364,51.3765,46,3,2,1,2015-12-22,3,14:50,541,E10000016,5,420,6,20,0,-1,-1,0,0,1,1,8,2,0,0,1,2,E01024639,201234TM20362,1,1,2,2,27,6,2,0,0,2,0,0,19,-1,Thanet
1751093,2015460265214,631330.0,141980.0,1.304911,51.130351,46,3,2,1,2015-12-24,5,20:01,533,E10000016,3,256,6,30,6,2,6,0,0,5,4,1,1,0,0,1,1,E01024246,201234TM20382,1,2,1,2,22,5,3,0,0,0,0,0,9,1,
1751094,2015460265218,579460.0,162480.0,0.574734,51.333092,46,3,3,1,2015-12-21,2,17:40,536,E10000016,1,2,3,70,0,-1,-1,0,0,0,4,1,2,0,0,2,1,E01024335,201234TM20382,1,3,2,1,22,5,3,0,0,1,0,0,9,1,
1751095,2015460265227,631540.0,140530.0,1.306977,51.11725,46,3,2,1,2015-12-24,5,14:30,533,E10000016,3,20,3,40,1,4,3,20,0,0,1,8,2,0,0,1,1,E01024249,201234TM20382,2,1,2,2,14,3,3,0,0,1,0,0,19,3,
1751097,2015460265229,616690.0,134900.0,1.09176,51.072502,46,3,2,1,2015-12-21,2,16:30,539,E10000016,3,259,6,30,6,4,6,0,0,0,4,2,2,0,0,1,1,E01024527,201234TM20402,1,2,2,1,20,4,3,0,0,2,0,0,9,1,Folkestone and Hythe
1751098,2015460265248,556920.0,164370.0,0.252296,51.356735,46,2,1,1,2015-12-21,2,17:46,538,E10000016,3,20,6,60,0,-1,-1,0,0,0,1,2,2,0,0,2,1,E01024436,201234TM21062,2,1,1,2,35,6,3,0,0,0,0,0,9,1,Sevenoaks
1751101,2015460265253,555920.0,173370.0,0.241896,51.437873,46,3,1,1,2015-12-23,4,13:40,532,E10000016,3,296,3,30,3,4,6,0,0,0,1,1,2,0,0,1,1,E01024138,201234TM21722,2,1,2,2,-1,-1,3,0,0,1,0,0,9,-1,Dartford
1751102,2015460265255,621580.0,139930.0,1.164533,51.115798,46,3,1,1,2015-12-26,7,19:15,539,E10000016,6,0,6,30,8,4,6,0,0,0,7,9,1,0,0,2,2,E01024541,201234TM21722,4,2,2,2,28,6,3,0,0,1,0,0,9,1,Folkestone and Hythe
1751103,2015460265256,544630.0,154030.0,0.071726,51.26708,46,1,5,6,2015-12-24,5,10:30,538,E10000016,3,25,6,30,3,4,6,0,0,0,1,2,2,0,0,2,1,E01024483,201234TM21972,1,1,1,2,35,6,3,0,0,0,0,0,9,1,Sevenoaks
1751107,2015460265275,587960.0,164120.0,0.697473,51.345078,46,3,3,1,2015-12-23,4,18:40,540,E10000016,3,249,6,60,0,-1,-1,0,0,0,6,1,2,0,0,2,1,E01024554,201234TM23412,2,2,1,2,42,7,3,0,0,0,0,0,9,1,Swale
1751108,2015460265280,553200.0,173330.0,0.202777,51.438255,46,3,2,1,2015-12-21,2,18:20,532,E10000016,4,2174,6,40,0,-1,-1,0,0,0,4,1,2,0,0,2,1,E01024145,201234TM23412,2,3,2,1,0,1,3,0,0,2,0,0,9,1,Dartford
1751113,2015460265294,614570.0,158100.0,1.075384,51.281612,46,3,2,1,2015-12-26,7,23:00,531,E10000016,3,290,1,30,1,4,3,290,0,0,4,1,1,0,0,1,2,E01032808,201234TM25772,7,4,2,1,54,8,3,0,0,1,0,0,9,-1,Canterbury
1751115,2015460265298,558660.0,139620.0,0.266305,51.133879,46,3,1,1,2015-12-22,3,16:22,543,E10000016,6,4306,6,30,3,2,6,0,0,5,4,5,2,0,0,1,1,E01024823,201234TM25782,1,1,1,1,26,6,2,0,0,0,0,0,9,-1,Tunbridge Wells
1751116,2015460265301,586170.0,163100.0,0.671268,51.336505,46,2,5,4,2015-12-22,3,12:42,540,E10000016,3,249,3,70,0,-1,-1,0,0,0,1,5,2,0,0,2,1,E01024570,201234TM28062,1,1,1,1,38,7,3,0,0,0,0,0,9,1,Swale
1751119,2015460265308,577411.0,168391.0,0.548298,51.386831,46,3,1,1,2015-12-23,4,18:55,544,E06000035,3,231,2,30,3,4,6,0,0,0,4,1,1,0,0,1,1,E01016031,201234TM28442,1,1,1,1,21,5,3,0,0,0,0,0,9,1,
1751120,2015460265311,574614.0,167783.0,0.507844,51.382236,46,3,1,1,2015-12-21,2,11:30,544,E06000035,6,0,6,30,0,-1,-1,0,0,1,1,1,1,0,0,1,1,E01016117,201234TM28442,1,2,2,2,25,5,3,0,0,1,0,0,9,1,
1751122,2015460265314,558470.0,173360.0,0.278549,51.437076,46,2,2,1,2015-12-29,3,17:16,532,E10000016,4,255,6,50,0,-1,-1,0,0,0,5,1,2,0,0,2,1,E01024141,201234TM29412,2,1,2,1,32,6,3,0,0,1,0,0,9,1,Dartford
1751124,2015460265318,561840.0,172160.0,0.326443,51.425343,46,3,1,2,2015-12-21,2,13:15,532,E10000016,4,262,6,60,0,-1,-1,0,0,0,1,2,2,0,0,2,1,E01024157,201234TM29942,2,1,1,1,48,8,3,0,0,0,0,0,9,-1,Dartford
1751125,2015460265320,635740.0,144340.0,1.369369,51.149739,46,3,2,1,2015-12-25,6,14:33,533,E10000016,6,2291,6,30,3,4,6,0,0,0,1,2,2,0,0,2,1,E01024236,201234TM30432,2,1,1,1,39,7,3,0,0,0,0,0,9,1,
1751126,2015460265322,574862.0,170158.0,0.512573,51.403495,46,3,2,2,2015-12-21,2,12:45,544,E06000035,3,289,3,50,3,4,6,0,0,0,1,1,1,0,0,2,1,E01016147,201234TM30502,1,1,1,1,37,7,2,0,0,0,0,0,9,1,
1751127,2015460265324,575081.0,171358.0,0.51631,51.414207,46,3,2,2,2015-12-20,1,08:50,544,E06000035,3,229,3,70,1,4,3,228,0,0,1,1,1,0,0,2,2,E01016146,201234TM30552,1,1,1,1,32,6,3,0,0,0,0,0,9,1,
1751130,2015460265328,592370.0,174400.0,0.766282,51.43593,46,3,1,1,2015-12-21,2,20:51,540,E10000016,3,250,6,30,0,-1,-1,0,0,8,4,1,2,0,0,1,1,E01024613,201234TM31272,2,1,1,1,29,6,3,0,0,0,0,0,9,1,Swale
1751131,2015460265330,601260.0,142950.0,0.8763,51.150411,46,3,2,1,2015-12-23,4,11:43,530,E10000016,3,292,2,30,3,2,6,0,0,5,1,1,1,0,0,1,1,E01024027,201234TM32912,1,1,1,1,39,7,3,0,0,0,0,0,9,1,Ashford
1751133,2015460265335,585590.0,162350.0,0.662561,51.329958,46,3,3,3,2015-12-20,1,10:40,540,E10000016,3,249,3,70,0,-1,-1,0,0,0,1,1,1,0,0,2,1,E01024554,201234TM33632,2,1,1,1,50,8,3,0,0,0,0,0,9,3,Swale
1751134,2015460265336,569350.0,160060.0,0.428601,51.31445,46,3,1,1,2015-12-30,4,17:20,542,E10000016,3,228,6,60,0,-1,-1,0,0,0,1,4,1,0,0,2,1,E01032829,201234TM80062,1,1,1,1,54,8,1,0,0,0,0,0,9,1,Tonbridge and Malling
1751138,2015460265346,553680.0,174160.0,0.210037,51.445583,46,3,1,1,2015-12-24,5,19:25,532,E10000016,3,226,6,30,0,-1,-1,0,0,0,4,1,1,0,0,1,1,E01024184,201234TS80112,1,1,1,1,32,6,1,0,0,0,0,0,19,1,Dartford
1751139,2015460265347,557300.0,173300.0,0.261703,51.436863,46,3,2,1,2015-12-21,2,21:45,532,E10000016,3,296,1,30,1,4,6,0,0,0,6,5,2,0,0,2,1,E01024171,201234TS80162,1,1,3,1,79,11,1,5,9,0,0,0,0,-1,Dartford
1751143,2015460265359,578229.0,172683.0,0.562196,51.425129,46,3,1,1,2015-12-23,4,15:30,544,E06000035,6,0,6,30,0,-1,-1,0,0,0,1,9,1,0,0,2,1,E01016076,201234TS80342,1,1,1,1,61,9,1,0,0,0,0,0,9,2,
1751147,2015460265369,638830.0,165180.0,1.427356,51.335515,46,3,2,1,2015-12-24,5,13:30,541,E10000016,4,2054,6,30,3,4,4,2054,0,0,1,2,2,0,0,1,1,E01024671,201234TW80312,2,1,1,1,47,8,1,0,0,0,0,0,9,-1,Thanet
1751148,2015460265372,555330.0,173930.0,0.23366,51.443066,46,3,1,1,2015-12-22,3,16:54,532,E10000016,6,3210,6,30,0,-1,-1,0,0,0,7,5,2,0,0,1,1,E01024161,201234WD00132,1,1,1,1,60,9,3,0,0,0,0,0,21,1,Dartford
1751149,2015460265377,632280.0,141440.0,1.318117,51.125119,46,3,2,1,2015-12-21,2,13:50,533,E10000016,3,20,3,40,7,2,3,256,0,0,1,8,1,0,0,1,1,E01033211,201234WD00182,1,1,1,2,42,7,3,0,0,0,0,0,9,2,
1751152,2015460265381,574680.0,162650.0,0.506272,51.336106,46,2,3,1,2015-12-22,3,08:45,542,E10000016,3,229,3,30,7,2,6,0,0,0,1,1,2,0,0,1,1,E01024721,201234WD02122,2,1,1,2,35,6,3,0,0,0,0,0,9,1,Tonbridge and Malling
1751153,2015460265383,554070.0,173700.0,0.215445,51.441344,46,3,2,1,2015-12-27,1,15:59,532,E10000016,3,225,6,30,3,4,6,0,0,0,1,1,2,0,0,1,1,E01024182,201234WD02242,1,1,1,1,18,4,3,0,0,0,0,0,9,1,Dartford
1751154,2015460265384,612600.0,143850.0,1.038736,51.154396,46,3,2,3,2015-12-22,3,12:52,539,E10000016,6,2701,6,60,0,-1,-1,0,0,0,1,9,2,0,0,2,1,E01024545,201234WD02242,1,2,2,1,17,4,3,0,0,1,0,0,9,1,Folkestone and Hythe
1751155,2015460265387,635500.0,165080.0,1.379573,51.336006,46,3,2,1,2015-12-21,2,12:10,541,E10000016,3,299,1,70,1,4,6,0,0,0,1,4,1,0,0,2,1,E01024651,201234WD02242,1,3,2,1,16,4,3,0,0,2,0,0,9,2,Thanet
1751157,2015460265391,575420.0,167940.0,0.519492,51.383398,46,3,1,1,2015-12-21,2,22:45,544,E06000035,5,460,6,30,0,-1,-1,0,0,0,4,1,2,0,0,1,1,E01016110,201234WD02262,2,1,1,1,48,8,3,0,0,0,0,0,9,1,
1751161,2015460265407,559980.0,139890.0,0.285275,51.135938,46,3,2,1,2015-12-22,3,08:27,543,E10000016,3,264,6,40,3,4,6,0,0,0,1,1,1,0,0,1,1,E01024822,201234WD03592,2,1,1,1,39,7,3,0,0,0,0,0,9,3,Tunbridge Wells
1751162,2015460265410,555790.0,175180.0,0.240824,51.454171,46,3,1,1,2015-12-22,3,12:30,532,E10000016,3,282,9,30,0,-1,-1,0,0,1,1,1,2,0,0,2,2,E01024155,201234WD03802,2,1,1,2,44,7,3,0,0,0,0,0,9,-1,Dartford
1751165,2015460265416,553080.0,173390.0,0.201077,51.438827,46,3,2,2,2015-12-23,4,23:15,532,E10000016,4,2174,3,40,3,2,6,0,0,0,4,1,1,0,0,1,1,E01024145,201234WD04352,2,2,1,1,63,9,3,0,0,0,0,0,9,-1,Dartford
1751169,2015460265427,550920.0,138940.0,0.155481,51.129859,46,3,1,1,2015-12-23,4,01:58,543,E10000016,3,264,6,30,0,-1,-1,0,0,0,5,2,2,0,7,2,1,E01024851,201234WD05062,2,1,1,1,44,7,3,0,0,0,0,0,9,-1,Tunbridge Wells
1751170,2015460265433,574515.0,168428.0,0.506739,51.388061,46,3,2,3,2015-12-25,6,02:25,544,E06000035,3,2,3,30,6,2,6,0,0,4,4,1,1,0,0,1,1,E01016130,201234WD05312,1,1,1,1,48,8,2,0,0,0,0,0,5,1,
1751171,2015460265446,631080.0,165750.0,1.316667,51.343832,46,3,2,1,2015-12-27,1,18:40,541,E10000016,3,299,3,50,1,4,3,299,0,4,4,1,1,0,0,2,1,E01024704,201234WD05522,1,1,2,1,47,8,2,0,0,1,0,0,19,1,Thanet
1751177,2015460265468,597820.0,146910.0,0.829355,51.187175,46,3,1,1,2015-12-30,4,16:12,530,E10000016,1,20,3,70,0,-1,-1,0,0,0,1,1,1,0,0,2,1,E01023990,201234WD06722,2,1,1,1,32,6,3,0,0,0,0,0,9,1,Ashford
1751178,2015460265482,576440.0,161710.0,0.531047,51.327119,46,3,2,2,2015-12-25,6,11:00,536,E10000016,3,2045,6,60,3,4,6,0,0,0,1,1,1,0,0,2,1,E01024335,201234WD07632,1,1,1,2,62,9,3,0,0,0,0,0,9,-1,
1751180,2015460265488,557560.0,175000.0,0.266197,51.452064,46,3,2,1,2015-12-24,5,05:45,532,E10000016,3,206,1,40,1,4,6,0,0,4,7,1,1,0,0,1,3,E01024172,201234WD07792,1,1,1,1,33,6,2,0,0,0,0,0,9,1,Dartford
1751183,2015460265505,563500.0,171410.0,0.349953,51.418129,46,3,2,2,2015-12-27,1,14:00,535,E10000016,3,2,3,70,0,-1,-1,0,0,0,1,1,1,0,0,2,1,E01024269,201234WD08882,2,2,1,1,26,6,3,0,0,0,0,0,9,1,Gravesham
1751185,2015460265515,558480.0,173480.0,0.278746,51.438151,46,3,2,2,2015-12-29,3,12:41,532,E10000016,4,255,3,50,0,-1,-1,0,0,0,1,1,2,0,0,2,1,E01024172,201234WD08902,1,1,3,1,17,4,2,5,1,0,0,0,0,2,Dartford
1751186,2015460265521,560690.0,172690.0,0.310157,51.430432,46,2,4,1,2015-12-29,3,13:20,532,E10000016,3,2,3,70,0,-1,-1,0,0,0,1,1,1,0,0,2,1,E01024157,201234WD09532,2,1,2,2,60,9,3,0,0,1,0,0,9,2,Dartford
1751188,2015460265531,621250.0,146440.0,1.163823,51.174374,46,3,1,1,2015-12-22,3,14:20,533,E10000016,3,260,6,30,0,-1,-1,0,0,0,1,5,2,0,2,2,1,E01024203,201234WD09562,1,1,1,1,25,5,3,0,0,0,0,0,9,1,
1751190,2015460265536,555800.0,147240.0,0.22876,51.203131,46,3,1,1,2015-12-30,4,20:42,542,E10000016,3,21,3,70,5,4,6,0,0,0,6,5,2,0,0,2,1,E01024752,201234WD09572,1,1,1,2,37,7,3,0,0,0,0,0,9,1,Sevenoaks
1751191,2015460265537,613500.0,157680.0,1.059814,51.278243,46,3,2,1,2015-12-28,2,16:40,531,E10000016,6,3105,6,30,3,4,6,0,0,8,1,1,1,0,0,1,1,E01024126,201234WD09582,2,1,1,2,45,7,3,0,0,0,0,0,9,1,Canterbury
1751192,2015460265541,558510.0,162280.0,0.274182,51.337516,46,3,2,2,2015-12-27,1,19:00,538,E10000016,1,20,3,70,0,-1,-1,0,0,0,6,1,1,0,0,2,1,E01024435,201234WD09582,2,2,2,1,17,4,3,0,0,1,0,0,9,1,Sevenoaks
1751193,2015460265542,601640.0,160910.0,0.891825,51.311567,46,3,2,1,2015-12-28,2,16:46,540,E10000016,6,4017,6,30,2,4,6,0,0,0,4,1,1,0,0,1,1,E01024553,201234WD10322,1,1,2,1,17,4,3,0,0,1,0,0,9,-1,Swale
1751194,2015460265547,558480.0,173500.0,0.278755,51.438331,46,3,5,1,2015-12-27,1,13:40,532,E10000016,4,255,3,50,5,4,6,0,0,0,1,1,1,0,0,2,1,E01024172,201234WD10332,1,1,1,2,39,7,3,0,0,0,0,0,9,1,Dartford
1751198,2015460265553,631720.0,141600.0,1.310231,51.126782,46,3,1,1,2015-12-22,3,11:55,533,E10000016,6,3309,2,30,0,-1,-1,0,0,0,1,1,1,0,0,1,1,E01024215,201234WD10662,2,1,1,2,30,6,3,0,0,0,0,0,9,1,
1751199,2015460265555,564490.0,159840.0,0.358829,51.313898,46,3,1,1,2015-12-27,1,17:50,542,E10000016,5,22,6,60,0,-1,-1,0,0,0,6,1,1,0,0,2,1,E01032829,201234WD11112,2,1,2,2,12,3,3,0,0,1,0,0,9,1,Tonbridge and Malling
1751203,2015460265575,555190.0,143560.0,0.218447,51.170231,46,3,2,2,2015-12-29,3,09:30,543,E10000016,6,231,6,60,3,4,4,2176,0,0,1,2,2,0,0,2,1,E01024854,201234WD11152,2,1,1,1,31,6,3,0,0,0,0,0,9,-1,Tunbridge Wells
1751205,2015460265580,633430.0,169660.0,1.352913,51.37797,46,3,1,1,2015-12-20,1,13:29,541,E10000016,6,4149,6,30,0,-1,-1,0,0,0,1,1,1,0,0,1,1,E01024673,201234WD11872,3,1,1,2,33,6,3,0,0,0,0,0,9,1,
1751206,2015460265609,552630.0,167620.0,0.192126,51.387104,46,3,3,3,2015-12-20,1,11:33,538,E10000016,3,20,1,60,1,2,4,2173,0,5,1,2,2,0,0,2,1,E01024473,201234WD11882,2,1,1,1,-1,-1,2,0,0,0,0,0,5,-1,Sevenoaks
1751207,2015460265613,564580.0,149410.0,0.355322,51.220167,46,3,2,1,2015-12-30,4,09:55,542,E10000016,5,33,6,60,0,-1,-1,0,0,0,1,1,2,0,0,2,1,E01024745,201234WD11892,1,1,3,1,58,9,3,5,3,0,0,0,0,1,Tonbridge and Malling
1751209,2015460265625,573890.0,158750.0,0.493042,51.301313,46,3,2,1,2015-12-30,4,11:13,536,E10000016,5,349,6,40,3,4,6,0,0,0,1,4,2,0,0,1,1,E01024335,201234WD12172,1,1,1,1,26,6,2,0,0,0,0,0,9,2,
1751210,2015460265630,601550.0,161580.0,0.890914,51.317615,46,3,2,1,2015-12-21,2,15:40,540,E10000016,4,2040,6,30,3,4,6,0,0,0,1,2,2,0,0,1,2,E01024602,201234WD12702,2,1,1,2,57,9,3,0,0,0,0,0,9,3,Swale
1751211,2015460265677,578713.0,168040.0,0.566813,51.38327,46,2,3,2,2015-12-30,4,17:30,544,E06000035,5,378,6,30,0,-1,-1,0,0,0,4,2,2,0,0,1,1,E01016040,201234WD12762,2,1,1,1,6,2,3,0,0,0,0,0,1,-1,
1751216,2015460265750,574850.0,155270.0,0.505097,51.269758,46,3,2,2,2015-12-25,6,16:00,536,E10000016,3,26,6,30,3,4,6,0,0,0,4,1,2,0,0,1,1,E01024356,201234WD14112,2,2,2,1,76,11,3,0,0,1,0,0,9,3,
1751217,2015460265760,564420.0,173920.0,0.364336,51.440413,46,3,1,1,2015-12-30,4,13:00,535,E10000016,6,3523,6,30,3,4,6,0,0,0,1,1,1,0,0,1,1,E01024290,201234WD14122,2,1,1,1,55,8,3,0,0,0,0,0,9,1,Gravesham
1751219,2015460265813,561010.0,145500.0,0.302493,51.186054,46,3,1,2,2015-12-24,5,21:55,543,E10000016,4,2017,6,40,3,3,6,0,0,0,6,9,1,0,0,2,1,E01024798,201234WD14412,1,2,1,2,19,4,3,0,0,0,0,0,9,1,Tonbridge and Malling
1751220,2015460265817,590150.0,164670.0,0.729174,51.34929,46,3,2,1,2015-12-24,5,12:54,540,E10000016,6,4001,6,30,0,-1,-1,0,0,0,1,1,1,0,0,1,1,E01024582,201234WD14412,2,1,1,2,41,7,3,0,0,0,0,0,9,1,Swale
1751226,2015460265936,554130.0,174050.0,0.216459,51.444472,46,3,1,1,2015-12-27,1,03:33,532,E10000016,6,3204,6,30,9,4,6,0,0,0,4,9,4,0,0,1,1,E01024182,201234WD16092,1,1,2,1,22,5,3,0,0,1,0,0,9,1,Dartford
1751228,2015460266187,576700.0,153910.0,0.530918,51.256971,46,3,1,1,2015-12-29,3,12:30,536,E10000016,3,229,3,30,0,-1,-1,0,0,8,1,9,2,0,0,1,1,E01024405,201234WD16372,1,1,2,2,20,4,3,0,0,2,0,0,9,1,
1751229,2015460266188,617610.0,163540.0,1.122222,51.329302,46,2,1,1,2015-12-21,2,22:22,531,E10000016,3,291,6,60,0,-1,-1,0,0,0,6,2,2,0,0,2,1,E01024110,201234WD16372,1,2,2,2,24,5,3,0,0,2,0,0,9,-1,Canterbury
1751233,2015460266193,577480.0,166988.0,0.548588,51.374207,46,2,1,1,2015-12-30,4,21:08,544,E06000035,3,2,6,30,0,-1,-1,0,0,4,4,2,2,0,0,1,1,E01016061,201234WD16812,1,1,1,1,-1,-1,2,0,0,0,0,0,9,1,
1751235,2015460266195,614030.0,158240.0,1.067736,51.283072,46,3,1,1,2015-12-29,3,12:20,531,E10000016,5,403,6,30,3,4,6,0,0,4,1,1,1,0,0,1,1,E01024122,201234WD17262,1,2,2,1,17,4,3,0,0,1,0,0,9,1,Canterbury