,Accident_Index_x,Location_Easting_OSGR,Location_Northing_OSGR,Longitude,Latitude,Police_Force,Accident_Severity,Number_of_Vehicles,Number_of_Casualties,Date,Day_of_Week,Time,Local_Authority_(District),Local_Authority_(Highway),1st_Road_Class,1st_Road_Number,Road_Type,Speed_limit,Junction_Detail,Junction_Control,2nd_Road_Class,2nd_Road_Number,Pedestrian_Crossing-Human_Control,Pedestrian_Crossing-Physical_Facilities,Light_Conditions,Weather_Conditions,Road_Surface_Conditions,Special_Conditions_at_Site,Carriageway_Hazards,Urban_or_Rural_Area,Did_Police_Officer_Attend_Scene_of_Accident,LSOA_of_Accident_Location,Accident_Index_y,Vehicle_Reference,Casualty_Reference,Casualty_Class,Sex_of_Casualty,Age_of_Casualty,Age_Band_of_Casualty,Casualty_Severity,Pedestrian_Location,Pedestrian_Movement,Car_Passenger,Bus_or_Coach_Passenger,Pedestrian_Road_Maintenance_Worker,Casualty_Type,Casualty_Home_Area_Type,city
1759187,201550KE5O016,296380.0,90431.0,-3.468752,50.704255,50,3,2,1,2015-12-30,4,00:35,580,E10000008,1,5,3,70,0,-1,-1,0,0,0,6,5,2,0,0,2,1,E01019898,2012370396312,2,2,1,2,38,7,3,0,0,0,0,0,9,1,Exeter
1759272,201550KN3G005,320387.0,90890.0,-3.128963,50.712169,50,3,1,2,2015-12-26,7,14:48,580,E10000008,3,3052,6,60,0,-1,-1,0,0,0,1,4,1,0,0,2,1,E01019890,2012370412212,1,1,1,1,28,6,3,0,0,0,0,0,9,1,East Devon
1759321,201550KO2N003,290454.0,96210.0,-3.554358,50.755117,50,3,3,2,2015-12-24,5,12:00,580,E10000008,3,377,6,30,8,4,6,0,0,0,1,1,2,0,0,2,1,E01019903,2012370427612,2,1,1,1,41,7,3,0,0,0,0,0,9,1,East Devon
1759334,201550KO2W013,309441.0,97676.0,-3.285628,50.771574,50,3,1,1,2015-12-20,1,23:54,580,E10000008,3,30,3,70,0,-1,-1,0,0,0,1,1,2,0,0,2,1,E01032628,2012370429412,1,1,3,1,9,2,3,5,4,0,0,0,0,3,East Devon
1759339,201550KO2X005,303722.0,90615.0,-3.364861,50.707172,50,3,2,3,2015-12-24,5,08:55,580,E10000008,3,3052,6,30,0,-1,-1,0,0,0,1,1,2,0,0,2,1,E01019939,2012370430212,2,1,1,1,61,9,2,0,0,0,0,0,1,3,East Devon
1759340,201550KO2X006,303711.0,90614.0,-3.365016,50.707162,50,2,2,1,2015-12-29,3,12:23,580,E10000008,3,3052,6,50,0,-1,-1,0,0,0,1,1,1,0,0,2,1,E01019939,2012370430312,2,1,1,1,65,9,3,0,0,0,0,0,1,3,East Devon
1759450,201550KU2J009,302057.0,105060.0,-3.392284,50.836754,50,3,1,1,2015-12-25,6,05:22,586,E10000008,4,3181,6,60,0,-1,-1,0,0,0,6,2,2,0,0,2,2,E01020056,2012370450112,2,1,1,1,43,7,3,0,0,0,0,0,9,1,Mid Devon
1759467,201550KU2S007,298022.0,110503.0,-3.451085,50.884986,50,3,2,1,2015-12-23,4,11:53,586,E10000008,6,0,6,30,0,-1,-1,0,0,0,1,1,2,0,0,2,2,E01020059,2012370456512,1,1,2,2,26,6,3,0,0,1,0,0,9,1,Mid Devon
1760403,2015520509092,323835.0,125279.0,-3.087308,51.021818,52,3,2,1,2015-12-22,3,12:23,608,E10000027,3,38,3,40,0,-1,-1,0,0,0,1,1,1,0,0,1,2,E01029292,2012400BA0748,2,1,1,2,70,10,3,0,0,0,0,0,9,-1,Somerset West and Taunton
1760409,2015520509104,330071.0,137109.0,-3.000704,51.128972,52,3,2,1,2015-12-21,2,13:30,607,E10000027,6,0,9,30,9,4,6,0,0,0,1,9,2,0,0,1,2,E01029095,2012400BA0761,2,1,1,1,25,5,2,0,0,0,0,0,1,1,Sedgemoor
1760412,2015520509149,331028.0,140072.0,-2.987599,51.155728,52,3,2,1,2015-12-20,1,13:55,607,E10000027,3,38,3,70,0,-1,-1,0,0,0,1,1,1,0,0,2,1,E01029090,2012400BA0762,2,3,2,2,50,8,3,0,0,2,0,0,9,-1,Sedgemoor
1760419,2015520509216,324265.0,126257.0,-3.081383,51.030667,52,3,2,1,2015-12-28,2,21:45,608,E10000027,6,0,1,40,1,4,6,0,0,0,4,2,2,0,0,2,2,E01029319,2012400BA0767,1,2,2,2,13,3,3,0,0,1,0,0,9,2,Somerset West and Taunton
1760421,2015520509224,307720.0,141011.0,-3.321034,51.16088,52,3,2,1,2015-12-29,3,09:20,609,E10000027,6,0,6,30,8,4,6,0,0,5,1,1,1,0,0,2,2,E01029343,2012400BA0769,1,1,1,1,44,7,2,0,0,0,0,0,5,1,Somerset West and Taunton
1760427,2015520600009,318002.0,126347.0,-3.170696,51.030616,52,3,2,1,2015-12-29,3,20:30,608,E10000027,4,3227,6,60,0,-1,-1,0,0,0,6,2,2,0,0,2,2,E01032651,2012400BA0780,1,1,1,1,56,9,3,0,0,0,0,0,1,1,Somerset West and Taunton
1760432,2015520600077,334738.0,154087.0,-2.937114,51.282168,52,3,4,1,2015-12-20,1,14:15,607,E10000027,3,370,6,60,0,-1,-1,0,0,0,1,1,2,0,0,2,1,E01029089,2012400BA0788,2,1,1,2,53,8,3,0,0,0,0,0,9,3,Sedgemoor
1760435,2015520600104,348814.0,138190.0,-2.733038,51.140677,52,2,1,1,2015-12-20,1,16:09,606,E10000027,3,39,6,30,3,2,6,0,0,5,4,1,1,0,0,2,1,E01029047,2012400BA0797,1,1,1,1,35,6,3,0,0,0,0,0,1,-1,Mendip
1760437,2015520600130,356723.0,116380.0,-2.61738,50.945223,52,3,2,1,2015-12-20,1,20:55,610,E10000027,3,30,6,30,1,4,6,0,0,0,4,1,1,0,0,1,1,E01029239,2012400BA0799,2,1,1,2,35,6,3,0,0,0,0,0,9,1,South Somerset
1760454,2015520600299,356124.0,115871.0,-2.625844,50.940601,52,2,1,1,2015-12-28,2,19:51,610,E10000027,6,0,6,30,3,4,6,0,0,5,4,4,1,0,0,1,1,E01029234,2012400BA0824,2,1,1,1,44,7,3,0,0,0,0,0,1,-1,South Somerset
1760455,2015520600358,307844.0,142975.0,-3.319766,51.178556,52,3,1,1,2015-12-20,1,20:23,609,E10000027,6,0,6,30,3,4,6,0,0,0,4,1,2,0,0,2,1,E01032635,2012400BA0825,1,1,3,2,9,2,3,1,1,0,0,0,0,1,Somerset West and Taunton
1760461,2015520600426,309417.0,132453.0,-3.29462,51.084217,52,3,2,2,2015-12-21,2,15:14,609,E10000027,4,3188,6,60,0,-1,-1,0,0,0,1,1,2,0,0,2,1,E01029268,2012400BA0835,1,1,1,1,20,4,2,0,0,0,0,0,9,1,Somerset West and Taunton
1760462,2015520600436,362465.0,154974.0,-2.539682,51.292651,52,3,2,1,2015-12-20,1,10:47,606,E10000027,3,37,9,50,3,4,3,39,0,0,1,1,1,0,0,2,1,E01029018,2012400BA0837,3,1,1,1,23,5,3,0,0,0,0,0,9,-1,Mendip
1760464,2015520600506,348788.0,133190.0,-2.732698,51.095718,52,3,3,2,2015-12-28,2,11:34,610,E10000027,4,3151,6,40,0,-1,-1,0,0,0,1,9,1,0,0,2,1,E01029224,2012400BA0842,1,1,3,1,15,3,3,5,9,0,0,0,0,-1,South Somerset
1760465,2015520600578,346239.0,153758.0,-2.77218,51.280414,52,2,1,2,2015-12-28,2,12:45,607,E10000027,4,3135,6,30,0,-1,-1,0,0,0,1,1,1,0,0,2,1,E01029126,2012400BA0843,1,1,1,1,25,5,3,0,0,0,0,0,5,3,Sedgemoor
1760467,2015520600582,296262.0,146808.0,-3.48651,51.211024,52,3,1,3,2015-12-29,3,22:40,609,E10000027,6,0,6,60,0,-1,-1,0,0,0,6,2,2,0,0,2,1,E01029330,2012400BA0846,2,1,1,1,31,6,3,0,0,0,0,0,1,1,Somerset West and Taunton
1760470,2015520600611,341014.0,153981.0,-2.847122,51.281901,52,3,2,1,2015-12-29,3,12:45,607,E10000027,3,38,6,50,0,-1,-1,0,0,0,1,1,1,0,0,2,1,E01029086,2012400BA0855,1,1,3,1,45,7,3,5,1,0,0,0,0,-1,Sedgemoor
1760473,2015520600634,321914.0,126025.0,-3.114852,51.028267,52,2,2,1,2015-12-29,3,17:20,608,E10000027,3,358,6,30,0,-1,-1,0,0,0,4,1,2,0,0,1,1,E01029276,2012400BA0862,2,1,1,2,19,4,3,0,0,0,0,0,9,-1,Somerset West and Taunton
1760475,2015520600650,371146.0,121794.0,-2.412521,50.994812,52,3,2,1,2015-12-29,3,12:15,610,E10000027,3,357,9,60,0,-1,-1,0,0,5,1,1,2,0,0,2,1,E01029156,2012400BA0865,2,1,2,2,57,9,3,0,0,1,0,0,9,3,South Somerset
1760476,2015520600686,357990.0,124267.0,-2.600261,51.016236,52,3,2,2,2015-12-24,5,13:50,610,E10000027,6,0,6,60,6,4,6,0,0,0,1,1,1,0,0,2,1,E01029165,2012400BA0866,2,1,1,2,40,7,3,0,0,0,0,0,9,1,South Somerset
1760478,2015520600690,323387.0,125005.0,-3.093636,51.019295,52,3,2,1,2015-12-22,3,16:55,608,E10000027,3,3038,1,30,1,4,3,3038,0,0,4,5,2,0,0,1,1,E01029285,2012400BA0871,1,1,3,2,42,7,3,4,1,0,0,0,0,-1,Somerset West and Taunton
1760479,2015520600693,297249.0,146326.0,-3.472247,51.20687,52,3,2,2,2015-12-27,1,13:20,609,E10000027,6,0,6,30,6,4,6,0,0,0,1,1,2,0,0,1,1,E01029330,2012400BA0872,1,1,1,2,79,11,3,0,0,0,0,0,9,2,Somerset West and Taunton
1760482,2015520600775,355440.0,129032.0,-2.637198,51.058888,52,3,1,1,2015-12-26,7,10:55,610,E10000027,3,37,6,60,3,4,6,0,0,0,1,1,2,0,0,2,1,E01029211,2012400BA0875,1,1,1,1,29,6,3,0,0,0,0,0,9,1,South Somerset
1760484,2015520600853,353359.0,117127.0,-2.665356,50.951677,52,3,1,1,2015-12-28,2,17:00,610,E10000027,6,0,6,30,0,-1,-1,0,0,1,4,4,2,0,0,1,1,E01029160,2012400BA0880,1,1,3,1,34,6,2,5,1,0,0,0,0,1,South Somerset
1760486,2015520600979,334244.0,115336.0,-2.937121,50.933706,52,3,2,2,2015-12-20,1,16:16,610,E10000027,3,358,1,60,1,4,3,303,0,0,1,1,2,0,0,2,1,E01029208,2012400BA0888,2,1,1,1,16,4,3,0,0,0,0,0,2,2,South Somerset
1760487,2015520600988,346950.0,110727.0,-2.755654,50.893576,52,2,2,4,2015-12-30,4,16:03,610,E10000027,6,0,6,30,0,-1,-1,0,0,0,1,2,2,0,0,2,1,E01029213,2012400BA0889,1,1,1,1,61,9,2,0,0,0,0,0,4,-1,South Somerset
1760488,2015520601046,330948.0,141106.0,-2.988942,51.165014,52,1,1,2,2015-12-20,1,01:10,607,E10000027,3,38,9,50,1,4,6,0,0,0,7,1,1,0,0,2,1,E01029145,2012400BA0890,1,1,1,1,61,9,3,0,0,0,0,0,9,3,Sedgemoor
1760489,2015520601095,331210.0,117657.0,-2.980729,50.95422,52,3,2,1,2015-12-29,3,00:34,610,E10000027,6,0,6,60,0,-1,-1,0,0,0,6,1,2,0,0,2,1,E01029209,2012400BA0890,2,2,1,1,30,6,3,0,0,0,0,0,9,1,South Somerset
1760490,2015520601835,348203.0,118860.0,-2.738998,50.966818,52,3,2,3,2015-12-28,2,17:28,610,E10000027,3,3088,6,60,0,-1,-1,0,0,0,1,2,2,0,0,2,1,E01029214,2012400BA0893,1,1,3,2,18,4,3,5,2,0,0,0,0,1,South Somerset
1762208,2015521508514,353069.0,176962.0,-2.677337,51.489646,52,3,1,1,2015-12-20,1,14:06,601,E06000023,4,4054,6,20,0,-1,-1,0,0,0,1,1,1,0,0,1,2,E01014493,20124100A0641,2,1,1,2,38,7,3,0,0,0,0,0,9,1,Bristol
1762339,2015521509113,357844.0,175575.0,-2.608401,51.477553,52,3,2,1,2015-12-22,3,19:30,601,E06000023,4,4468,6,20,3,4,6,0,0,1,4,1,2,0,0,1,2,E01014667,20124100B0037,2,2,1,2,23,5,3,0,0,0,0,0,9,1,Bristol
1762344,2015521509137,358915.0,174620.0,-2.59287,51.469046,52,3,2,1,2015-12-23,4,16:14,601,E06000023,6,0,9,20,9,2,3,30,0,5,4,1,1,0,0,1,1,E01014487,20124100B0051,1,1,1,2,25,5,3,0,0,0,0,0,9,1,Bristol
1762348,2015521509161,377903.0,173730.0,-2.31946,51.462107,52,3,1,1,2015-12-24,5,09:55,612,E06000025,6,0,6,30,0,-1,-1,0,0,0,1,5,2,0,0,2,2,E01014869,20124100B0056,1,2,2,1,18,4,3,0,0,1,0,0,9,1,
1762351,2015521509188,358232.0,175939.0,-2.602858,51.480855,52,3,2,1,2015-12-25,6,00:15,601,E06000023,6,0,9,20,3,4,6,0,0,0,6,1,1,0,0,1,2,E01014666,20124100B0056,2,1,1,2,18,4,3,0,0,0,0,0,9,1,Bristol
1762362,2015521509239,371679.0,182503.0,-2.409755,51.540709,52,3,2,1,2015-12-30,4,09:30,612,E06000025,4,4060,1,30,1,4,4,4059,0,0,1,5,2,0,0,1,2,E01015017,20124100B0086,2,2,2,1,11,3,3,0,0,2,0,0,9,1,
1762374,2015521600061,359075.0,172628.0,-2.590335,51.451147,52,3,2,1,2015-12-20,1,19:45,601,E06000023,6,0,9,20,3,4,6,0,0,0,4,1,2,0,0,1,1,E01033355,20124100B0117,2,1,1,2,37,7,3,0,0,0,0,0,1,1,Bristol
1762383,2015521600175,360766.0,185218.0,-2.567406,51.564464,52,3,3,1,2015-12-27,1,11:57,612,E06000025,1,4,3,70,0,-1,-1,0,0,0,1,1,2,0,0,2,1,E01014963,20124100B0141,1,1,3,2,22,5,3,6,9,0,0,0,0,1,
1762386,2015521600199,360879.0,173361.0,-2.564457,51.457866,52,3,3,1,2015-12-23,4,18:00,601,E06000023,3,420,9,20,3,4,6,0,0,0,4,1,1,0,0,1,1,E01014653,20124100B0157,2,2,1,2,22,5,3,0,0,0,0,0,9,1,Bristol
1762387,2015521600204,351688.0,178075.0,-2.697379,51.499537,52,3,4,1,2015-12-24,5,17:54,601,E06000023,6,0,9,20,3,4,6,0,0,0,4,9,1,0,0,1,1,E01014496,20124100B0157,3,1,1,2,40,7,3,0,0,0,0,0,9,2,Bristol
1762388,2015521600210,360598.0,170914.0,-2.568228,51.435845,52,3,2,1,2015-12-22,3,12:35,601,E06000023,3,37,6,30,3,4,6,0,0,0,1,5,2,0,0,1,1,E01014648,20124100B0158,2,1,1,1,25,5,3,0,0,0,0,0,9,1,Bristol
1762407,2015521600308,364906.0,175915.0,-2.506753,51.481094,52,2,2,1,2015-12-24,5,06:10,612,E06000025,4,4465,6,30,6,2,3,4017,0,5,7,9,1,0,0,1,1,E01014977,20124100B0196,2,3,2,2,57,9,3,0,0,0,4,0,11,1,Bristol
1762409,2015521600320,357442.0,180831.0,-2.614825,51.524779,52,3,6,3,2015-12-22,3,19:24,612,E06000025,3,4018,1,40,1,4,6,0,0,0,4,1,2,0,0,1,1,E01014861,20124100B0197,2,1,1,2,22,5,3,0,0,0,0,0,9,1,
1762411,2015521600392,361755.0,164074.0,-2.550844,51.374425,52,3,2,2,2015-12-26,7,17:10,611,E06000022,3,37,9,30,0,-1,-1,0,0,0,4,2,2,0,0,2,1,E01014446,20124100B0202,1,1,1,1,53,8,2,0,0,0,0,0,9,1,Bristol
1762413,2015521600419,358306.0,181075.0,-2.602401,51.527038,52,3,2,2,2015-12-21,2,21:15,612,E06000025,6,0,1,30,1,4,6,0,0,0,4,1,2,0,0,1,1,E01014861,20124100B0207,1,1,1,2,36,7,3,0,0,0,0,0,3,1,
1762415,2015521600439,377143.0,158308.0,-2.329401,51.32341,52,3,2,1,2015-12-26,7,12:25,611,E06000022,4,3110,6,30,7,4,6,0,0,0,1,1,1,0,0,2,2,E01033078,20124100B0211,1,1,1,1,31,6,3,0,0,0,0,0,5,1,
1762418,2015521600493,359261.0,181421.0,-2.588676,51.530219,52,2,2,1,2015-12-24,5,20:33,612,E06000025,6,0,6,30,3,4,6,0,0,0,4,2,2,0,0,1,1,E01014951,20124100B0218,1,1,1,1,54,8,3,0,0,0,0,0,9,2,
1762419,2015521600505,347117.0,171172.0,-2.762188,51.437064,52,3,1,2,2015-12-22,3,03:05,605,E06000024,4,3130,6,30,0,-1,-1,0,0,0,6,2,2,0,0,1,1,E01014781,20124100B0232,1,1,1,2,37,7,3,0,0,0,0,0,9,3,
1762420,2015521600508,367577.0,154256.0,-2.466307,51.28651,52,2,1,3,2015-12-30,4,19:45,611,E06000022,3,367,6,30,3,4,6,0,0,1,4,5,2,0,0,1,1,E01014469,20124100B0232,2,2,1,1,52,8,3,0,0,0,0,0,9,1,
1762421,2015521600555,375780.0,178244.0,-2.35033,51.502607,52,3,2,1,2015-12-23,4,12:45,612,E06000025,3,46,1,60,1,2,1,4,0,0,1,1,2,0,0,2,1,E01014891,20124100B0232,3,3,1,1,26,6,3,0,0,0,0,0,9,-1,
1762423,2015521600566,367955.0,181415.0,-2.46335,51.530727,52,3,2,1,2015-12-26,7,20:55,612,E06000025,3,432,6,30,3,4,6,0,0,0,4,4,2,0,0,1,1,E01014995,20124100B0236,2,1,1,1,28,6,3,0,0,0,0,0,19,1,
1762426,2015521600585,374386.0,165547.0,-2.369489,51.388382,52,3,2,1,2015-12-21,2,17:50,611,E06000022,6,0,9,30,7,4,6,0,0,0,7,2,2,0,0,1,2,E01014413,20124100B0245,2,1,1,1,18,4,3,0,0,0,0,0,2,1,Bath
1762428,2015521600594,347704.0,170904.0,-2.753704,51.434709,52,3,2,1,2015-12-21,2,15:35,605,E06000024,6,0,6,30,0,-1,-1,0,0,4,1,1,1,0,0,1,1,E01014779,20124100B0252,1,1,1,2,19,4,3,0,0,0,0,0,9,1,
1762434,2015521600636,354704.0,167961.0,-2.652635,51.408853,52,3,3,2,2015-12-27,1,13:23,605,E06000024,3,38,6,60,3,4,6,0,0,0,1,2,2,0,0,2,1,E01014847,20124100B0264,1,1,3,2,19,4,3,5,1,0,0,0,0,-1,
1762435,2015521600664,360683.0,173731.0,-2.567319,51.461179,52,3,1,1,2015-12-30,4,21:30,601,E06000023,4,4465,6,20,0,-1,-1,0,0,0,4,1,2,0,0,1,1,E01014653,20124100B0266,2,1,1,2,21,5,3,0,0,0,0,0,9,1,Bristol
1762436,2015521600672,363465.0,188310.0,-2.528794,51.592446,52,3,2,1,2015-12-28,2,14:41,612,E06000025,4,4061,6,30,3,4,4,4461,0,0,1,1,1,0,0,2,1,E01014864,20124100B0267,1,1,1,2,24,5,3,0,0,0,0,0,9,1,
1762437,2015521600676,340157.0,158675.0,-2.860197,51.324014,52,3,2,1,2015-12-22,3,15:00,605,E06000024,3,371,6,30,0,-1,-1,0,0,0,1,2,2,0,0,2,1,E01032666,20124100B0267,2,2,1,1,67,10,3,0,0,0,0,0,9,1,Bristol
1762438,2015521600679,363007.0,175642.0,-2.534069,51.478518,52,3,1,1,2015-12-22,3,19:40,601,E06000023,3,432,6,20,0,-1,-1,0,0,0,4,2,2,0,0,1,1,E01014588,20124100B0273,1,1,1,1,48,8,2,0,0,0,0,0,5,1,Bristol
1762439,2015521600694,333531.0,159985.0,-2.955518,51.335054,52,3,2,1,2015-12-23,4,07:45,605,E06000024,6,0,6,20,3,4,6,0,0,0,4,1,1,0,0,1,1,E01014832,20124100B0273,2,2,1,2,82,11,3,0,0,0,0,0,9,1,
1762441,2015521600790,334518.0,162156.0,-2.941753,51.354687,52,3,1,1,2015-12-27,1,04:00,605,E06000024,6,0,6,30,6,2,6,0,0,5,4,2,2,0,2,1,1,E01014816,20124100B0276,2,2,1,1,26,6,3,0,0,0,0,0,9,1,
1762445,2015521600863,357712.0,176524.0,-2.610416,51.486076,52,3,2,1,2015-12-25,6,20:40,601,E06000023,4,4056,6,30,3,4,6,0,0,0,4,2,2,0,0,1,1,E01014618,20124100B0293,1,1,1,1,45,7,3,0,0,0,0,0,9,1,Bristol
1762446,2015521600909,362608.0,180926.0,-2.540376,51.526,52,3,1,1,2015-12-21,2,12:55,612,E06000025,6,0,6,30,3,4,6,0,0,0,1,5,2,0,0,1,1,E01014883,20124100B0293,2,2,2,2,59,9,3,0,0,1,0,0,9,1,Bristol
1762447,2015521600915,360163.0,186862.0,-2.576292,51.579203,52,3,2,1,2015-12-29,3,08:50,612,E06000025,6,0,6,30,6,4,6,0,0,0,1,1,1,0,0,2,1,E01014963,20124100B0293,2,3,2,1,71,10,3,0,0,1,0,0,9,1,Bristol
1762448,2015521600918,358627.0,177752.0,-2.597383,51.497185,52,2,2,1,2015-12-27,1,20:30,601,E06000023,6,0,6,20,6,2,4,4056,0,5,4,2,2,0,0,1,1,E01014633,20124100B0293,2,4,2,2,34,6,3,0,0,2,0,0,9,1,Bristol
1762449,2015521601026,341000.0,168982.0,-2.849815,51.416769,52,3,1,1,2015-12-26,7,08:02,605,E06000024,1,5,3,70,0,-1,-1,0,0,0,6,1,2,0,0,2,1,E01014858,20124100B0293,2,5,2,2,28,6,3,0,0,2,0,0,9,1,
1762450,2015521601028,364065.0,175209.0,-2.518791,51.474693,52,3,1,2,2015-12-28,2,17:39,601,E06000023,6,0,6,30,3,4,6,0,0,0,4,1,1,0,-1,1,1,E01014629,20124100B0294,1,1,3,2,47,8,3,6,9,0,0,0,0,1,Bristol
1762451,2015521601053,360812.0,173370.0,-2.565422,51.457942,52,3,2,1,2015-12-26,7,18:00,601,E06000023,3,420,6,30,0,-1,-1,0,0,4,4,1,2,0,0,1,1,E01014653,20124100B0299,1,1,1,1,30,6,3,0,0,0,0,0,19,-1,Bristol
1762454,2015521601234,331954.0,161237.0,-2.978392,51.346123,52,3,2,1,2015-12-27,1,14:20,605,E06000024,3,370,6,30,3,2,6,0,0,5,1,1,1,0,0,1,1,E01014801,20124100B0304,2,1,1,1,46,8,3,0,0,0,0,0,90,1,
1762455,2015521601334,362567.0,170595.0,-2.539869,51.433111,52,3,1,2,2015-12-24,5,14:15,601,E06000023,6,0,6,30,3,4,6,0,0,0,1,2,2,0,0,1,1,E01014526,20124100B0305,2,1,1,1,54,8,3,0,0,0,0,0,9,1,Bristol
1762488,2015530036461,390775.0,218930.0,-2.135387,51.868868,53,2,2,6,2015-12-20,1,12:54,625,E10000013,5,219,6,50,0,-1,-1,0,0,0,1,1,1,0,0,2,1,E01022420,20124100B0367,1,2,2,1,-1,-1,3,0,0,1,0,0,9,1,
1762494,2015530037253,420352.0,225561.0,-1.705432,51.928196,53,1,2,2,2015-12-26,7,14:25,621,E10000013,3,436,6,60,0,-1,-1,0,0,0,1,4,1,5,0,2,1,E01022178,20124100B0383,1,1,1,1,65,9,3,0,0,0,0,0,9,1,Cotswold
1762495,2015530037278,403900.0,197169.0,-1.945,51.673279,53,3,2,1,2015-12-21,2,17:40,621,E10000013,5,180,6,60,6,4,5,179,0,0,6,2,2,0,0,2,1,E01022224,20124100B0386,2,1,1,2,45,7,3,0,0,0,0,0,9,1,Cotswold
1762496,2015530037282,387058.0,216059.0,-2.189263,51.84298,53,3,2,1,2015-12-25,6,09:51,624,E10000013,1,5,3,70,0,-1,-1,0,0,0,1,2,2,0,0,2,1,E01022412,20124100B0388,1,1,1,1,26,6,3,0,0,0,0,0,3,1,
1762497,2015530037290,368224.0,209032.0,-2.461992,51.779045,53,2,2,3,2015-12-25,6,14:00,622,E10000013,3,48,6,60,0,-1,-1,0,0,0,1,1,2,6,0,2,1,E01022228,20124100B0390,2,1,1,1,18,4,3,0,0,0,0,0,1,1,Forest of Dean
1762498,2015530037292,416033.0,232813.0,-1.767905,51.993537,53,2,3,1,2015-12-29,3,13:47,621,E10000013,3,44,6,60,0,-1,-1,0,0,0,1,1,1,0,0,2,1,E01022205,20124100B0394,1,1,1,2,19,4,3,0,0,0,0,0,9,1,Cotswold
1762499,2015530037299,366745.0,213651.0,-2.483873,51.820486,53,2,1,2,2015-12-28,2,00:09,622,E10000013,3,4151,6,30,0,-1,-1,0,0,0,6,1,2,0,0,2,1,E01022250,20124100B0395,1,1,3,1,21,5,3,5,1,0,0,0,0,1,Forest of Dean
1762506,2015530037458,402272.0,201388.0,-1.968517,51.711221,53,3,1,1,2015-12-23,4,19:10,621,E10000013,6,7051,6,30,3,4,5,181,0,0,4,1,2,0,0,1,1,E01022200,20124100B0407,2,1,1,2,31,6,3,0,0,0,0,0,1,1,Cotswold
1762507,2015530037486,357334.0,210610.0,-2.620027,51.792505,53,3,2,2,2015-12-21,2,19:19,622,E10000013,5,21,6,30,0,-1,-1,0,0,0,4,1,2,0,0,1,1,E01022241,20124100B0408,1,1,1,2,45,7,3,0,0,0,0,0,9,1,Forest of Dean
1762508,2015530037507,393512.0,223654.0,-2.095726,51.91138,53,3,2,2,2015-12-21,2,16:44,620,E10000013,3,4019,3,40,3,4,6,658,0,0,1,1,1,0,0,1,1,E01022157,20124100B0416,2,1,1,2,36,7,3,0,0,0,0,0,9,1,
1762509,2015530037536,394748.0,222892.0,-2.077746,51.904542,53,2,1,1,2015-12-30,4,19:50,620,E10000013,3,4019,6,30,3,4,6,468,0,5,4,2,2,0,0,1,1,E01022154,20124100B0419,2,1,1,1,10,2,3,0,0,0,0,0,1,1,
1762510,2015530037962,385065.0,205233.0,-2.217722,51.745594,53,3,2,1,2015-12-22,3,13:20,624,E10000013,6,0,9,20,0,-1,-1,0,0,0,1,1,2,0,0,1,2,E01022365,20124100B0420,1,1,1,1,43,7,3,0,0,0,0,0,9,2,
1762512,2015530038298,391427.0,231483.0,-2.126234,51.98174,53,3,2,2,2015-12-23,4,00:09,625,E10000013,1,5,3,70,0,-1,-1,0,0,0,6,2,2,0,0,2,1,E01032938,20124100B0429,1,1,3,2,2,1,3,1,1,0,0,0,0,-1,
1762513,2015530038301,394501.0,223253.0,-2.081342,51.907785,53,3,1,1,2015-12-27,1,13:00,620,E10000013,5,9047,6,30,3,4,5,9045,0,0,1,1,1,0,0,1,1,E01022152,20124100B0430,1,1,3,1,5,1,3,1,1,0,0,0,0,-1,
1762514,2015530038404,367333.0,201414.0,-2.474188,51.710501,53,3,2,3,2015-12-27,1,19:25,624,E10000013,4,4066,6,60,3,4,5,359,0,0,6,2,2,0,0,2,1,E01022351,20124100B0436,2,1,1,1,56,9,3,0,0,0,0,0,9,1,
1762517,2015530038593,385722.0,204903.0,-2.208192,51.742644,53,3,2,1,2015-12-28,2,14:40,624,E10000013,6,7505,6,30,8,-1,-1,-1,0,0,1,1,1,0,0,1,1,E01022410,20124100B0441,2,1,1,1,63,9,3,0,0,0,0,0,5,1,
1762518,2015530038631,382883.0,219033.0,-2.250012,51.869606,53,2,1,1,2015-12-28,2,16:20,623,E10000013,3,417,3,40,0,-1,-1,0,0,0,4,5,2,0,0,1,1,E01032932,20124100B0442,1,1,1,1,23,5,2,0,0,0,0,0,3,1,Gloucester
1762519,2015530038645,384174.0,216393.0,-2.23114,51.845908,53,2,3,2,2015-12-29,3,12:05,623,E10000013,3,38,6,40,0,-1,-1,0,0,0,1,1,1,0,0,1,1,E01022323,20124100B0448,1,1,1,1,18,4,3,0,0,0,0,0,9,2,Gloucester