,Accident_Index_x,Location_Easting_OSGR,Location_Northing_OSGR,Longitude,Latitude,Police_Force,Accident_Severity,Number_of_Vehicles,Number_of_Casualties,Date,Day_of_Week,Time,Local_Authority_(District),Local_Authority_(Highway),1st_Road_Class,1st_Road_Number,Road_Type,Speed_limit,Junction_Detail,Junction_Control,2nd_Road_Class,2nd_Road_Number,Pedestrian_Crossing-Human_Control,Pedestrian_Crossing-Physical_Facilities,Light_Conditions,Weather_Conditions,Road_Surface_Conditions,Special_Conditions_at_Site,Carriageway_Hazards,Urban_or_Rural_Area,Did_Police_Officer_Attend_Scene_of_Accident,LSOA_of_Accident_Location,Accident_Index_y,Vehicle_Reference,Casualty_Reference,Casualty_Class,Sex_of_Casualty,Age_of_Casualty,Age_Band_of_Casualty,Casualty_Severity,Pedestrian_Location,Pedestrian_Movement,Car_Passenger,Bus_or_Coach_Passenger,Pedestrian_Road_Maintenance_Worker,Casualty_Type,Casualty_Home_Area_Type,city
1762520,2015530039016,378383.0,220960.0,-2.31549,51.886774,53,3,2,3,2015-12-30,4,16:09,625,E10000013,4,4215,6,50,0,-1,-1,0,0,0,1,5,2,0,2,2,1,E01022444,20124100B0448,1,2,2,1,21,5,3,0,0,2,0,0,9,2,
1762525,2015530040933,388304.0,236665.0,-2.171884,52.028272,53,3,2,1,2015-12-29,3,11:45,625,E10000013,6,280,6,50,0,-1,-1,0,0,0,1,1,1,0,0,2,2,E01022462,20124100B0455,2,1,1,1,50,8,3,0,0,0,0,0,1,3,Malvern Hills
1762526,2015530040978,385804.0,204356.0,-2.206982,51.737728,53,2,2,1,2015-12-27,1,23:15,624,E10000013,3,419,6,40,6,2,6,7505,0,5,4,1,2,0,0,1,1,E01022410,20124100B0457,2,1,2,2,38,7,2,0,0,2,0,0,90,-1,
1762528,2015530041400,375268.0,233282.0,-2.361639,51.997426,53,3,1,2,2015-12-29,3,08:30,622,E10000013,1,50,7,60,5,4,3,417,0,0,1,1,1,0,0,2,2,E01022233,20124100B0462,1,3,2,1,3,1,3,0,0,1,0,0,9,1,Forest of Dean
1764834,201554B426815,387715.0,128796.0,-2.176667,51.05837,54,3,1,1,2015-12-20,1,23:41,635,E06000054,3,350,6,60,0,-1,-1,0,0,0,6,1,2,0,7,2,1,E01032010,20124100K0232,1,1,1,1,62,9,2,0,0,0,0,0,9,1,
1764835,201554B431715,405717.0,182837.0,-1.918954,51.544401,54,2,2,1,2015-12-21,2,09:16,635,E06000054,5,122,6,60,0,-1,-1,0,0,0,1,1,1,0,0,2,1,E01031968,20124100K0232,2,2,1,2,58,9,3,0,0,0,0,0,9,1,
1764836,201554B432715,395614.0,170611.0,-2.064485,51.434481,54,3,2,2,2015-12-21,2,08:57,635,E06000054,3,342,6,40,0,-1,-1,0,0,0,1,1,1,0,0,2,1,E01031891,20124100K0235,1,1,1,1,14,3,3,0,0,0,0,0,1,1,
1764837,201554B433615,402709.0,163086.0,-1.962474,51.366831,54,3,3,3,2015-12-21,2,09:45,635,E06000054,5,8,6,50,8,4,6,0,0,0,1,1,1,0,0,2,1,E01031844,20124100K0236,2,1,1,2,65,9,3,0,0,0,0,0,9,1,
1764838,201554B452215,406965.0,184176.0,-1.900931,51.556426,54,3,4,5,2015-12-21,2,16:05,635,E06000054,4,4042,6,60,0,-1,-1,0,0,0,6,2,2,4,0,2,1,E01031965,20124100K0242,1,1,1,2,78,11,3,0,0,0,0,0,9,1,
1764839,201554B453115,415475.0,183762.0,-1.778202,51.552536,54,3,2,1,2015-12-21,2,16:56,633,E06000030,3,4289,6,30,3,4,6,0,0,4,4,1,2,0,0,1,1,E01015532,20124100K0249,2,1,1,2,25,5,3,0,0,0,0,0,9,1,
1764840,201554B468915,386163.0,159636.0,-2.200011,51.335644,54,3,2,1,2015-12-21,2,17:30,635,E06000054,6,0,1,30,1,4,4,3106,0,0,4,2,2,0,0,1,2,E01032079,20124100K0249,3,2,1,2,23,5,3,0,0,0,0,0,9,1,
1764841,201554B487615,382176.0,156795.0,-2.257099,51.309987,54,3,2,1,2015-12-22,3,20:44,635,E06000054,4,3109,6,40,3,4,6,0,0,0,4,2,2,0,0,2,1,E01032083,20124100K0261,2,1,1,2,21,5,3,0,0,0,0,0,9,1,
1764842,201554B501115,418481.0,143221.0,-1.736943,51.187919,54,3,2,2,2015-12-23,4,10:00,635,E06000054,5,11,6,30,8,4,6,0,0,0,1,1,1,0,0,2,1,E01031988,20124100K0267,2,1,1,2,19,4,3,0,0,0,0,0,9,1,
1764843,201554B515315,418618.0,186472.0,-1.732729,51.576808,54,3,2,1,2015-12-23,4,18:07,633,E06000030,6,0,1,30,1,4,3,420,0,7,4,1,2,0,0,2,1,E01015551,20124100K0270,1,1,1,1,54,8,3,0,0,0,0,0,5,1,
1764845,201554B517615,416808.0,191078.0,-1.758629,51.618279,54,3,2,1,2015-12-23,4,19:28,633,E06000030,4,4019,6,60,8,4,6,0,0,0,6,4,2,0,0,2,1,E01015474,20124100K0272,2,1,1,1,62,9,3,0,0,0,0,0,9,1,
1764846,201554B520815,416849.0,184540.0,-1.758348,51.559493,54,3,3,1,2015-12-24,5,03:00,633,E06000030,6,0,6,30,2,4,6,0,0,0,4,1,2,0,0,1,1,E01015573,20124100K0277,1,1,2,2,31,6,3,0,0,1,0,0,9,3,
1764847,201554B533215,384442.0,156787.0,-2.224589,51.309982,54,3,1,1,2015-12-24,5,14:40,635,E06000054,6,0,6,30,0,-1,-1,0,0,0,1,8,1,0,0,1,1,E01032096,20124100K0278,1,1,3,2,32,6,3,5,2,0,0,0,0,1,
1764848,201554B534215,411388.0,155844.0,-1.838036,51.301607,54,3,1,1,2015-12-24,5,14:54,635,E06000054,3,342,6,50,0,-1,-1,0,0,0,1,2,2,0,0,2,1,E01031882,20124100K0282,1,1,3,1,46,8,3,9,7,0,0,0,0,1,
1764849,201554B535015,383075.0,154836.0,-2.244108,51.2924,54,3,2,1,2015-12-24,5,15:44,635,E06000054,3,361,6,60,8,4,6,0,0,0,1,1,1,0,0,2,1,E01032083,20124100K0285,1,1,3,2,13,3,3,5,3,0,0,0,0,1,
1764850,201554B535315,419845.0,126528.0,-1.718339,51.037771,54,3,1,1,2015-12-24,5,15:24,635,E06000054,3,36,7,70,5,4,3,36,0,0,1,1,1,0,0,2,1,E01031971,20124100K0287,1,1,3,1,44,7,2,10,9,0,0,0,0,-1,
1764851,201554B537115,415621.0,185639.0,-1.776013,51.569409,54,3,2,1,2015-12-24,5,18:35,633,E06000030,5,416,6,30,1,4,3,4311,0,4,4,2,2,0,0,1,1,E01015510,20124100K0288,1,1,1,2,45,7,3,0,0,0,0,0,9,1,
1764852,201554B551215,417627.0,185672.0,-1.747069,51.569647,54,3,2,2,2015-12-25,6,20:40,633,E06000030,4,4006,1,40,2,4,6,0,0,0,4,1,2,0,0,1,1,E01015550,20124100K0288,2,2,1,2,35,6,3,0,0,0,0,0,9,1,
1764853,201554B552115,419611.0,126360.0,-1.721685,51.036269,54,3,3,1,2015-12-25,6,23:59,635,E06000054,5,324,6,30,0,-1,-1,0,0,0,4,1,1,0,0,2,1,E01031970,20124100K0289,2,1,1,1,43,7,3,0,0,0,0,0,9,1,
1764854,201554B554215,415505.0,185041.0,-1.777713,51.564036,54,3,2,1,2015-12-26,7,05:40,633,E06000030,6,0,6,30,0,-1,-1,0,0,0,4,1,2,0,0,1,1,E01015475,20124100K0291,2,1,1,2,22,5,3,0,0,0,0,0,9,1,
1764855,201554B561515,412362.0,192251.0,-1.822803,51.62894,54,3,3,2,2015-12-26,7,12:41,635,E06000054,3,419,3,70,0,-1,-1,0,0,0,1,1,1,0,0,2,1,E01031934,20124100K0295,1,1,3,2,70,10,3,5,3,0,0,0,0,1,
1764856,201554B569215,391858.0,173171.0,-2.118576,51.457457,54,3,1,1,2015-12-26,7,22:20,635,E06000054,3,4,6,30,3,2,6,0,0,5,4,1,2,0,0,2,1,E01031912,20124100K0298,2,1,1,1,75,10,3,0,0,0,0,0,90,1,
1764857,201554B581315,392786.0,175184.0,-2.105262,51.475569,54,3,1,1,2015-12-27,1,18:29,635,E06000054,4,4069,6,50,0,-1,-1,0,0,0,6,1,2,7,0,2,1,E01031891,20124100K0307,1,1,3,1,45,7,3,10,9,0,0,-1,0,1,
1764858,201554B591515,412175.0,132396.0,-1.827535,51.090749,54,3,2,1,2015-12-28,2,11:00,635,E06000054,3,360,1,40,1,4,6,0,0,0,1,1,1,0,0,1,2,E01031980,20124100K0311,2,1,1,1,24,5,3,0,0,0,0,0,3,1,Salisbury
1764859,201554B600915,388754.0,133219.0,-2.161981,51.098164,54,3,2,1,2015-12-28,2,18:26,635,E06000054,3,350,6,60,3,2,4,3089,0,0,4,1,1,0,0,2,1,E01032010,20124100K0314,2,1,1,1,39,7,3,0,0,0,0,0,9,1,
1764860,201554B620415,424587.0,148756.0,-1.649198,51.23746,54,2,2,1,2015-12-29,3,11:05,635,E06000054,5,389,6,60,0,-1,-1,0,0,0,1,1,2,0,0,2,1,E01031878,20124100K0315,1,2,1,1,20,4,3,0,0,0,0,0,19,1,
1764861,201554B625615,415087.0,130626.0,-1.786029,51.074765,54,3,2,1,2015-12-27,1,10:20,635,E06000054,3,30,6,30,1,2,3,36,0,5,1,1,2,0,0,1,2,E01032014,20124100K0315,2,1,1,2,48,8,3,0,0,0,0,0,9,1,Salisbury
1764862,201554B640715,388005.0,178997.0,-2.174231,51.509772,54,2,4,2,2015-12-29,3,21:18,635,E06000054,1,4,3,70,0,-1,-1,0,0,0,6,4,2,0,0,2,1,E01031951,20124100K0316,1,1,1,1,51,8,3,0,0,0,0,0,9,1,
1764863,201554B642315,385721.0,161096.0,-2.206414,51.348761,54,3,1,1,2015-12-30,4,07:06,635,E06000054,4,3106,6,40,0,-1,-1,0,0,0,6,4,1,0,0,2,1,E01032058,20124100K0316,2,2,1,1,52,8,3,0,0,0,0,0,9,1,
1764864,201554B642415,412538.0,187773.0,-1.820419,51.588673,54,3,2,1,2015-12-30,4,07:18,633,E06000030,4,4534,1,30,2,4,6,0,0,0,4,4,2,0,0,1,1,E01015525,20124100K0319,3,1,1,2,78,11,3,0,0,0,0,0,9,1,
1764867,201554Z162515,414301.0,130944.0,-1.797236,51.077644,54,3,2,1,2015-12-28,2,20:33,635,E06000054,3,345,6,30,3,4,6,0,0,0,4,2,2,0,0,1,1,E01032020,20124100K0329,1,1,1,1,58,9,2,0,0,0,0,0,90,1,Salisbury
1764868,201554Z506815,397646.0,161259.0,-2.035188,51.350404,54,2,2,3,2015-12-23,4,15:33,635,E06000054,3,361,3,70,3,4,4,3101,0,0,1,1,2,0,0,2,1,E01031872,20124100K0333,2,1,1,1,38,7,3,0,0,0,0,0,9,1,
1765810,2015551501626,401146.0,93938.0,-1.985123,50.745047,55,2,1,1,2015-12-20,1,12:16,643,E06000029,3,349,6,40,0,-1,-1,0,0,0,1,1,1,0,0,1,1,E01015421,201242I025301,1,1,1,2,32,6,3,0,0,0,0,0,19,1,
1765814,2015551501637,410027.0,93025.0,-1.859275,50.736753,55,3,2,1,2015-12-22,3,08:53,640,E06000028,3,3049,6,30,3,4,6,0,0,0,1,4,2,0,0,1,1,E01015330,201242I025701,1,1,3,1,24,5,2,8,1,0,0,2,0,-1,
1765817,2015551501640,408790.0,93558.0,-1.876792,50.741566,55,3,1,1,2015-12-22,3,15:50,640,E06000028,6,0,6,30,0,-1,-1,0,0,0,4,5,2,0,0,1,1,E01015375,201242I026001,1,1,1,2,24,5,3,0,0,0,0,0,9,1,
1765818,2015551501641,413020.0,92792.0,-1.81687,50.734599,55,3,2,1,2015-12-22,3,19:56,640,E06000028,3,35,6,30,3,2,6,0,2,5,4,5,2,0,0,1,1,E01015318,201242I026001,2,2,1,1,32,6,3,0,0,0,0,0,19,1,
1765822,2015551501647,367527.0,78621.0,-2.460255,50.606396,55,2,1,1,2015-12-23,4,11:05,646,E10000009,3,354,6,30,3,4,6,0,0,5,1,1,1,0,0,1,1,E01020582,201242I026501,2,2,1,2,20,4,3,0,0,0,0,0,9,1,
1765823,2015551501650,361440.0,90563.0,-2.547518,50.713411,55,3,3,1,2015-12-23,4,19:33,645,E10000009,3,35,6,60,0,-1,-1,0,0,0,4,1,2,0,0,2,1,E01020549,201242I026601,1,1,1,1,22,5,3,0,0,0,0,0,9,1,
1765824,2015551501651,368570.0,71401.0,-2.444904,50.541526,55,2,2,1,2015-12-23,4,21:19,646,E10000009,5,927,6,30,9,4,6,0,0,0,4,4,1,0,0,2,1,E01020565,201242I026701,1,1,1,1,34,6,3,0,0,0,0,0,9,3,
1765826,2015551501654,402164.0,102776.0,-1.970645,50.82452,55,1,2,2,2015-12-24,5,05:35,647,E10000009,5,24,6,60,0,-1,-1,0,0,0,6,9,1,0,3,2,1,E01020398,201242I026901,1,1,1,1,88,11,3,0,0,0,0,0,9,1,
1765827,2015551501655,407695.0,101008.0,-1.892157,50.808576,55,3,3,2,2015-12-24,5,15:16,647,E10000009,6,0,6,30,6,2,4,3072,0,5,1,1,2,0,0,1,1,E01020390,201242I027001,1,1,1,1,51,8,3,0,0,0,0,0,9,2,
1765831,2015551501664,399996.0,79414.0,-2.001417,50.614437,55,3,1,1,2015-12-26,7,18:44,644,E10000009,3,351,6,30,3,4,6,0,0,0,6,1,2,0,0,2,1,E01020468,201242I027401,2,1,1,1,47,8,3,0,0,0,0,0,9,1,
1765832,2015551501665,408391.0,94916.0,-1.882416,50.753783,55,3,2,1,2015-12-21,2,12:31,640,E06000028,3,347,6,30,3,4,6,0,0,0,1,5,2,0,0,1,1,E01015323,201242I027501,2,1,1,1,48,8,3,0,0,0,0,0,9,1,
1765833,2015551501671,407934.0,91444.0,-1.888968,50.722567,55,3,2,1,2015-12-27,1,16:58,640,E06000028,3,338,1,40,1,4,4,3066,0,0,4,1,1,0,0,1,1,E01033242,201242I027601,1,1,3,1,23,5,2,1,1,0,0,2,0,-1,
1765834,2015551501674,408353.0,93488.0,-1.882986,50.740942,55,3,2,2,2015-12-28,2,10:28,640,E06000028,3,3049,6,30,0,-1,-1,0,0,0,1,1,1,0,0,1,1,E01015348,201242I027701,1,1,1,1,50,8,2,0,0,0,0,0,1,1,
1765835,2015551501676,399547.0,98627.0,-2.007793,50.787214,55,2,2,1,2015-12-20,1,12:29,647,E10000009,5,5,6,30,0,-1,-1,0,0,0,1,1,2,0,0,1,1,E01020386,201242I027801,1,1,2,2,77,11,3,0,0,2,0,0,9,1,
1765837,2015551501685,409639.0,93037.0,-1.864773,50.736867,55,3,2,3,2015-12-24,5,00:56,640,E06000028,5,321,6,30,6,2,3,3049,2,5,4,1,1,0,0,1,1,E01015331,201242I027801,2,3,2,2,18,4,3,0,0,1,0,0,9,1,
1765839,2015551501689,410219.0,92400.0,-1.856571,50.731129,55,3,2,1,2015-12-21,2,10:31,640,E06000028,3,338,3,50,0,-1,-1,0,0,0,1,2,2,0,0,1,1,E01015327,201242I027901,2,2,2,1,69,10,3,0,0,1,0,0,9,1,
1765841,2015551501691,372544.0,92963.0,-2.390428,50.735625,55,3,2,2,2015-12-28,2,12:36,645,E10000009,3,35,3,70,9,4,6,0,0,0,1,1,1,0,0,2,1,E01020509,201242I028001,2,1,1,1,38,7,3,0,0,0,0,0,9,1,
1765842,2015551501693,402078.0,96961.0,-1.971897,50.772229,55,3,1,1,2015-12-30,4,08:58,643,E06000029,6,0,6,30,0,-1,-1,0,0,0,1,4,1,0,2,2,1,E01015434,201242I028001,2,2,2,1,60,9,3,0,0,1,0,0,9,1,
1765846,2015551600004,408369.0,91104.0,-1.882813,50.719504,55,3,2,2,2015-12-30,4,16:18,640,E06000028,6,0,6,30,0,-1,-1,0,0,0,4,6,2,0,0,1,1,E01015367,201242I028101,2,2,1,1,36,7,3,0,0,0,0,0,9,1,
1765847,2015551600017,399545.0,80085.0,-2.007793,50.620471,55,1,2,1,2015-12-29,3,02:21,644,E10000009,3,351,6,30,0,-1,-1,0,0,0,6,1,1,0,0,2,1,E01020468,201242I028201,2,1,1,1,34,6,3,0,0,0,0,0,2,-1,
1765848,2015551600028,366825.0,77797.0,-2.470101,50.598946,55,3,2,1,2015-12-30,4,13:24,646,E10000009,3,354,6,30,3,4,6,0,0,0,1,5,2,0,0,1,2,E01020583,201242I028301,2,1,1,2,51,8,3,0,0,0,0,0,9,1,
1765851,2015551600057,414732.0,92084.0,-1.792639,50.728191,55,3,2,2,2015-12-24,5,11:35,640,E06000028,6,0,6,30,3,4,5,309,0,0,1,1,1,0,0,1,2,E01015299,201242I028502,1,2,2,2,40,7,3,0,0,1,0,0,9,1,
1765861,2015551600104,406025.0,91946.0,-1.916003,50.727104,55,3,2,1,2015-12-23,4,14:27,643,E06000029,6,0,6,30,0,-1,-1,0,0,0,1,1,1,0,0,1,1,E01015386,201242I029201,4,2,2,1,59,9,2,0,0,1,0,0,9,-1,
1765863,2015551600112,411071.0,93784.0,-1.844458,50.743559,55,3,2,2,2015-12-24,5,23:40,640,E06000028,6,0,6,30,3,4,6,0,0,0,4,1,1,0,0,1,1,E01015342,201242I029201,4,4,2,1,28,6,3,0,0,2,0,0,9,1,
1765875,2015551600131,418022.0,93947.0,-1.745936,50.744852,55,3,1,1,2015-12-28,2,14:14,641,E10000009,3,35,3,70,0,-1,-1,0,0,0,1,1,2,0,0,1,1,E01020347,201242I030302,2,1,1,1,19,4,2,0,0,0,0,0,3,1,
1765879,2015551600150,409288.0,91414.0,-1.869787,50.722278,55,3,2,1,2015-12-24,5,13:18,640,E06000028,5,320,6,30,0,-1,-1,0,0,0,1,1,1,0,0,1,1,E01015285,201242I030702,2,1,1,2,44,7,3,0,0,0,0,0,9,1,
1765880,2015551600161,402956.0,91503.0,-1.959488,50.723143,55,3,2,1,2015-12-22,3,15:21,643,E06000029,3,35,6,30,1,2,6,0,0,4,1,1,1,0,0,1,2,E01015452,201242I030802,1,1,1,2,26,6,3,0,0,0,0,0,9,1,
1765888,2015551600188,357454.0,91352.0,-2.604063,50.720226,55,1,2,5,2015-12-20,1,18:32,645,E10000009,3,35,6,60,0,-1,-1,0,0,0,6,2,2,0,0,2,1,E01020512,201242I031202,1,1,1,1,21,5,3,0,0,0,0,0,9,1,
1765893,2015551600254,380811.0,118349.0,-2.274621,50.964239,55,3,1,1,2015-12-30,4,12:27,642,E10000009,5,14,6,60,0,-1,-1,0,0,0,1,2,2,0,0,2,1,E01020449,201242I031602,2,1,1,1,16,4,3,0,0,0,0,0,1,1,
1765899,2015551600265,401552.0,93859.0,-1.979369,50.744335,55,3,2,2,2015-12-30,4,11:04,643,E06000029,6,0,6,30,3,2,6,0,0,0,4,1,1,0,0,1,1,E01015416,201242I032402,1,1,1,2,17,4,3,0,0,0,0,0,9,1,
1765904,2015551600296,388666.0,105707.0,-2.162371,50.850768,55,2,2,1,2015-12-23,4,08:50,642,E10000009,5,31,6,30,0,-1,-1,0,0,0,1,1,2,0,0,1,1,E01020452,201242I032802,2,1,1,1,41,7,3,0,0,0,0,0,9,1,
1765913,2015551600352,411334.0,94633.0,-1.840705,50.751189,55,3,2,1,2015-12-23,4,10:20,640,E06000028,3,3060,1,30,1,2,6,0,0,0,1,1,1,0,0,1,2,E01015339,201242I033302,2,1,1,1,35,6,3,0,0,0,0,0,9,1,
1766776,201560S017951,272878.0,317798.0,-3.884526,52.742814,60,3,2,1,2015-12-30,4,14:20,722,W06000002,6,0,2,30,9,4,6,0,0,0,1,2,2,0,0,2,2,W01000067,201242I102204,2,7,2,2,-1,-1,3,0,0,2,0,0,90,1,
1767948,201560S193822,268621.0,340146.0,-3.956555,52.942574,60,3,1,1,2015-12-20,1,08:52,722,W06000002,3,487,6,60,0,-1,-1,0,0,0,1,2,2,0,0,2,1,W01000114,201242I194906,1,1,1,2,17,4,2,0,0,0,0,0,9,1,
1767949,201560S193895,276290.0,358136.0,-3.849399,53.106028,60,2,1,1,2015-12-20,1,12:30,721,W06000003,6,0,6,60,0,-1,-1,0,0,0,1,1,2,7,2,2,1,W01000121,201242I194906,2,2,1,2,57,9,2,0,0,0,0,0,9,1,
1767951,201560S193916,318878.0,375508.0,-3.217846,53.270332,60,3,2,1,2015-12-20,1,13:23,724,W06000005,6,0,6,30,0,-1,-1,0,0,0,1,1,1,0,0,1,1,W01000304,201242I195106,2,1,1,2,31,6,3,0,0,0,0,0,9,3,
1767952,201560S194044,327795.0,363360.0,-3.081413,53.162446,60,3,2,1,2015-12-20,1,17:30,724,W06000005,6,0,6,30,8,4,6,0,0,0,4,2,2,0,0,1,2,W01000262,201242I195306,2,1,1,1,62,9,3,0,0,0,0,0,9,1,
1767954,201560S194621,332795.0,349698.0,-3.003779,53.040313,60,3,2,1,2015-12-21,2,19:50,725,W06000006,6,0,6,30,6,3,6,0,0,0,4,1,1,0,0,2,1,W01000402,201242I195406,2,1,2,1,7,2,3,0,0,1,0,0,9,1,
1767955,201560S194866,327979.0,364032.0,-3.078813,53.16851,60,2,1,1,2015-12-22,3,12:00,724,W06000005,6,0,6,30,0,-1,-1,0,0,0,1,2,2,0,0,1,1,W01000266,201242I195406,2,2,1,1,46,8,3,0,0,0,0,0,9,1,
1767956,201560S194974,297181.0,339190.0,-3.531427,52.940221,60,3,1,1,2015-12-22,3,16:04,722,W06000002,3,494,6,60,0,-1,-1,0,0,0,6,1,2,0,0,2,1,W01000082,201242I195506,2,1,1,2,18,4,3,0,0,0,0,0,9,1,
1767957,201560S194993,333320.0,350402.0,-2.996096,53.046706,60,3,1,1,2015-12-22,3,14:30,725,W06000006,6,0,6,30,3,4,6,0,0,0,1,1,2,0,0,1,2,W01000372,201242I195606,2,1,1,1,17,4,3,0,0,0,0,0,1,1,
1767958,201560S194995,248875.0,355286.0,-4.25726,53.073365,60,3,2,1,2015-12-22,3,15:45,722,W06000002,6,0,6,60,0,-1,-1,0,0,0,1,1,2,0,0,2,1,W01000112,201242I195706,1,1,2,2,-1,-1,3,0,0,1,0,0,9,-1,
1767959,201560S195023,330162.0,358517.0,-3.04496,53.119236,60,2,2,2,2015-12-22,3,17:32,724,W06000005,6,0,6,30,3,4,6,0,0,0,4,8,2,0,0,2,1,W01000307,201242I195806,2,1,1,2,31,6,3,0,0,0,0,0,1,1,
1767960,201560S195302,333848.0,350433.0,-2.988228,53.04705,60,3,1,1,2015-12-23,4,15:30,725,W06000006,3,5152,3,30,1,4,6,0,0,8,1,1,2,0,0,1,2,W01001931,201242I195906,2,1,1,2,9,2,3,0,0,0,0,0,1,1,
1767961,201560S195331,301377.0,381040.0,-3.481897,53.317072,60,3,2,2,2015-12-23,4,10:00,723,W06000004,3,525,6,30,6,2,6,0,0,5,1,1,2,0,0,1,1,W01000236,201242I196006,2,1,1,2,52,8,3,0,0,0,0,0,9,1,
1767962,201560S195344,297403.0,377281.0,-3.540312,53.28254,60,3,3,2,2015-12-23,4,10:34,721,W06000003,3,547,6,60,0,-1,-1,0,0,0,1,1,1,0,0,2,1,W01000184,201242I196106,1,1,1,2,60,9,3,0,0,0,0,0,9,3,
1767963,201560S195491,312365.0,358340.0,-3.310763,53.115014,60,3,1,1,2015-12-23,4,15:09,723,W06000004,6,0,6,30,8,4,6,0,0,0,1,1,1,0,0,2,1,W01000242,201242I196106,1,2,2,2,59,9,3,0,0,1,0,0,9,-1,
1767964,201560S195587,248416.0,362011.0,-4.267282,53.133639,60,2,1,1,2015-12-23,4,17:25,722,W06000002,6,0,6,30,0,-1,-1,0,0,0,4,2,2,0,0,2,1,W01000111,201242I196206,1,1,1,2,36,7,3,0,0,0,0,0,9,2,
1767965,201560S195872,294232.0,378496.0,-3.588259,53.292833,60,1,1,1,2015-12-24,5,07:30,721,W06000003,3,55,3,70,5,4,3,548,0,0,6,5,2,0,0,2,1,W01001928,201242I196206,1,2,2,1,1,1,3,0,0,2,0,0,9,2,
1767966,201560S195911,337663.0,351968.0,-2.931626,53.061306,60,3,2,1,2015-12-23,4,13:45,725,W06000006,3,534,1,50,1,4,6,0,0,0,1,1,1,0,0,2,2,W01000383,201242I196206,3,3,1,1,29,6,3,0,0,0,0,0,9,2,
1767967,201560S195934,306556.0,382695.0,-3.40467,53.332884,60,3,3,1,2015-12-24,5,10:54,723,W06000004,6,0,2,30,0,-1,-1,0,0,0,1,8,2,0,0,1,1,W01000213,201242I196307,1,1,1,1,42,7,3,0,0,0,0,0,1,1,
1767968,201560S196539,260409.0,370461.0,-4.091841,53.212822,60,3,1,1,2015-12-25,6,19:00,722,W06000002,6,0,6,30,3,4,6,0,0,0,4,5,2,0,0,2,1,W01000050,201242I196406,1,1,1,1,22,5,3,0,0,0,0,0,9,3,
1767969,201560S196636,323789.0,373726.0,-3.143797,53.255047,60,3,2,4,2015-12-25,6,23:53,724,W06000005,3,548,3,50,0,-1,-1,0,0,0,7,2,2,0,0,2,2,W01000290,201242I196505,2,1,1,1,26,6,3,0,0,0,0,0,9,1,
1767970,201560S197007,332212.0,351142.0,-3.012777,53.053217,60,3,1,1,2015-12-26,7,16:52,725,W06000006,3,483,3,70,5,4,6,0,0,0,6,2,2,0,0,1,1,W01000380,201242I196606,1,1,1,1,29,6,3,0,0,0,0,0,9,-1,
1767971,201560S197325,248859.0,352914.0,-4.256384,53.052055,60,2,1,2,2015-12-27,1,02:10,722,W06000002,4,4418,6,30,3,4,6,0,0,0,5,1,2,0,0,2,1,W01000112,201242I196705,2,1,1,1,64,9,3,0,0,0,0,0,9,1,
1767972,201560S197482,320625.0,366862.0,-3.1895,53.192896,60,2,2,1,2015-12-27,1,10:15,724,W06000005,6,0,6,30,3,4,3,541,0,0,1,1,2,0,0,2,1,W01000272,201242I196805,1,1,1,2,21,5,3,0,0,0,0,0,4,1,
1767973,201560S198194,333784.0,352348.0,-2.989577,53.064254,60,3,1,1,2015-12-28,2,18:59,725,W06000006,3,5152,6,30,0,-1,-1,0,0,0,4,1,1,0,0,1,1,W01000388,201242I196905,2,1,1,1,44,7,2,0,0,0,0,0,1,1,
1767974,201560S198847,329145.0,346712.0,-3.05755,53.013004,60,3,1,1,2015-12-30,4,22:40,725,W06000006,4,5097,6,30,0,-1,-1,0,0,0,4,2,2,0,0,1,1,W01000411,201242I197106,2,1,2,2,21,5,3,0,0,1,0,0,9,-1,
1767975,201560S199000,321275.0,366369.0,-3.179652,53.188562,60,3,2,1,2015-12-30,4,08:57,724,W06000005,3,541,6,60,9,4,4,5123,0,0,1,5,2,0,0,2,1,W01000272,201242I197207,1,1,1,2,24,5,3,0,0,0,0,0,9,1,
1767976,201560S199285,333128.0,351306.0,-2.999147,53.054807,60,3,1,1,2015-12-30,4,19:15,725,W06000006,4,5101,6,30,3,4,4,5425,0,0,4,2,2,0,0,1,1,W01000371,201242I197307,2,1,1,1,46,8,3,0,0,0,0,0,17,3,
1768618,2015610066215,317555.0,197598.0,-3.193602,51.671082,61,3,1,1,2015-12-21,2,16:18,731,W06000018,6,0,6,30,3,4,6,0,0,0,1,1,1,0,0,1,1,W01001351,201242I248708,2,1,2,2,35,6,3,0,0,1,0,0,9,1,
1768619,2015610066315,316306.0,211615.0,-3.215035,51.796897,61,3,2,1,2015-12-28,2,13:37,730,W06000019,3,4047,6,30,3,4,6,0,0,0,1,1,2,0,0,1,1,W01001442,201242I248708,2,2,2,1,2,1,3,0,0,2,0,0,9,1,